Keyword,Intent,Volume,Keyword Difficulty,CPC (USD),SERP Features
arbre a chat,Commercial,74000,42,0.28,"Image pack, Video, Related searches, Popular products"
arbre à chat,Commercial,14800,41,0.28,"Image pack, Video, Video carousel, People also ask, Related searches, Popular products"
arbres a chats gifi,"Navigational, Transactional",5400,39,0.29,"Sitelinks, Image pack, Video, People also ask, Related searches, Popular products"
arbre a chat maine coon,Informational,4400,15,0.32,"Image pack, Video, Video carousel, People also ask, Related searches, Popular products"
arbre a chat pas cher,Transactional,4400,42,0.38,"Image pack, Video, Local pack, Related searches"
arbre a chat bois,Commercial,3600,29,0.23,"Image pack, Video, Short videos, Related searches, Popular products"
arbre a chat design,"Informational, Transactional",3600,22,0.28,"Image pack, Video, Video carousel, People also ask, Popular products"
arbre a chat en bois,"Informational, Transactional",2900,31,0.23,"Image pack, Video, Video carousel, Related searches, Popular products"
arbre a chat gifi,Navigational,2900,34,0.29,"Sitelinks, Image pack, Video, People also ask, Related searches, Popular products"
arbre a chat mural,Informational,2900,26,0.28,"Image, Image pack, Video, Video carousel, Short videos, People also ask, Related searches, Popular products"
gifi arbre a chat,"Navigational, Transactional",2900,38,0.29,"Sitelinks, Image pack, Video, People also ask, Related searches, Popular products"
arbre a chat amazon,Transactional,2400,37,0.09,"Image, Image pack, People also ask, Popular products, Ads bottom"
arbre à chat en bois,Informational,2400,25,0.20,"Image pack, Video, Short videos, Related searches, Popular products"
arbre à chat pas cher,Transactional,2400,31,0.27,"Video, People also ask, Related searches, Popular products"
arbre a chat pour maine coon,Commercial,1900,9,0.32,"Image pack, Video, Video carousel, Related searches, Popular products"
arbre a chat xxl,Informational,1900,20,0.35,"Image pack, Video, Related searches, Popular products"
arbre chat,Commercial,1900,33,0.30,"Image pack, Video, Video carousel, Related searches, Popular products"
arbre pour chat,"Informational, Transactional",1900,39,0.28,"Image pack, Video, Short videos, People also ask, Related searches, Popular products"
arbre à chat action,"Informational, Transactional",1900,34,0.21,"Image pack, Video, Video carousel, Short videos, People also ask, Related searches"
arbre à chat bois,Informational,1900,28,0.24,"Image pack, Video, Related searches, Popular products, Ads bottom"
arbre à chat design,Informational,1900,26,0.27,"Image pack, Video, Video carousel, Related searches, Popular products"
arbre à chat xxl,Informational,1900,23,0.27,"Image pack, Video, People also ask, Related searches, Popular products"
amazon arbre a chat,"Navigational, Transactional",1600,34,0.08,"Related searches, Popular products"
arbre a chat exterieur,Informational,1600,25,0.18,"Image pack, Video, Video carousel, People also ask, Related searches, Popular products"
arbre chat pas chere,Commercial,1600,35,0.27,"Video, Related searches, Popular products"
griffoir à chat,Informational,1600,26,0.25,"Image pack, Video, Short videos, People also ask, Knowledge panel, Related searches, Popular products"
maison pour les chats,"Informational, Transactional",1600,18,0.20,"Video, Video carousel, People also ask, Related searches, Popular products"
petit arbre a chat,"Informational, Commercial",1600,27,0.18,"Image pack, Video, Related searches, Popular products"
arbre a chat action,"Informational, Transactional",1300,36,0.19,"Image pack, Video, Short videos, People also ask, Related searches, Popular products"
arbre a chat beige,Informational,1300,17,0.21,"Image pack, Video, Related searches, Popular products"
arbre a chat bois flotté,Informational,1300,11,0.32,"Image pack, Video, Video carousel, Short videos, Related searches, Popular products"
arbre a chat fleur,Informational,1300,8,0.31,"Image, Image pack, Video, People also ask, Related searches, Popular products"
arbre a chat maxi zoo,"Informational, Navigational",1300,21,0.10,"Sitelinks, Image pack, People also ask, Related searches, Popular products"
arbre chat bois,"Informational, Transactional",1300,19,0.24,"Image pack, Video, Related searches, Popular products"
arbre chat pas cher,Commercial,1300,32,0.30,"Video, Related searches, Popular products"
arbre à chat original,Informational,1300,40,0.24,"Image pack, Video, Video carousel, People also ask, Related searches"
arbre à chaton,Informational,1300,18,0.28,"Image, Image pack, Video, Video carousel, Short videos, People also ask, Related searches, Popular products"
arbres à chat,Commercial,1300,34,0.30,"Image pack, Video, Related searches, Popular products"
chat arbre,Informational,1300,35,0.30,"Image pack, Video, Video carousel, Short videos, People also ask, Related searches, Popular products"
amazon arbre à chat,"Navigational, Transactional",1000,35,0.19,"Image, Image pack, People also ask, Related searches"
arbre a chats,"Informational, Transactional",1000,35,0.25,"Image pack, Video, Related searches, Popular products"
arbre chat amazon,"Informational, Transactional",1000,34,0.09,"Image pack, Related searches, Popular products"
arbre à chat amazon,"Navigational, Transactional",1000,31,0.09,"Image, Image pack, People also ask, Related searches, Popular products"
arbre à chat leclerc,Informational,1000,28,0.44,"Image pack, Related searches, Popular products"
arbres a chats en bois,Informational,1000,29,0.23,"Image pack, Video, Video carousel, People also ask, Related searches, Popular products"
arbre a chat trixie,"Informational, Transactional",880,19,0.22,"Image pack, People also ask, Related searches"
arbre chat design,Informational,880,27,0.27,"Image pack, Video, Related searches, Popular products"
arbre à chaton pas cher,Commercial,880,33,0.30,"Image pack, Video, People also ask, Related searches"
arbre à chats,Commercial,880,36,0.27,"Image pack, Video, Video carousel, People also ask, Related searches"
arbres à chat originaux,Informational,880,31,0.24,"Image pack, Video, Video carousel, Related searches, Popular products"
grand arbre a chat,Commercial,880,22,0.27,"Image pack, Video, People also ask, Popular products"
action arbre a chat,"Navigational, Transactional",720,31,0.17,"Image pack, Video, Video carousel, Related searches, Popular products"
arbre a chat fait maison,Informational,720,27,0.20,"Image, Image pack, Video, Video carousel, People also ask, Related searches"
arbre a chat fleurs,Informational,720,22,0.21,"Image, Image pack, Video, People also ask, Related searches, Popular products"
arbre a chat geant,Informational,720,37,0.31,"Reviews, Image, Image pack, Video, Video carousel, Short videos, People also ask, Knowledge panel, Related searches"
arbre a chat lidl,"Informational, Transactional",720,30,0.12,"Image pack, Video, Related searches, Popular products"
arbre a chat pour exterieur,Commercial,720,19,0.18,"Image pack, Video, People also ask, Related searches, Popular products"
arbre chat leclerc,"Navigational, Transactional",720,28,0.32,"Sitelinks, Related searches, Popular products"
arbre à chat animalis,"Navigational, Transactional",720,19,0.35,"Sitelinks, Image pack, Related searches, Popular products"
arbre à chat en bois naturel,Informational,720,16,0.27,"Image, Image pack, Video, Video carousel, People also ask, Related searches, Popular products"
arbre à chat jardiland,"Navigational, Transactional",720,19,0.09,"Image pack, People also ask, Related searches, Popular products"
design arbre à chat,Informational,720,15,0.27,"Image pack, Video, Related searches, Popular products"
grand arbre à chat,Commercial,720,21,0.24,"Image pack, Video, Video carousel, Related searches, Popular products"
maine coon arbre à chat,"Informational, Commercial",720,19,0.28,"Image pack, Video, Video carousel, Short videos, People also ask, Related searches, Popular products"
maxi zoo arbre a chat,"Informational, Navigational",720,21,0.12,"Sitelinks, Image pack, People also ask, Related searches, Ads bottom"
abre a chat,"Informational, Commercial",590,31,0.25,"Image pack, Video, Related searches, Popular products"
amazon arbres a chats,"Navigational, Transactional",590,38,0.19,"Image pack, People also ask, Related searches"
animalis arbre à chat,"Navigational, Transactional",590,21,0.34,"Sitelinks, People also ask, Related searches"
arbre a chat cactus,Informational,590,22,0.28,"Image, Image pack, Video, People also ask, Related searches"
arbre a chat cdiscount,"Navigational, Transactional",590,22,0.55,"Image pack, Related searches, Popular products"
arbre a chat feandrea,"Informational, Commercial",590,22,0.23,"Image pack, Video, Short videos, People also ask, Related searches, Popular products"
arbre a chat grand,"Informational, Commercial",590,19,0.27,"Image pack, Video, Video carousel, Short videos, Related searches, Popular products"
arbre a chat main coon,"Informational, Commercial",590,12,0.38,"Image pack, Video, Related searches, Popular products"
arbre a chat maison,Informational,590,25,0.34,"Image, Image pack, Video, Video carousel, Related searches, Popular products"
arbre a chat moderne,Informational,590,30,0.31,"Image, Image pack, Video, Video carousel, Short videos, Related searches"
arbre a chat plafond,Informational,590,24,0.23,"Image pack, Video, People also ask, Related searches, Popular products"
arbre a chat sapin de noel,"Informational, Transactional",590,16,0.00,"Image, Image pack, Video, Video carousel, Short videos, People also ask, Related searches, Popular products"
arbre à chat bois naturel,Informational,590,23,0.27,"Image, Image pack, Video, Video carousel, People also ask, Related searches"
arbre à chats jardiland,Navigational,590,25,0.08,"People also ask, Related searches"
arbres a chat,Commercial,590,33,0.25,"Video, Related searches, Popular products"
corde arbre a chat,"Informational, Transactional",590,16,0.16,"Image, Image pack, Video, Video carousel, People also ask, Related searches, Popular products"
fabriquer un arbre a chat,Informational,590,27,0.11,"Reviews, Image, Image pack, Video, Video carousel, People also ask, Related searches"
griffoire chat,Informational,590,27,0.25,"Image pack, Video, People also ask, Related searches"
griffoirs,"Informational, Commercial",590,17,0.30,"Image, Video, Video carousel, Related searches"
jardiland arbre à chat,"Navigational, Transactional",590,25,0.10,"Image pack, People also ask, Related searches"
leclerc arbre à chat,"Informational, Transactional",590,30,0.32,"People also ask, Related searches, Popular products"
poteau arbre a chat,Commercial,590,13,0.20,"Image pack, Video, Related searches, Ads bottom"
zooplus arbre à chat,"Navigational, Transactional",590,27,0.26,"Sitelinks, Image pack, People also ask, Related searches, Popular products"
amazone arbre à chat,"Informational, Transactional",480,33,0.09,"Image pack, Related searches, Popular products"
arbre a chat au plafond,Informational,480,14,0.26,"Image pack, Video, Related searches"
arbre a chat diy,Informational,480,27,0.11,"Image, Image pack, Video, Video carousel, People also ask, Related searches"
arbre a chat haut,"Informational, Commercial",480,26,0.21,"Image pack, Video, People also ask, Related searches, Popular products, Ads bottom"
arbre a chat litiere,Informational,480,23,0.19,"Image pack, Video, Related searches, Popular products"
arbre a chat petit,"Informational, Transactional",480,25,0.18,"Image pack, Video, Video carousel, Related searches, Popular products"
arbre a chat poteau,Informational,480,12,0.20,"Image pack, Video, Video carousel, Related searches"
arbre a chat scandinave,Informational,480,12,0.26,"Image, Image pack, Video, People also ask, Related searches, Popular products"
arbre a chat soldes,Commercial,480,33,0.23,"Video, Related searches, Popular products"
arbre a chat zooplus,Navigational,480,27,0.27,"Sitelinks, Image pack, People also ask, Related searches"
arbre a chats en bois,Informational,480,19,0.27,"Image, Image pack, Video, People also ask"
arbre chat jardiland,"Navigational, Transactional",480,23,0.10,"Image pack, Related searches, Popular products"
arbre pour chat pas cher,Commercial,480,31,0.30,"Video, Related searches, Popular products"
arbre à chat avec litière,Informational,480,22,0.19,"Image pack, Video, People also ask, Related searches"
arbre à chat truffaut,"Navigational, Transactional",480,26,0.12,"Sitelinks, Image pack, People also ask, Related searches, Popular products"
arbre à chat xxl solide,Commercial,480,19,0.22,"Image pack, Video, People also ask, Related searches, Popular products"
arbre à chatons,Informational,480,21,0.00,"Featured snippet, Image, Image pack, Video, Video carousel, Short videos, People also ask, Related searches"
arbres a chat main coon,Commercial,480,12,0.34,"Image pack, Video, Video carousel, Short videos, Related searches, Popular products, Ads bottom"
arbres a chats,Commercial,480,29,0.30,"Image pack, Video, People also ask, Related searches"
arbres a chats amazon,"Navigational, Transactional",480,27,0.08,"Related searches, Popular products"
arbres à chat truffaut,Navigational,480,26,0.12,"Sitelinks, People also ask, Related searches, Popular products"
cdiscount arbre a chat,Navigational,480,28,0.37,"Related searches, Popular products"
fabrication d arbre a chat,"Informational, Transactional",480,24,0.91,"Image, Image pack, Video, Video carousel, People also ask, Related searches"
fabrication d un arbre a chat,Informational,480,26,0.91,"Image pack, Video, Video carousel, Related searches"
fabriquer arbre a chat,Informational,480,24,0.10,"Image, Image pack, Video, Video carousel, People also ask, Related searches"
truffaut arbre à chat,"Navigational, Transactional",480,20,0.12,"People also ask, Related searches, Popular products"
arbre a chat blanc,"Informational, Transactional",390,23,0.24,"Image pack, Video, Popular products"
arbre a chat corde,"Informational, Transactional",390,17,0.20,"Image, Image pack, Video, Video carousel, Short videos, People also ask, Related searches, Popular products"
arbre a chat fabriquer,Informational,390,22,0.91,"Image, Image pack, Video, Video carousel, Related searches"
arbre a chat hamac,"Informational, Transactional",390,22,0.19,"Image pack, Video, People also ask, Related searches, Popular products"
arbre a chat murale,"Informational, Transactional",390,16,0.29,"Image pack, Video, Short videos, Related searches, Popular products"
arbre a chat naturel,Informational,390,12,0.44,"Image, Image pack, Video, Video carousel, Related searches"
arbre a chat noir,"Informational, Transactional",390,13,0.27,"Image pack, Video, Related searches, Popular products"
arbre a chat original,Informational,390,34,0.30,"Image pack, Video, People also ask, Related searches, Popular products"
arbre a chat osier,"Informational, Transactional",390,26,0.24,"Image pack, Video, People also ask, Related searches, Popular products"
arbre a chat solide,Commercial,390,25,0.27,"Sitelinks, Video, Short videos, People also ask, Related searches"
arbre a chat temu,"Informational, Transactional",390,30,1.09,"Reviews, Image pack, Related searches, Popular products"
arbre a chats exterieur,Informational,390,11,0.22,"Image pack, Video, Related searches"
arbre a chats maine coon,Informational,390,12,0.38,"Image pack, Video, Video carousel, Related searches, Popular products"
arbre a grand chat,Commercial,390,21,0.27,"Image pack, Video, Video carousel, Related searches, Popular products"
arbre chat bois naturel,Informational,390,11,0.24,"Image, Image pack, Video, Related searches, Popular products"
arbre chat exterieur,Informational,390,19,0.23,"Image pack, Video, Short videos, People also ask, Related searches, Popular products"
arbre chat original,Informational,390,17,0.24,"Image, Image pack, Video, Related searches"
arbre chatons,Informational,390,19,0.00,"Image, Image pack, Video, Video carousel, Short videos, People also ask, Related searches"
arbre à chat a,Informational,390,32,0.35,"Image pack, Video, Related searches, Popular products"
arbre à chat extérieur,Informational,390,18,0.23,"Image pack, Video, People also ask, Related searches"
arbre à chat griffoir,Commercial,390,28,0.22,"Image pack, Video, People also ask, Related searches"
arbre à chat maxi zoo,"Informational, Navigational",390,22,0.12,"Sitelinks, Image pack, People also ask, Related searches, Popular products"
arbre à chat naturel,Informational,390,19,0.31,"Image, Image pack, Video, Short videos, Related searches, Popular products"
arbre à chat originaux,Informational,390,23,0.21,"Image pack, Video, Related searches, Popular products"
arbre à chat pour gros chat,Commercial,390,20,0.22,"Video, People also ask, Related searches"
arbre à chat trixie,"Informational, Transactional",390,11,0.20,"Image pack, Related searches, Popular products"
arbre à chat xxl pour maine coon,Commercial,390,13,0.23,"Image pack, Video, Related searches, Popular products"
arbres a chats pas cher,Commercial,390,31,0.34,"Video, Related searches, Popular products"
arbres chatons,Informational,390,19,0.00,"Image, Image pack, Video, Video carousel, People also ask, Related searches"
arbres à chatons,Informational,390,19,0.00,"Image, Image pack, Video, People also ask, Related searches"
arbres à chats,Informational,390,33,0.27,"Image pack, Video, Short videos, People also ask, Related searches, Popular products"
diy arbre a chat,Informational,390,21,0.00,"Image, Image pack, Video, Video carousel, Related searches"
griffoir chat canapé,"Informational, Transactional",390,21,0.28,"Image pack, Video, Related searches"
perchoir chat,Informational,390,23,0.20,"Image pack, Video, People also ask, Related searches"
perchoir pour chat,"Informational, Transactional",390,19,0.20,"Image pack, Video, People also ask, Related searches"
petit arbre à chat,Commercial,390,26,0.18,"Image pack, Video, Short videos, Related searches, Popular products"
poteau griffoir chat,Informational,390,12,0.23,"Image pack, Video, Related searches"
poteau pour arbre a chat,Commercial,390,16,0.17,"Video, Related searches, Popular products"
poteaux pour arbre a chat,Commercial,390,13,0.20,"Image pack, Video, Related searches, Popular products"
trixie arbre à chat,"Informational, Transactional",390,19,0.20,"Image pack, People also ask, Related searches"
animalis arbre a chat,"Navigational, Transactional",320,19,0.30,"Image pack, Related searches, Popular products"
arbre a,Informational,320,20,0.25,"Image, Image pack, Video, Video carousel, People also ask, Related searches"
arbre a chat animalis,Navigational,320,21,0.38,"Sitelinks, Image pack, People also ask, Related searches"
arbre a chat b&m,Informational,320,19,0.29,"Image pack, Video, Related searches"
arbre a chat dinosaure,Informational,320,13,0.56,"Image, Image pack, Video, Popular products"
arbre a chat do it yourself,Informational,320,26,0.00,"Image pack, Video, Video carousel, People also ask, Related searches"
arbre a chat en osier,Informational,320,23,0.24,"Image pack, Video, Related searches"
arbre a chat en solde,Commercial,320,29,0.23,"Image pack, Video, Related searches"
arbre a chat fabrication,Informational,320,22,0.91,"Image pack, Video, Video carousel, Related searches"
arbre a chat leclerc,"Informational, Navigational",320,27,0.44,"Image pack, Related searches, Popular products"
arbre a chat meuble,"Informational, Transactional",320,12,0.22,"Image, Image pack, Video, Video carousel, Related searches"
arbre a chat petrebels,Navigational,320,26,0.27,"Sitelinks, Video, Video carousel, Related searches, Popular products"
arbre a chat rose,Informational,320,12,0.24,"Image, Image pack, Video, People also ask, Related searches, Popular products"
arbre a chat solde,Commercial,320,31,0.23,"Video, Related searches, Popular products"
arbre chat naturel,Informational,320,21,0.31,"Image pack, Video, Video carousel, Related searches, Popular products, Shopping ads"
arbre chat trixie,Transactional,320,12,0.18,"Image pack, Related searches, Popular products"
arbre chat truffaut,"Navigational, Transactional",320,27,0.12,"People also ask, Related searches, Popular products"
arbre chat zooplus,"Navigational, Transactional",320,32,0.26,"Sitelinks, People also ask, Related searches, Popular products"
arbre griffoir pour chat,"Informational, Commercial",320,30,0.22,"Video, Video carousel, Related searches, Popular products"
arbre naturel pour chat,Informational,320,24,0.26,"Image pack, Video, Video carousel, People also ask, Related searches, Popular products"
arbre à chat grand,Commercial,320,25,0.24,"Image pack, Video, People also ask, Related searches, Popular products"
arbre à chat xxl maine coon,"Informational, Commercial",320,14,0.27,"Image pack, Video, People also ask, Related searches"
arbre à chats en bois,Informational,320,28,0.20,"Image pack, Video, People also ask, Related searches, Popular products"
arbre à chats naturel,Commercial,320,27,0.26,"Image, Image pack, Video, Video carousel, Related searches, Popular products"
grattoir a chat,"Informational, Transactional",320,27,0.25,"Image pack, Video, People also ask, Related searches, Popular products"
grattoir pour chats,Informational,320,29,0.25,"Video, Knowledge panel, Related searches"
griffer chat,Informational,320,26,0.00,"Image, Video, Video carousel, People also ask, Related searches"
griffoir poteau chat,"Informational, Transactional",320,16,0.18,"Image pack, Video, Video carousel, People also ask, Related searches, Popular products"
hamac arbre a chat,Informational,320,15,0.19,"Image pack, Video, People also ask, Related searches, Popular products"
hamac pour arbre a chat,Informational,320,14,0.20,"Image pack, Video, People also ask, Related searches, Popular products"
leclerc arbre a chat,Informational,320,29,0.45,"People also ask, Related searches, Popular products"
solde arbre a chat,Transactional,320,26,0.22,"Video, Related searches, Popular products"
temu arbre a chat,"Informational, Transactional",320,29,0.77,"Image pack, Video, Related searches, Popular products"
trixie arbre chat,"Informational, Transactional",320,18,0.21,"Image pack, Related searches, Popular products"
zooplus arbre chat,"Navigational, Transactional",320,24,0.26,"Sitelinks, Image pack, Related searches"
arbre a char,"Informational, Commercial",260,32,0.30,"Image pack, Video, Related searches, Popular products"
arbre a chat avec hamac,Informational,260,14,0.23,"Image pack, Video, Related searches"
arbre a chat bm,"Navigational, Transactional",260,22,0.33,"Sitelinks, Image pack, Video, Video carousel, Related searches"
arbre a chat bois massif,Informational,260,6,0.29,"Image pack, Video, Video carousel, Popular products"
arbre a chat en bois massif,Informational,260,12,0.29,"Image pack, Video, Related searches, Popular products"
arbre a chat foir fouille,Navigational,260,19,0.00,"Image pack, Related searches, Popular products"
arbre a chat foir'fouille,Navigational,260,22,0.00,"People also ask, Related searches, Popular products"
arbre a chat gris,"Informational, Transactional",260,22,0.27,"Image, Image pack, Video, Related searches"
arbre a chat gros chat,Commercial,260,21,0.22,"Image pack, Video, People also ask, Related searches, Popular products"
arbre a chat ikea,Navigational,260,38,0.44,"Sitelinks, Image pack, People also ask, Related searches, Popular products"
arbre a chat jardiland,"Navigational, Transactional",260,22,0.07,"Image pack, Related searches, Popular products, Ads bottom"
arbre a chat la foir fouille,Navigational,260,21,0.00,"Image pack, People also ask, Related searches"
arbre a chat leroy merlin,"Informational, Transactional",260,31,0.00,"Image pack, Video, People also ask, Related searches, Popular products"
arbre a chat nuage,Informational,260,15,0.26,"Image, Image pack, Video, Related searches"
arbre a chat pour gros chat,Commercial,260,21,0.25,"Image pack, Video, People also ask, Related searches, Popular products"
arbre a chat rotin,"Informational, Transactional",260,25,0.20,"Image pack, Video, Related searches, Popular products"
arbre a chat xl,"Informational, Commercial",260,27,0.32,"Video, Related searches, Popular products"
arbre a chaton,Informational,260,15,0.23,"Image, Image pack, Video, People also ask, Related searches, Popular products"
arbre a chien,Informational,260,19,0.11,"Image, Image pack, Video, People also ask, Related searches"
arbre à chat adulte,Commercial,260,33,0.15,"Image pack, Video, Short videos, People also ask, Related searches, Popular products"
arbre à chat griffoire,"Informational, Commercial",260,25,0.22,"Video, Video carousel, Related searches, Popular products"
arbre à chat gros chat,Commercial,260,22,0.22,"Image pack, Video, Video carousel, Related searches, Popular products"
arbre à chat géant,Informational,260,20,0.38,"Image pack, Video, Video carousel, Short videos, People also ask, Related searches, Popular products"
arbre à chat petit,Informational,260,27,0.23,"Image pack, Video, Video carousel, People also ask, Related searches, Popular products"
arbre à chat pour extérieur,Commercial,260,19,0.23,"Image pack, Video, People also ask, Related searches"
arbre à chats bois,Transactional,260,30,0.24,"Image pack, Video, Video carousel, Related searches, Popular products"
arbres a chats solides,Informational,260,19,0.27,"Video, Video carousel, Short videos, Related searches, Popular products"
arbres à chat griffoirs,Commercial,260,24,0.22,"Video, Video carousel, Related searches, Popular products"
bricolage arbre a chat maison,Informational,260,19,0.00,"Image, Image pack, Video, Video carousel, Related searches"
griffoir arbre à chat,Informational,260,21,0.22,"Video, Video carousel, Short videos, People also ask, Related searches, Popular products"
griffoire pour chat,"Informational, Transactional",260,22,0.25,"Video, Video carousel, People also ask, Related searches, Popular products"
le bon coin arbre à chat,Navigational,260,32,0.37,"People also ask, Related searches"
lidl arbre a chat,"Informational, Navigational",260,25,0.14,"Image pack, Video, Video carousel, Related searches"
meilleur arbre à chat pour gros chat,Commercial,260,14,0.22,"Video, People also ask, Related searches, Popular products"
meuble arbre a chat,Informational,260,18,0.19,"Image pack, Video, Related searches, Popular products"
petit arbre chat,"Informational, Transactional",260,25,0.25,"Image pack, Video, Video carousel, Related searches, Popular products"
petrebels arbre à chat,Navigational,260,26,0.28,"Sitelinks, Video, Video carousel, People also ask, Related searches, Ads bottom"
poteau griffoir pour chat,Commercial,260,14,0.18,"Video, Short videos, Related searches, Popular products"
tour griffoir chat,Informational,260,14,0.24,"Image pack, Video, Related searches"
zoomalia arbre à chat,"Navigational, Transactional",260,22,0.28,"Image pack, People also ask, Related searches, Popular products"
anione arbre a chat,Informational,210,26,0.22,"Image pack, Video, Related searches, Popular products"
arbre a caht,Commercial,210,32,0.28,"Image pack, Video, Related searches, Popular products"
arbre a chat 2m,Commercial,210,18,0.25,"Image pack, Related searches"
arbre a chat anione,"Informational, Transactional",210,24,0.22,"Image pack, Video, Related searches, Popular products"
arbre a chat bon coin,Navigational,210,31,0.00,Related searches
arbre a chat centrakor,"Informational, Transactional",210,21,0.00,"Image pack, Video, Video carousel, People also ask, Related searches, Popular products"
arbre a chat en rotin,Informational,210,23,0.20,"Image pack, Video, Related searches, Popular products"
arbre a chat grand chat,Commercial,210,20,0.31,"Image pack, Video, People also ask, Related searches, Popular products"
arbre a chat griffoir,"Informational, Transactional",210,30,0.18,"Image pack, Video, People also ask, Related searches, Popular products"
arbre a chat gros poteau,"Informational, Commercial",210,19,0.24,"Image pack, Video, Related searches, Popular products"
arbre a chat le bon coin,Navigational,210,30,0.39,Related searches
arbre a chat leboncoin,"Navigational, Transactional",210,32,0.00,"People also ask, Related searches"
arbre a chat maison du monde,Informational,210,31,0.12,"Image pack, Related searches, Popular products"
arbre a chat manomano,"Navigational, Transactional",210,24,0.19,"Sitelinks, Image pack, Related searches, Popular products"
arbre a chat mur,Informational,210,20,0.28,"Image, Image pack, Video, Short videos, Related searches, Popular products"
arbre a chat pour grand chat,Commercial,210,19,0.26,"Image pack, Video, Video carousel, Related searches, Popular products"
arbre a chat pour grands chats,Commercial,210,18,0.31,"Video, Video carousel, Related searches, Popular products"
arbre a chat promo,Commercial,210,30,0.31,"Image pack, Video, Related searches, Popular products"
arbre a chat tonneau,Informational,210,21,0.26,"Image pack, Video, People also ask, Related searches"
arbre a chat tour,Commercial,210,12,0.29,"Image pack, Video, Related searches, Popular products"
arbre a chat tronc d'arbre,Informational,210,15,0.43,"Image pack, Video, Video carousel, Short videos, Related searches"
arbre a chat truffaut,"Navigational, Transactional",210,25,0.13,"Sitelinks, People also ask, Related searches, Popular products"
arbre a chat zolux,"Informational, Transactional",210,19,0.21,"Image pack, People also ask, Related searches, Popular products"
arbre a chzt,"Informational, Commercial",210,34,0.25,"Video, Related searches, Popular products"
arbre chat plafond,"Informational, Transactional",210,19,0.22,"Image pack, Video, Video carousel, Short videos, Related searches, Popular products"
arbre griffoir chat,"Informational, Transactional",210,35,0.21,"Video, Video carousel, People also ask, Related searches, Popular products"
arbre à chat cdiscount,"Navigational, Transactional",210,27,0.31,"Image pack, Related searches, Popular products"
arbre à chat et griffoir,Commercial,210,22,0.20,"Video, Video carousel, People also ask, Related searches, Popular products"
arbre à chat fleur,Informational,210,21,0.27,"Image, Image pack, Video, People also ask, Related searches, Popular products"
arbre à chat ikea,Navigational,210,35,0.00,"Sitelinks, Image pack, People also ask, Related searches"
arbre à chat plafond,Commercial,210,19,0.30,"Image pack, Video, Short videos, Related searches, Popular products"
arbre à chat simple,Informational,210,30,0.18,"Image pack, Video, Related searches"
arbre à chat soldes,Commercial,210,31,0.22,"Video, Related searches, Popular products"
arbre à chats géant,Commercial,210,19,0.38,"Image pack, Video, Related searches"
arbres a chat amazone,"Navigational, Transactional",210,34,0.00,"Image pack, People also ask, Related searches, Popular products"
arbres a chat bois,Informational,210,24,0.23,"Image pack, Video, Short videos, Related searches"
arbres à chats soldes,Transactional,210,28,0.25,"Video, Related searches, Popular products"
bon coin arbre a chat,Navigational,210,31,0.39,"Related searches, Popular products"
chat tube,Informational,210,31,0.00,"Image pack, Video, People also ask"
grand arbres a chat,,210,,0.26,
griffoir chat mural,"Informational, Transactional",210,13,0.24,"Image, Image pack, Video, Short videos, People also ask, Related searches"
leroy merlin arbre a chat,"Navigational, Transactional",210,31,0.00,"Sitelinks, Image pack, Video, People also ask, Related searches"
meilleur arbre a chat,Commercial,210,22,0.25,"Video, Video carousel, People also ask, Related searches, Popular products"
niche chat bois,Informational,210,19,0.20,"Image, Image pack, Video, Related searches"
perchoir à chat,"Informational, Transactional",210,13,0.00,"Related searches, Popular products"
soldes arbre a chat,Commercial,210,31,0.22,"Video, Related searches, Popular products"
zolux arbre a chat,"Informational, Transactional",210,19,0.21,"Image pack, Related searches, Popular products"
arbre a achat,Transactional,170,30,0.25,"Image pack, Video, Video carousel, Related searches, Popular products"
arbre a chat arbre,Informational,170,29,0.47,"Image, Image pack, Video, Video carousel, Short videos, People also ask, Related searches"
arbre a chat avec litiere,"Informational, Transactional",170,19,0.21,"Image pack, Video, People also ask, Related searches, Popular products"
arbre a chat black friday,"Informational, Transactional",170,15,0.00,"Video, Related searches, Popular products"
arbre a chat botanic,"Navigational, Transactional",170,20,0.09,"Sitelinks, Image pack, Video, People also ask, Related searches, Popular products"
arbre a chat d angle,"Informational, Transactional",170,17,0.20,"Image, Image pack, Video, People also ask, Related searches, Popular products"
arbre a chat ebi,Informational,170,10,0.17,"Image pack, Related searches"
arbre a chat fait main,Informational,170,18,0.20,"Image, Image pack, Video, Video carousel, Related searches"
arbre a chat liddle,"Informational, Transactional",170,31,0.14,"Video, People also ask, Related searches, Popular products"
arbre a chat luxe,Informational,170,9,0.48,"Image pack, Video, Short videos, People also ask, Knowledge panel, Related searches, Popular products"
arbre a chat maxizoo,"Navigational, Transactional",170,19,0.11,"Sitelinks, Image pack, Related searches, Popular products"
arbre a chat pour gros chats,Commercial,170,17,0.22,"Image pack, Video, Video carousel, Related searches, Popular products"
arbre a chat promotion,Commercial,170,30,0.24,"Video, Related searches, Popular products"
arbre a chat simple,Informational,170,30,0.20,"Image pack, Video, Related searches"
arbre a chat sol plafond,"Informational, Transactional",170,19,0.22,"Image pack, Video, Related searches, Popular products"
arbre a chat zoomalia,"Navigational, Transactional",170,19,0.33,"Image pack, Related searches, Popular products"
arbre a xhat,Commercial,170,30,0.30,"Image pack, Video, Video carousel, Related searches"
arbre chat adulte,Transactional,170,24,0.15,"Video, Video carousel, Related searches, Popular products"
arbre chat en bois,Informational,170,29,0.25,"Image pack, Video, People also ask, Related searches, Popular products"
arbre chat geant,Commercial,170,26,0.38,"Image pack, Video, Related searches, Popular products"
arbre chat ikea,Navigational,170,38,0.23,"Sitelinks, Image pack, People also ask, Related searches, Popular products"
arbre chat solde,Commercial,170,29,0.25,"Reviews, Image pack, Video, Related searches, Popular products"
arbre chat solide,Commercial,170,32,0.22,"Video, Video carousel, Related searches, Popular products"
arbre pour chat adulte,Commercial,170,24,0.15,"Image pack, Video, Video carousel, People also ask, Related searches, Popular products"
arbre pour grand chat,Commercial,170,19,0.24,"Image, Image pack, Video, Video carousel, Short videos, Related searches, Popular products"
arbre à chat beige,Informational,170,18,0.22,"Image pack, Video, Related searches, Popular products"
arbre à chat d'extérieur,Informational,170,18,0.14,"Video, People also ask, Related searches, Popular products"
arbre à chat design bois,Informational,170,21,0.33,"Image pack, Video, Short videos, Related searches, Popular products"
arbre à chat en bois design,Informational,170,22,0.26,"Image, Image pack, Video, Short videos, People also ask, Related searches, Popular products"
arbre à chat en solde,Transactional,170,31,0.25,"Image pack, Video, Related searches, Popular products"
arbre à chat grand chat,Commercial,170,19,0.24,"Image pack, Video, Related searches, Popular products"
arbre à chat haut,Commercial,170,26,0.22,"Image pack, Video, Video carousel, People also ask, Related searches, Popular products"
arbre à chat maine coon xxl,Informational,170,16,0.36,"Image pack, Video, Related searches"
arbre à chat pas cher gifi,Navigational,170,26,0.00,"Sitelinks, Image pack, Video, People also ask, Related searches"
arbre à chat pour grand chat,Commercial,170,19,0.24,"Image pack, Video, Video carousel, Related searches, Popular products"
arbre à chat solde,Commercial,170,30,0.22,"Video, Related searches"
arbre à chat solide,Commercial,170,21,0.22,"Image pack, Video, People also ask, Related searches"
arbre à chat stokomani,"Informational, Transactional",170,18,0.27,"Image pack, Related searches, Popular products"
arbre à chat zoomalia,Navigational,170,19,0.27,"Image pack, Related searches, Popular products"
arbre à chat zooplus,"Navigational, Transactional",170,26,0.27,"Sitelinks, Image pack, People also ask, Related searches, Popular products"
arbres a chat trixie,Transactional,170,16,0.16,Popular products
arbres a chats pour grand chat,Commercial,170,18,0.26,"Video, Video carousel, Related searches, Ads bottom"
arbres chat,Commercial,170,32,0.30,"Image pack, Video, Related searches"
arbres à chat en bois,Informational,170,26,0.25,"Image pack, Video, Video carousel, Related searches, Popular products"
arbres à chat pas cher,Commercial,170,25,0.30,"Video, Related searches"
auchan arbre a chat,"Navigational, Transactional",170,28,0.00,"People also ask, Related searches, Popular products"
construction d un arbre a chat,,170,,0.12,
construire arbre a chat,Informational,170,27,0.00,"Image, Image pack, Video, Video carousel, Short videos, People also ask, Related searches"
construire un arbre a chat,Informational,170,25,0.00,"Image, Image pack, Video, Video carousel, People also ask, Related searches"
geant arbre a chat,"Informational, Commercial",170,21,0.31,"Image pack, Video, Video carousel, Related searches, Popular products"
grattoirs pour chats,Commercial,170,21,0.25,"Video, Related searches"
griffoir arbre a chat,Informational,170,23,0.19,"Image pack, Video, Video carousel, People also ask, Related searches, Popular products"
griffoir pour arbre a chat,Transactional,170,23,0.24,"Video, Video carousel, Short videos, Related searches, Popular products"
gros arbre a chat,Commercial,170,23,0.25,"Image, Image pack, Video, Short videos, People also ask, Related searches, Popular products"
idée arbre à chat fait maison,Informational,170,21,0.00,"Image, Image pack, Video, Video carousel, People also ask, Related searches"
l arbre a chat,"Informational, Commercial",170,39,0.24,"Image pack, Video, Video carousel, Knowledge panel, Related searches"
l'arbre à chats,Commercial,170,42,0.57,"Video, Video carousel, Short videos, Local pack, Related searches, Popular products"
manomano arbre a chat,Navigational,170,24,0.23,"Sitelinks, Image pack, Related searches"
sapin arbre a chat,Informational,170,19,0.00,"Image pack, Video, Video carousel, People also ask, Related searches, Popular products"
soldes arbre à chat,"Informational, Transactional",170,25,0.25,"Video, Related searches, Popular products"
tour arbre à chat,"Informational, Transactional",170,14,0.24,"Image pack, Video, People also ask, Related searches"
truffaut arbre a chat,"Navigational, Transactional",170,25,0.13,"Sitelinks, Image pack, People also ask, Related searches, Popular products"
truffaut chat,Navigational,170,24,0.10,"Sitelinks, Video, Related searches"
zoomalia arbre a chat,Navigational,170,22,0.33,"Image pack, People also ask, Related searches, Popular products"
étagère chat,"Informational, Transactional",170,11,0.22,"Image, Image pack, Video, People also ask, Related searches, Popular products"
abre à chat,"Informational, Transactional",140,31,0.27,"Image pack, Video, Related searches, Popular products"
accessoire arbre à chat,"Informational, Commercial",140,18,0.17,"Image pack, Video, People also ask, Related searches, Popular products"
accessoires pour arbre à chat,"Informational, Commercial",140,10,0.17,"Video, Related searches, Popular products"
anione arbre à chat,Informational,140,18,0.22,"Image pack, Video, Related searches"
arbe a chat,"Informational, Commercial",140,31,0.28,"Video, Short videos, Related searches, Popular products"
arbre a cha,Commercial,140,36,0.30,"Image pack, Video, People also ask, Related searches"
arbre a chat 1m80,Commercial,140,20,0.22,"Video, People also ask, Related searches, Popular products"
arbre a chat adulte,Commercial,140,31,0.20,"Image pack, Video, Video carousel, Short videos, People also ask, Related searches, Popular products"
arbre a chat auchan,"Informational, Transactional",140,28,0.09,"Image pack, People also ask, Related searches"
arbre a chat avec griffoir,Informational,140,24,0.24,"Image pack, Video, Video carousel, Short videos, Related searches, Popular products"
arbre a chat beau,Informational,140,25,0.34,"Image, Image pack, Video, Video carousel, Related searches"
arbre a chat bois naturel,Informational,140,19,0.36,"Image, Image pack, Video, Video carousel, Short videos, Related searches, Popular products"
arbre a chat carrefour,"Informational, Transactional",140,29,0.00,"Image, Image pack, People also ask, Related searches, Popular products"
arbre a chat carton,Informational,140,17,0.00,"Image, Image pack, Video, Video carousel, Related searches, Popular products"
arbre a chat colonne,Informational,140,12,0.22,"Image, Image pack, Video, Video carousel, Related searches, Popular products"
arbre a chat de luxe,"Informational, Commercial",140,12,0.40,"Image pack, Video, Video carousel, Related searches, Popular products"
arbre a chat deluxe,"Informational, Transactional",140,6,0.40,"Image pack, Video, Related searches, Popular products"
arbre a chat en carton,Informational,140,7,0.23,"Image, Image pack, Video, Video carousel, Related searches, Popular products"
arbre a chat en palette,Informational,140,29,0.00,"Image, Image pack, Video, Video carousel, Short videos, People also ask, Related searches"
arbre a chat et griffoir,Transactional,140,30,0.24,"Image pack, Video, Video carousel, People also ask, Related searches, Popular products"
arbre a chat extérieur,Informational,140,18,0.18,"Image pack, Video, People also ask, Related searches, Popular products"
arbre a chat gamm vert,Navigational,140,21,0.07,"Image pack, Related searches"
arbre a chat gros poteaux,Informational,140,18,0.24,"Image pack, Video, Video carousel, Related searches, Popular products, Ads bottom"
arbre a chat hauteur,Informational,140,19,0.18,"Sitelinks, Image pack, Video, Related searches"
arbre a chat joli,Informational,140,25,0.24,"Image, Image pack, Video, Video carousel, Short videos, Related searches, Popular products"
arbre a chat magasin,Commercial,140,29,0.20,"Video, Local pack, Related searches"
arbre a chat marron,Commercial,140,25,0.29,"Image pack, Video, Related searches, Popular products"
arbre a chat more,Informational,140,14,0.35,"Image pack, Video, People also ask, Related searches, Popular products"
arbre a chat mural bois,"Informational, Commercial",140,20,0.28,"Image, Image pack, Video, Related searches"
arbre a chat noel,Informational,140,7,0.26,"Image, Image pack, Video, Video carousel, Related searches, Popular products"
arbre a chat palmier,Informational,140,18,0.24,"Image pack, Video, People also ask, Related searches, Popular products"
arbre a chat pas chere,Commercial,140,31,0.31,"Video, Related searches, Popular products"
arbre a chat porte,Informational,140,19,0.15,"Image pack, Video, Related searches, Popular products"
arbre a chat pour main coon,Commercial,140,14,0.35,"Video, Video carousel, Related searches, Popular products"
arbre a chat prix,Transactional,140,32,0.12,"Video, People also ask, Related searches, Popular products"
arbre a chat rond,Informational,140,27,0.28,"Image, Image pack, Video, Related searches, Popular products"
arbre a chat tronc,Informational,140,10,0.16,"Image pack, Video, Short videos, Related searches, Popular products"
arbre a chat tube,Informational,140,28,0.15,"Image pack, Video, Video carousel, Short videos, Related searches, Popular products"
arbre a chat vert,"Informational, Transactional",140,15,0.25,"Image, Image pack, Video, Related searches, Popular products"
arbre a chats bois,Informational,140,20,0.27,"Image, Image pack, Video, Related searches, Popular products"
arbre a chats truffaut,"Navigational, Transactional",140,25,0.11,"Sitelinks, People also ask, Related searches, Popular products"
arbre grand chat,Commercial,140,17,0.24,"Image, Image pack, Video, Video carousel, Related searches, Popular products"
arbre à chat design en bois,Informational,140,24,0.33,"Image pack, Video, Video carousel, Short videos, Related searches, Popular products"
arbre à chat extérieur balcon,Informational,140,23,0.13,"Image pack, Video, People also ask, Related searches, Popular products"
arbre à chat promotion,Commercial,140,32,0.20,"Video, Related searches, Popular products"
arbre à chat solide pour gros chat,Commercial,140,16,0.17,"Image pack, Video, Video carousel, People also ask, Related searches, Popular products"
arbre à chat tour,"Informational, Transactional",140,16,0.26,"Image pack, Video, Video carousel, Related searches, Popular products"
arbre à chats pas cher,Commercial,140,30,0.30,"Video, Related searches"
arbre à grand chat,Commercial,140,19,0.25,"Image, Image pack, Video, Video carousel, Related searches"
arbres a chat en bois,Commercial,140,16,0.27,"Image pack, Video, Video carousel, Related searches, Popular products"
arbres a chat mural,"Informational, Commercial",140,27,0.29,"Image pack, Video, Related searches, Popular products"
arbres à chat amazon,"Informational, Transactional",140,28,0.09,"Image, Image pack, People also ask, Related searches, Popular products"
arbres à chat design,Commercial,140,24,0.27,"Image pack, Video, Related searches, Popular products"
arbres à chats design,Informational,140,10,0.26,"Video, Video carousel, Related searches, Popular products"
bm arbre a chat,"Informational, Transactional",140,18,0.00,"Image pack, Video, Video carousel, Related searches"
botanic arbre a chat,"Navigational, Transactional",140,23,0.11,"Sitelinks, Image pack, Related searches, Popular products"
carrefour arbre a chat,"Navigational, Transactional",140,26,0.00,"Sitelinks, Reviews, Image, Image pack, Related searches, Popular products"
cattree,Navigational,140,31,0.60,"Sitelinks, Video, Related searches"
colonne arbre a chat,Informational,140,11,0.20,"Image pack, Video, Related searches, Popular products"
construction arbre a chat,Informational,140,18,0.14,"Image, Image pack, Video, Video carousel, Related searches, Popular products"
enclos chat occasion,"Informational, Commercial",140,27,0.00,"Image pack, People also ask, Related searches"
fabrication arbre a chat,Informational,140,27,0.91,"Image, Image pack, Video, Video carousel, People also ask, Related searches"
faire un arbre a chat,"Informational, Transactional",140,21,0.00,"Image pack, Video, Video carousel, Short videos, Related searches"
grand griffoir chat,Informational,140,11,0.25,"Image pack, Video, Video carousel, People also ask, Related searches, Popular products, Ads middle"
griffoir chat maison,Informational,140,16,0.27,"Image, Image pack, Video, Video carousel, Short videos, Related searches"
griffoirs chat,Informational,140,12,0.26,"Video, Short videos, Related searches"
magasin d arbre a chat,Commercial,140,31,0.20,"Video, Local pack, Related searches"
poteaux griffoir pour chat,Commercial,140,15,0.23,"Image pack, Video, People also ask, Related searches"
prix arbre a chat,Transactional,140,34,0.12,"Video, People also ask, Related searches, Popular products"
prix d un arbre a chat,Transactional,140,30,0.19,"Video, People also ask, Related searches, Popular products"
solde arbre à chat,"Informational, Transactional",140,30,0.22,"Video, Related searches"
tronc arbre a chat,"Informational, Commercial",140,16,0.29,"Image pack, Video, Related searches, Popular products"
tronc arbre à chat,"Informational, Transactional",140,13,0.23,"Image pack, Video, Video carousel, Related searches, Popular products"
tronc d arbre a chat,Informational,140,12,0.29,"Image pack, Video, Video carousel, People also ask, Related searches, Popular products"
tronc pour arbre a chat,Informational,140,11,0.29,"Image pack, Video, Video carousel, Popular products"
tube arbre a chat,Informational,140,16,0.14,"Image pack, Video, Video carousel, People also ask, Related searches, Popular products"
zooplus arbre a chat,"Navigational, Transactional",140,24,0.33,"Sitelinks, Image pack, Related searches, Popular products"
accessoires arbre à chat,"Informational, Commercial",110,17,0.17,"Image pack, Video, Video carousel, People also ask, Related searches, Popular products"
amazon arbre chat,"Navigational, Transactional",110,34,0.09,"Image pack, People also ask, Related searches, Popular products, Ads bottom"
arbre a chat avec cache litiere,Informational,110,17,0.22,"Image pack, Video, Related searches"
arbre a chat avec litiere intégrée,"Informational, Transactional",110,17,0.19,"Image pack, Video, Related searches, Popular products"
arbre a chat azkara,Informational,110,8,0.37,"Image pack, Video, Short videos, Related searches"
arbre a chat bois flotte,Informational,110,4,0.32,"Image, Image pack, Video, Video carousel, Related searches"
arbre a chat chaton,"Informational, Transactional",110,17,0.27,"Image pack, Video, Video carousel, People also ask, Related searches"
arbre a chat design luxe,"Informational, Commercial",110,13,0.00,"Image pack, Video, Related searches, Popular products"
arbre a chat en bois naturel,Commercial,110,16,0.36,"Image pack, Video, Video carousel, Related searches, Popular products"
arbre a chat en hauteur,Informational,110,22,0.17,"Image pack, Video, Video carousel, People also ask, Related searches, Popular products"
arbre a chat fabrication maison,Informational,110,20,0.20,"Featured snippet, Image, Image pack, Video, Video carousel, Short videos, People also ask, Related searches"
arbre a chat fenetre,"Informational, Transactional",110,15,0.20,"Image pack, Video, People also ask, Related searches, Popular products"
arbre a chat grand plateau,Informational,110,11,0.17,"Image pack, Video, Video carousel, People also ask, Popular products"
arbre a chat jmt,Navigational,110,28,0.00,"Image pack, Video, People also ask, Related searches, Popular products"
arbre a chat litiere intégré,Informational,110,16,0.20,"Image pack, Video, Related searches, Popular products"
arbre a chat noz,Informational,110,27,0.00,"Image pack, Video, Short videos, Related searches"
arbre a chat occasion,Commercial,110,27,0.37,"Image pack, People also ask, Related searches, Popular products"
arbre a chat palette,Informational,110,27,0.00,"Image, Image pack, Video, Video carousel, Short videos"
arbre a chat plante,Informational,110,11,0.36,"Image, Image pack, Video, People also ask, Related searches"
arbre a chat pour 2 chats,Commercial,110,19,0.17,"Video, People also ask, Related searches, Popular products"
arbre a chat pour adulte,Commercial,110,19,0.20,"Image pack, Video, Video carousel, Related searches, Popular products"
arbre a chat sapin,Informational,110,17,0.00,"Image, Image pack, Video, People also ask, Related searches, Popular products"
arbre a chat shein,"Navigational, Transactional",110,0,0.52,"Image pack, Related searches"
arbre a chat vesper,Informational,110,18,0.29,"Image pack, Video, Related searches"
arbre a chat xxl beige,Informational,110,16,0.22,"Image pack, Related searches"
arbre chat maison,Informational,110,21,0.12,"Image pack, Video, Video carousel, Short videos, Related searches, Popular products"
arbre chat moderne,Informational,110,20,0.25,"Image, Image pack, Video, Video carousel, Related searches"
arbre chat osier,"Informational, Transactional",110,23,0.20,"Image pack, Video, Related searches, Popular products"
arbre de chat,Transactional,110,32,0.25,"Image, Image pack, Video, Video carousel, Short videos, People also ask, Related searches, Popular products"
arbre gros chat,Informational,110,18,0.23,"Image pack, Video, Video carousel, Related searches, Popular products"
arbre pour chats,"Informational, Transactional",110,32,0.30,"Image pack, Video, Video carousel, People also ask, Related searches, Popular products"
arbre pour gros chat,Commercial,110,17,0.19,"Image pack, Video, Video carousel, Related searches, Popular products"
arbre à,Informational,110,27,0.43,"Image pack, Video, Video carousel, People also ask, Related searches, Popular products"
arbre à chat amazon pas cher,"Navigational, Transactional",110,32,0.15,"Image pack, People also ask, Related searches, Popular products"
arbre à chat artisanal,Informational,110,19,0.28,"Image, Image pack, Video, Video carousel, Related searches"
arbre à chat design moderne,Informational,110,18,0.32,"Image pack, Video, Short videos, Related searches, Popular products"
arbre à chat design naturel,Informational,110,22,0.18,"Image, Image pack, Video, Short videos, People also ask, Related searches"
arbre à chat en bois xxl,Informational,110,19,0.24,"Image pack, Video, Video carousel, Related searches"
arbre à chat hamac,Informational,110,19,0.28,"Image pack, Video, Related searches, Popular products"
arbre à chat moderne,"Informational, Transactional",110,10,0.19,"Image pack, Video, Short videos, Related searches, Popular products"
arbre à chat osier,"Informational, Transactional",110,22,0.20,"Image pack, Video, Related searches, Popular products"
arbre à chat pour chaton,"Informational, Transactional",110,17,0.26,"Image pack, Video, Video carousel, People also ask, Related searches"
arbre à chat promo,Commercial,110,31,0.22,"People also ask, Related searches"
arbre à chat tronc,Informational,110,12,0.23,"Image pack, Video, Video carousel, Short videos, Related searches, Popular products"
arbrea chat,"Informational, Transactional",110,32,0.30,"Video, Related searches, Popular products"
arbres a chat fait maison,,110,,0.08,
arbres a chat lidl,,110,,0.12,
arbres a chat pas chere,,110,,0.00,
arbres a chats zooplus,"Navigational, Transactional",110,23,0.27,"Sitelinks, Related searches, Popular products, Ads bottom"
arbres aux chats,Navigational,110,37,0.00,"Sitelinks, Image pack, Video, Video carousel, People also ask, Related searches"
arbres à chat xxl,Commercial,110,19,0.29,"Image pack, Video, Related searches, Popular products"
b&m arbre a chat,"Informational, Transactional",110,19,0.00,"Sitelinks, Image pack, Video, Video carousel, Related searches, Popular products"
chatxl,Informational,110,22,0.35,"Video, People also ask, Related searches"
corde pour arbre a chat,Commercial,110,19,0.17,"Image, Image pack, Video, Short videos, People also ask, Related searches, Popular products"
corde sisal chat,Informational,110,12,0.25,"Image pack, Video, People also ask, Related searches, Popular products"
fabriquer un arbre a chat avec une branche,Informational,110,6,0.00,"Image, Image pack, Video, Video carousel, Short videos, Related searches"
faire arbre a chat,Informational,110,25,0.14,"Image, Image pack, Video, Video carousel, People also ask, Related searches"
griffoir chats,Commercial,110,19,0.25,"Image pack, Video, Video carousel, Related searches"
griffoir pour chat pas cher,Transactional,110,24,0.37,"Video, Related searches, Popular products"
harnais pour chien anione,Commercial,110,24,0.22,"Image pack, Video, Related searches, Popular products, Ads bottom"
herbe à chat maxi zoo,Navigational,110,20,0.13,"Image pack, People also ask, Related searches, Popular products"
jardiland arbre,"Navigational, Transactional",110,24,0.27,"Sitelinks, Image pack, People also ask, Related searches, Popular products"
magasin arbre a chat,Commercial,110,35,0.20,"Video, Local pack, Related searches, Popular products"
maxi zoo arbre à chat,"Navigational, Transactional",110,19,0.12,"Sitelinks, Image pack, People also ask, Related searches, Popular products"
meilleure arbre a chat,"Informational, Commercial",110,19,0.27,"Sitelinks, Video, Video carousel, People also ask, Related searches, Popular products"
meuble litiere arbre a chat,Informational,110,19,0.10,"Image pack, Video, Video carousel, Related searches, Popular products, Ads bottom"
meubles chat,Informational,110,13,0.00,"Image, Video, Video carousel, Related searches"
mini arbre a chat,"Informational, Transactional",110,19,0.20,"Image pack, Video, Video carousel, Related searches"
nugget arbre a chat,"Informational, Commercial",110,9,0.67,"Video, Related searches, Popular products"
poteau griffoir chat xxl,Informational,110,14,0.22,"Image pack, Video, People also ask, Related searches"
promo arbre à chat,Transactional,110,31,0.22,"Image pack, Video, Related searches, Popular products"
promotion arbre à chat,Commercial,110,30,0.25,"Video, Related searches, Popular products"
sapin de noel arbre a chat,"Informational, Transactional",110,14,0.00,"Image, Image pack, Video, Short videos, People also ask, Related searches, Popular products"
shein arbre a chat,"Navigational, Transactional",110,29,0.54,"Related searches, Ads bottom"
sisal arbre a chat,Informational,110,13,0.22,"Image, Image pack, Video, Video carousel, Short videos, People also ask, Related searches"
sisal pour arbre a chat,Commercial,110,9,0.22,"Video, Video carousel, People also ask, Related searches"
soldes arbre a chat gifi,"Navigational, Transactional",110,26,0.00,"Sitelinks, Image pack, Video, People also ask, Related searches, Popular products"
tissu arbre à chat,Informational,110,19,0.10,"Image, Image pack, Video, Video carousel, People also ask, Related searches, Popular products"
tour pour chats,Informational,110,18,0.22,"Image pack, Video, Local pack, Related searches"
trixie arbre a chat,"Informational, Transactional",110,16,0.27,"Image pack, Related searches, Popular products"
tronc pour arbre à chat,Commercial,110,15,0.23,"Image pack, Video, Video carousel, Related searches, Popular products"
tronc à griffer chat,"Informational, Transactional",110,12,0.24,"Image pack, Video, Related searches, Popular products"
accessoire arbre a chat,"Informational, Commercial",90,14,0.14,"Image pack, Video, Video carousel, Related searches"
accessoire pour arbre a chat,"Informational, Commercial",90,10,0.14,"Image pack, Video, Related searches"
animalis villeneuve-d'ascq photos,"Informational, Transactional",90,23,0.00,"Image, Video, People also ask, Knowledge panel, Related searches"
arbe à chat,Transactional,90,30,0.27,"Image pack, Video, Video carousel, Short videos, Related searches, Popular products"
arbra a chat,"Informational, Transactional",90,31,0.30,"Video, Short videos, Related searches, Popular products"
arbre a chat 180 cm,Transactional,90,19,0.26,"Image pack, Video, People also ask, Related searches, Popular products"
arbre a chat 1m,Informational,90,15,0.15,"Video, Related searches, Popular products"
arbre a chat 2 metres,Commercial,90,19,0.00,"Video, People also ask, Related searches, Popular products"
arbre a chat a faire soi meme,Informational,90,16,0.00,"Image, Image pack, Video, Video carousel, People also ask, Related searches"
arbre a chat adultes,Transactional,90,29,0.16,"Image pack, Video, Video carousel, Popular products"
arbre a chat avec gamelle,Informational,90,17,0.25,"Image pack, Video, Related searches, Popular products"
arbre a chat branche,Informational,90,26,0.51,"Image, Image pack, Video, People also ask, Related searches, Popular products"
arbre a chat cylindre,Informational,90,17,0.29,"Image, Image pack, Video, Video carousel, Related searches"
arbre a chat d'angle,Informational,90,18,0.20,"Image, Video, People also ask, Related searches"
arbre a chat de porte,Informational,90,10,0.21,"Image pack, Video, Video carousel, Related searches, Popular products"
arbre a chat en forme d'arbre,Informational,90,16,0.37,"Image, Image pack, Video, Video carousel, Related searches, Popular products"
arbre a chat etagere,"Informational, Transactional",90,23,0.29,"Image, Image pack, Video, Video carousel, People also ask, Related searches"
arbre a chat geant xxl,Informational,90,26,0.23,"Image pack, Video, Video carousel, Related searches, Popular products"
arbre a chat géant,Commercial,90,15,0.31,"Video, Short videos, Related searches, Popular products"
arbre a chat hamiform,"Informational, Transactional",90,11,0.37,"Image pack, Related searches, Popular products"
arbre a chat jolie,Informational,90,23,0.26,"Image pack, Video, Video carousel, Related searches, Popular products"
arbre a chat large,Transactional,90,23,0.31,"Image pack, Video, Related searches, Popular products"
arbre a chat litiere intégrée,Informational,90,19,0.12,"Image pack, Video, Related searches, Popular products"
arbre a chat mural fait maison,Informational,90,8,0.00,"Image, Image pack, Video, Video carousel, Related searches"
arbre a chat natural paradise,"Informational, Transactional",90,17,0.30,"Image pack, Video, Video carousel, Related searches, Popular products"
arbre a chat pas cher la foir'fouille,"Informational, Navigational",90,20,0.30,"People also ask, Related searches, Popular products"
arbre a chat pawhut,"Informational, Commercial",90,17,0.27,"Image pack, Related searches"
arbre a chat pour chaton,"Informational, Commercial",90,14,0.27,"Video, Video carousel, Short videos, People also ask, Related searches, Popular products"
arbre a chat sur mesure,Commercial,90,14,0.34,"Video, Related searches"
arbre a chat suspendu,Commercial,90,24,0.21,"Image pack, Video, Related searches, Popular products"
arbre a chat tectake,"Informational, Transactional",90,23,0.34,"Video, Related searches"
arbre a chat villaverde,"Informational, Transactional",90,14,0.23,"Image pack, Video, Related searches, Popular products"
arbre a chat.,"Informational, Commercial",90,34,0.25,"Video, Short videos, People also ask, Related searches, Popular products"
arbre a chats en bois naturel,Informational,90,7,0.29,"Image pack, Video, Short videos, Related searches, Popular products, Ads bottom"
arbre a chats maxi zoo,Navigational,90,17,0.10,"Sitelinks, Image pack, Video, Related searches"
arbre chat hamac,Commercial,90,18,0.19,"Image pack, Video, Video carousel, Related searches, Popular products"
arbre à chat avec hamac,Informational,90,14,0.22,"Image pack, Video, Video carousel, Related searches, Popular products"
arbre à chat bois massif,"Informational, Commercial",90,6,0.37,"Image pack, Video, Short videos, Related searches, Popular products"
arbre à chat bricomarché,"Navigational, Transactional",90,25,0.10,"Sitelinks, People also ask, Related searches, Popular products"
arbre à chat chaton,"Informational, Transactional",90,16,0.26,"Video, Video carousel, People also ask, Popular products"
arbre à chat en bois massif,Informational,90,11,0.37,"Image pack, Video, Video carousel, Related searches, Popular products"
arbre à chat en osier,Informational,90,13,0.20,"Image pack, Related searches"
arbre à chat esthétique,Informational,90,24,0.27,"Image pack, Video, Related searches, Popular products"
arbre à chat exterieur,Informational,90,16,0.23,"Image pack, Video, People also ask, Related searches"
arbre à chat fleurs,Informational,90,11,0.27,"Image, Image pack, Video, Related searches, Popular products"
arbre à chat gamm vert,Navigational,90,23,0.07,"Image pack, People also ask, Related searches"
arbre à chat grande plateforme,Commercial,90,18,0.21,"Video, Related searches"
arbre à chat gros tronc,Informational,90,17,0.22,"Image pack, Video, Video carousel, Related searches, Popular products"
arbre à chat litière,"Informational, Transactional",90,18,0.20,"Image pack, Video, Related searches, Popular products"
arbre à chat maine coon maxi zoo,Informational,90,23,0.16,"Sitelinks, Image pack, Video, People also ask, Related searches, Popular products"
arbre à chat noir,"Informational, Transactional",90,16,0.10,"Image, Image pack, Video, Related searches, Popular products"
arbre à chat petit espace,Informational,90,26,0.16,"Image pack, Video, Video carousel, People also ask, Related searches, Popular products"
arbre à chat prix,Transactional,90,31,0.20,"Image pack, Video, People also ask, Related searches, Popular products"
arbre à chat solide et stable,Commercial,90,14,0.22,"Sitelinks, Video, Video carousel, Related searches, Popular products"
arbre à chat xxl en promotion,Commercial,90,19,0.20,"Image pack, Video, People also ask, Related searches, Popular products"
arbre à gros chat,Commercial,90,16,0.23,"Image pack, Video, Related searches, Popular products"
arbres a chat action,"Informational, Transactional",90,30,0.19,"Image pack, Video, Video carousel, Short videos, Related searches, Popular products"
arnre a chat,Commercial,90,31,0.25,"Image pack, Video, Related searches, Popular products, Ads bottom"
atbre a chat,Commercial,90,34,0.28,"Video, Short videos, Related searches, Popular products, Ads bottom"
centrakor arbre a chat,"Informational, Transactional",90,19,0.00,"Image pack, Video, Video carousel, Related searches, Popular products"
chat sur un arbre,Informational,90,17,0.00,"Featured snippet, Image, Image pack, Video, Video carousel, Short videos, People also ask, Related searches"
chaton arbre a chat,Informational,90,19,0.27,"Image, Image pack, Video, Video carousel, Short videos, People also ask, Related searches, Popular products"
chez chat,Navigational,90,48,0.00,"Sitelinks, Video, People also ask, Knowledge panel, Related searches"
dinosaure arbre a chat,Informational,90,10,0.52,"Image, Image pack, Video, Video carousel, Short videos, Related searches, Popular products"
ebi arbre a chat,Informational,90,10,0.20,"Image pack, Related searches"
etagere arbre a chat,Informational,90,19,0.24,"Image pack, Video, Related searches, Popular products"
fukumaru arbre à chat,"Informational, Transactional",90,20,0.20,"Image, Image pack, Video, Related searches"
gamm vert arbre à chat,Navigational,90,23,0.07,"Sitelinks, Image pack, People also ask, Related searches, Popular products, Ads bottom"
grand arbre à chat pas cher,Commercial,90,25,0.30,"Video, Related searches"
griffoir chat pas cher,"Informational, Commercial",90,28,0.32,"Video, People also ask, Related searches"
griffoire a chat,"Informational, Commercial",90,19,0.25,"Image pack, Video, Related searches"
griffoire chat pas cher,"Informational, Transactional",90,30,0.32,"Video, Video carousel, People also ask, Related searches, Popular products"
gros arbre à chat,Commercial,90,21,0.23,"Image, Image pack, Video, Related searches"
jardiland arbre a chat,"Navigational, Transactional",90,16,0.11,"Image pack, Related searches, Popular products"
leroy merlin arbre à chat,"Navigational, Transactional",90,31,0.66,"Sitelinks, Video, People also ask, Related searches"
panier arbre a chat,Informational,90,11,0.19,"Image, Image pack, Video, Related searches"
panier pour arbre a chat,"Informational, Transactional",90,17,0.17,"Image pack, Video, Video carousel, Related searches, Popular products"
panier pour chat animalis,"Navigational, Transactional",90,28,0.41,"Image, Image pack, Video, People also ask, Related searches"
plate forme arbre a chat,Commercial,90,19,0.17,"Video, Video carousel, Short videos, Related searches, Popular products"
plateforme arbre a chat,"Informational, Commercial",90,19,0.14,"Video, People also ask, Related searches, Popular products"
plateforme pour arbre a chat,Informational,90,14,0.14,"Image pack, Video, Related searches"
poteau arbre à chat gros diamètre,Informational,90,10,0.15,"Image pack, Related searches"
poteau chat,Informational,90,16,0.23,"Image pack, Video, People also ask, Related searches"
poteau pour arbre à chat,Informational,90,12,0.18,"Image pack, Video, Related searches, Popular products"
poteau pour chat,Transactional,90,14,0.23,"Image pack, Video, People also ask, Related searches, Popular products"
poteaux arbre a chat,Informational,90,15,0.20,"Video, Related searches, Popular products"
prix arbre à chat,Transactional,90,32,0.20,"Video, People also ask, Related searches, Popular products"
prix d un arbre à chat,Transactional,90,30,0.20,"Video, Related searches, Popular products"
promo arbre a chat,Commercial,90,20,0.26,"Video, Related searches"
rhrquality arbre à chat,Commercial,90,11,1.10,"Video, Related searches, Popular products, Ads top"
tectake arbre a chat,Transactional,90,23,0.34,"Video, Video carousel, Related searches"
tronc arbre chat,Informational,90,10,0.23,"Image pack, Video, Video carousel, Related searches"
tronc à griffer pour chat,"Informational, Transactional",90,16,0.24,"Video, Video carousel, People also ask, Related searches, Popular products"
un arbre à chat,Informational,90,27,0.18,"Image, Image pack, Video, Short videos, People also ask, Related searches"
vesper arbre a chat,Informational,90,16,0.29,"Image pack, Video, Related searches, Popular products"
amazone arbre a chat,,70,,0.09,
arbre a chat 1m50,"Informational, Commercial",70,19,0.18,"Video, People also ask, Related searches, Popular products"
arbre a chat 2 m,Commercial,70,17,0.20,"Video, Related searches"
arbre a chat 2 metre,Commercial,70,17,0.20,"Image pack, Video, Related searches"
arbre a chat aliexpress,"Navigational, Transactional",70,29,0.09,"Related searches, Popular products"
arbre a chat but,"Informational, Transactional",70,32,0.00,"Image pack, Video, Related searches, Popular products"
arbre a chat cache litiere,"Informational, Transactional",70,19,0.20,"Image pack, Video, Related searches, Popular products"
arbre a chat de qualité,Commercial,70,23,0.36,"Video, People also ask, Related searches, Popular products"
arbre a chat deco,"Informational, Transactional",70,20,0.31,"Image pack, Video, Video carousel, Short videos, Related searches, Popular products"
arbre a chat design pas cher,Commercial,70,31,0.32,"Image pack, Video, Video carousel, Related searches, Popular products, Ads bottom"
arbre a chat en bois a faire soi meme,Informational,70,12,0.00,"Image, Image pack, Video, Video carousel, Related searches"
arbre a chat en bois flotté,Informational,70,19,0.27,"Image, Image pack, Video, Video carousel, Short videos, Related searches, Popular products"
arbre a chat en promo,Commercial,70,31,0.17,"Video, Related searches, Popular products"
arbre a chat en promotion,Transactional,70,31,0.17,"Video, Related searches, Popular products"
arbre a chat en sisal,"Informational, Transactional",70,11,0.20,"Image pack, Video, Video carousel, People also ask, Related searches, Popular products"
arbre a chat escalier,Informational,70,13,0.40,"Image, Image pack, Video, People also ask, Related searches, Popular products"
arbre a chat gaya,Informational,70,8,0.27,"Image pack, Video, Related searches, Popular products"
arbre a chat haut et fin,Informational,70,31,0.21,"Image pack, Video, Video carousel, Related searches"
arbre a chat lapin,Informational,70,14,0.15,"Image pack, Video, People also ask, Related searches, Popular products"
arbre a chat maine coon en bois,Informational,70,12,0.40,"Image pack, Video, Video carousel, People also ask, Related searches, Popular products"
arbre a chat medor et compagnie,"Informational, Navigational",70,25,0.00,"Sitelinks, Image pack, Video, People also ask, Related searches, Popular products"
arbre a chat moyen,"Informational, Commercial",70,19,0.25,"Image pack, Video, Related searches"
arbre a chat murale bois,,70,,0.26,
arbre a chat paradise,"Informational, Transactional",70,23,0.37,"Image pack, Video, People also ask, Related searches, Popular products"
arbre a chat piece detachee,Informational,70,11,0.17,"Image pack, Video, Related searches, Popular products"
arbre a chat pour lapin,Informational,70,13,0.15,"Sitelinks, Image pack, Video, People also ask, Related searches, Popular products"
arbre a chat ragdoll,"Informational, Commercial",70,10,0.25,"Image pack, Video, People also ask, Related searches, Popular products"
arbre a chat rhr quality,Navigational,70,10,0.88,"Sitelinks, Image pack, Related searches"
arbre a chat sisal,Informational,70,20,0.19,"Image pack, Video, Video carousel, People also ask, Related searches, Popular products, Ads bottom"
arbre a chat stockomanie,,70,,0.00,
arbre a chat stokomani,,70,,0.00,
arbre a chat stylé,Informational,70,23,0.37,"Image pack, Video, Video carousel, Related searches, Popular products"
arbre a chat trixie xxl,,70,,0.22,
arbre a chats xxl,Commercial,70,28,0.36,"Image pack, Video, People also ask, Related searches, Popular products"
arbre a chay,Commercial,70,32,0.30,"Image pack, Video, Related searches"
arbre a gros chat,Informational,70,22,0.24,"Image pack, Video, Video carousel, Related searches, Popular products"
arbre chat blanc,"Informational, Transactional",70,18,0.22,"Image, Image pack, Video, Related searches"
arbre truffaut,"Navigational, Transactional",70,33,0.13,"Sitelinks, Image, Image pack, Video, People also ask, Related searches, Popular products, Ads middle"
arbre à chat action prix,"Navigational, Transactional",70,28,0.21,"Image pack, Video, Video carousel, Related searches"
arbre à chat b&m,Informational,70,21,0.00,"Image pack, Video, Related searches"
arbre à chat blanc,"Informational, Transactional",70,19,0.18,"Image pack, Video, People also ask, Related searches, Popular products"
arbre à chat botanic,Navigational,70,41,0.04,"Sitelinks, Image pack, People also ask, Related searches, Popular products"
arbre à chat champignon,"Informational, Transactional",70,16,0.24,"Image pack, Video, Related searches, Popular products"
arbre à chat déco,Informational,70,26,0.30,"Video, Video carousel, Short videos, Related searches, Popular products"
arbre à chat décoratif,Informational,70,26,0.30,"Image, Image pack, Video, Video carousel, Short videos, Related searches"
arbre à chat en promo,Transactional,70,30,0.26,"Image pack, Video, Related searches, Popular products"
arbre à chat leclerc promo,Navigational,70,25,0.39,"Sitelinks, Image pack, Video, Related searches, Popular products"
arbre à chat modulable,Informational,70,12,0.30,"Image, Image pack, Video, Video carousel, People also ask, Related searches"
arbre à chat original pas cher,Transactional,70,27,0.00,"Video, Related searches, Popular products"
arbre à chat pas cher amazon,"Navigational, Transactional",70,30,0.20,"Video, Related searches"
arbre à chat plan,Informational,70,16,0.00,"Image, Image pack, Video, Video carousel, Short videos, Related searches"
arbre à chat senior,Informational,70,10,0.16,"Image pack, Video, People also ask, Related searches, Popular products"
arbre à chat tom and co,Navigational,70,9,0.08,"Image pack, Related searches"
arbre à chat tronc naturel,Informational,70,8,0.38,"Image pack, Video, Video carousel, Related searches"
arbre à chat xl,Informational,70,17,0.20,"Video, Related searches, Popular products"
arbre à chat à donner,Informational,70,11,0.00,"Image pack, Video, Related searches"
arbres a chat xxl,Informational,70,19,0.35,"Video, Video carousel, Related searches, Popular products"
botanic arbre à chat,"Navigational, Transactional",70,19,0.07,"Sitelinks, Image pack, People also ask, Related searches, Popular products"
botanic chat,"Navigational, Transactional",70,21,0.10,"Sitelinks, Video, People also ask, Related searches"
cage a chat action,Navigational,70,31,0.16,"Sitelinks, Image pack, Video, Video carousel, People also ask, Related searches"
cdiscount arbre à chat,"Navigational, Transactional",70,27,0.26,"Image pack, People also ask, Related searches, Popular products"
chat truffaut,"Navigational, Transactional",70,26,0.10,"People also ask, Related searches"
chat xxl,Informational,70,19,0.00,"Image pack, Video, People also ask, Popular products"
cordelette pour arbre a chat,,70,,0.16,
coussin arbre a chat,Informational,70,14,0.11,"Image pack, Video, Related searches, Popular products"
destockage arbre à chat,Commercial,70,28,0.22,"Video, Related searches, Popular products"
faire un arbre a chat avec de la recup,Informational,70,27,0.00,"Video, Short videos, People also ask, Related searches"
griffoir chat ikea,Navigational,70,32,0.00,"Sitelinks, Image, Image pack, People also ask, Related searches"
griffoir chat xxl,Informational,70,10,0.23,"Image pack, Video, People also ask, Related searches"
griffoir mural pour chat,Informational,70,19,0.31,"Image, Image pack, Video, Short videos, People also ask, Related searches"
griffoirs chats,"Informational, Commercial",70,23,0.25,"Video, Related searches"
idee arbre a chat maison,Informational,70,23,0.00,"Image, Image pack, Video, Video carousel, People also ask, Related searches"
joli arbre à chat,Informational,70,21,0.27,"Image pack, Video, People also ask, Related searches, Popular products"
la foir fouille arbre a chat,"Informational, Transactional",70,20,0.00,"Image pack, People also ask, Related searches, Popular products"
laisse anione,"Informational, Transactional",70,23,0.21,"Image pack, Video, People also ask, Related searches, Popular products"
le bon coin arbre a chat,Navigational,70,29,0.00,Related searches
leboncoin arbre a chat,"Navigational, Transactional",70,30,0.00,Related searches
les arbres aux chats,Navigational,70,42,0.00,"Sitelinks, Video, Video carousel, Related searches"
liquidation arbre à chat,Commercial,70,28,0.14,"Video, People also ask, Related searches, Popular products"
litiere arbre a chat,Informational,70,21,0.23,"Image pack, Video, Related searches"
marque arbre,Navigational,70,11,0.31,"Image pack, Video, Video carousel, People also ask, Related searches, Popular products"
maxi zoo arbre à chat xxl,"Informational, Navigational",70,17,0.21,"Image pack, Related searches"
niche murale chat,"Informational, Transactional",70,19,0.30,"Image, Image pack, Video, Related searches"
perchoir chat fenêtre,Informational,70,19,0.20,"Image pack, People also ask, Related searches"
petit arbre à chat pas cher,"Informational, Transactional",70,19,0.30,"Video, People also ask, Related searches"
petrebel arbre a chat,Navigational,70,24,0.48,"Sitelinks, Image pack, Video, Related searches, Popular products"
petrebels arbre à chat xxl,"Navigational, Transactional",70,16,0.30,"Image pack, Video, Related searches"
piece detachee arbre a chat,Informational,70,7,0.13,"Video, Related searches, Popular products"
pieces detachees arbre a chat,Commercial,70,9,0.17,"Video, Related searches, Popular products"
pied arbre à chat,Informational,70,15,0.13,"Image pack, Video, Related searches, Popular products"
plateau arbre a chat,"Informational, Transactional",70,19,0.16,"Image pack, Video, Video carousel, Related searches, Popular products"
plateforme pour chat,Transactional,70,10,0.25,"Image pack, Video, Video carousel, Short videos, People also ask, Related searches, Popular products"
poteau a griffer pour chat,Informational,70,11,0.21,"Video, Related searches, Popular products"
poteau à chat,Informational,70,10,0.23,"Image pack, Video, Related searches"
songmics arbre à chat,"Navigational, Transactional",70,7,0.24,"Image pack, Video, Related searches, Popular products"
tete de chat arbre,Informational,70,19,0.00,"Image pack, Video, Video carousel, Short videos, People also ask, Related searches"
tissu arbre a chat,Informational,70,19,0.10,"Image, Image pack, Video, Video carousel, People also ask, Related searches, Popular products"
tissus pour arbre a chat,"Informational, Commercial",70,14,0.10,"Image pack, Video, People also ask, Related searches"
tonneau griffoir chat xxl,Informational,70,20,0.26,"Image pack, Video, People also ask, Related searches, Popular products"
tour à griffer pour chat xxl,"Informational, Commercial",70,10,0.25,"Image pack, Video, Related searches, Popular products"
tube griffoir chat,Informational,70,15,0.00,"Video, Video carousel, Short videos, Related searches, Popular products"
tuto arbre a chat,Informational,70,17,0.00,"Image pack, Video, Video carousel, Short videos, People also ask, Related searches"
villaverde arbre a chat,"Informational, Transactional",70,16,0.23,"Image pack, Video, People also ask, Related searches, Popular products"
yaheetech arbre à chat,"Informational, Commercial",70,19,0.19,"Image pack, Video, People also ask, Related searches"
animalis arbre à chat xxl,"Navigational, Transactional",50,17,0.55,"Image pack, Related searches, Popular products"
arbochat,"Informational, Transactional",50,13,0.00,"Image pack, Video"
arbre a chat 150 cm,"Informational, Commercial",50,15,0.17,"Image pack, Video, Related searches, Popular products"
arbre a chat 1m60,Informational,50,14,0.20,"Image pack, Video, Related searches, Popular products"
arbre a chat 1m70,Informational,50,17,0.18,"Video, Related searches, Popular products"
arbre a chat 2 chats,Informational,50,16,0.25,"Video, Video carousel, People also ask, Related searches"
arbre a chat amazon grand,Navigational,50,30,0.14,"Video, Related searches"
arbre a chat avec panier,"Informational, Commercial",50,13,0.28,"Image, Image pack, Video, People also ask, Related searches"
arbre a chat balcon,Informational,50,13,0.19,"Image pack, Video, People also ask, Local pack, Related searches"
arbre a chat bengal,,50,,0.27,
arbre a chat beuge,Informational,50,11,0.21,"Image, Image pack, Video, Related searches, Popular products"
arbre a chat catit vesper,,50,,0.00,
arbre a chat champignon,"Informational, Transactional",50,16,0.33,"Image pack, Video, Related searches, Popular products"
arbre a chat coloré,Informational,50,8,0.27,"Image, Image pack, Video, Related searches"
arbre a chat cylindrique,Commercial,50,18,0.29,"Image, Image pack, Video, Related searches"
arbre a chat de noel,Informational,50,11,0.00,"Image, Image pack, Video, People also ask, Related searches, Popular products"
arbre a chat decoratif,,50,,0.31,
arbre a chat dessin,Informational,50,22,0.00,"Image, Image pack, Video, Video carousel, Related searches"
arbre a chat dinosaure geant,Informational,50,14,0.00,"Image pack, Video, Video carousel, Short videos, Related searches"
arbre a chat echelle,Informational,50,15,0.17,"Image pack, Video, Related searches, Popular products"
arbre a chat enorme,Informational,50,19,0.39,"Image pack, Video, Video carousel, People also ask, Related searches, Popular products"
arbre a chat gothique,"Informational, Transactional",50,8,0.00,"Image pack, Video, People also ask, Popular products"
arbre a chat grande taille,,50,,0.25,
arbre a chat humberto,Informational,50,7,0.24,"Image pack, Video, Related searches, Popular products"
arbre a chat jusqu'au plafond,Commercial,50,17,0.26,"Video, Related searches"
arbre a chat la redoute,"Informational, Navigational",50,23,0.13,"Image pack, Video, Related searches"
arbre a chat lama,Informational,50,5,0.48,"Image pack, Video, Video carousel, Related searches"
arbre a chat leopard,,50,,0.20,
arbre a chat lionto,Informational,50,18,0.15,"Image pack, Video"
arbre a chat litière,Informational,50,17,0.19,"Image pack, Video, Related searches"
arbre a chat minecraft,Informational,50,26,0.00,"Image, Image pack, Video, Short videos"
arbre a chat mural diy,Informational,50,16,0.00,"Image pack, Video, Video carousel, Related searches"
arbre a chat panier,"Informational, Commercial",50,17,0.35,"Image, Image pack, Video, Related searches"
arbre a chat pour balcon,Commercial,50,12,0.19,"Image pack, Video, People also ask, Related searches"
arbre a chat robuste,Commercial,50,19,0.27,"Sitelinks, Video, People also ask, Related searches"
arbre a chat sarah maxi zoo,,50,,0.00,
arbre a chat special maine coon,Commercial,50,14,0.35,"Image pack, Video, Video carousel, Related searches, Popular products"
arbre a chat tour griffoir,"Informational, Transactional",50,14,0.27,"Image pack, Video, Related searches, Popular products"
arbre a chat vounot,"Informational, Transactional",50,,0.69,"Image pack, Related searches"
arbre a chat zolia,Informational,50,15,0.23,"Image pack, Video, Related searches, Popular products, Ads bottom"
arbre a chats animalis,,50,,0.39,
arbre a.chat,Commercial,50,31,0.25,Popular products
arbre chat carton,Informational,50,7,0.41,"Image, Image pack, Video, Video carousel, Short videos, Related searches, Popular products"
arbre chat griffoir,"Informational, Transactional",50,31,0.50,"Image pack, Video, Related searches, Popular products"
arbre chat gris,Informational,50,11,0.32,"Image, Video, Related searches, Popular products"
arbre à cha,Transactional,50,33,0.30,"Image pack, Video, Video carousel, People also ask, Related searches, Popular products"
arbre à chat 170 cm,"Informational, Transactional",50,19,0.19,"Image pack, Video, People also ask, Related searches, Popular products"
arbre à chat adulte solide,"Informational, Commercial",50,14,0.19,"Video, Video carousel, People also ask, Related searches, Popular products"
arbre à chat avec griffoirs,Commercial,50,20,0.17,"Video, Video carousel, Short videos, People also ask, Related searches, Popular products"
arbre à chat black friday,"Informational, Transactional",50,11,0.00,"Video, People also ask, Related searches, Popular products"
arbre à chat en promotion,Commercial,50,19,0.26,"Video, Related searches, Popular products"
arbre à chat extérieur bois,Informational,50,18,0.21,"Image pack, Video, Short videos, Related searches, Popular products"
arbre à chat geant,Commercial,50,21,0.38,"Image pack, Video, Related searches"
arbre à chat gris,"Informational, Transactional",50,28,0.32,"Image, Image pack, Video, Related searches"
arbre à chat géant grand chat xxl,Commercial,50,19,0.32,"Image pack, Video, Video carousel, Related searches"
arbre à chat pour gros chat maine coon,Commercial,50,14,0.32,"Image pack, Video, Video carousel, Short videos, Related searches, Popular products"
arbre à chat sur amazon,"Navigational, Transactional",50,30,0.14,"Image, Image pack, Related searches"
arvre a chat,Transactional,50,31,0.25,"Image pack, Video, Video carousel, Related searches, Popular products"
black friday arbre a chat,Transactional,50,15,0.00,"Video, Related searches, Popular products"
but arbre a chat,"Navigational, Transactional",50,22,0.00,Related searches
colonne griffoir chat,Commercial,50,12,0.18,"Image pack, Video, Related searches, Popular products"
coupe griffe chat maxi zoo,"Informational, Transactional",50,20,0.10,"Image pack, People also ask, Related searches, Popular products"
echelle arbre a chat,Informational,50,21,0.17,"Image pack, Video, People also ask, Related searches, Popular products"
echelle pour arbre a chat,"Informational, Transactional",50,25,0.17,"Image pack, Video, People also ask, Related searches, Popular products"
enorme arbre a chat,Informational,50,17,0.39,"Video, Video carousel, Related searches, Popular products"
foir fouille arbre a chat,,50,,0.00,
griffoir chat bois,Informational,50,10,0.22,"Image, Image pack, Video, People also ask, Related searches, Popular products"
griffoir chat en sisal,Commercial,50,16,0.27,"Image pack, Video, Short videos, People also ask"
griffoir pour chat amazon,"Informational, Transactional",50,33,0.08,"Image pack, People also ask, Related searches, Popular products"
grifoir,Informational,50,25,0.30,"Image, Image pack, Video, People also ask, Related searches"
hamiform arbre a chat,"Informational, Transactional",50,7,0.36,"Image pack, Related searches, Popular products"
joli griffoir chat,Commercial,50,14,0.37,"Image, Image pack, Video, Related searches"
l'arbre a chats,,50,,0.51,
l'arbre à chat,Commercial,50,36,0.33,"Image, Video, Video carousel, Local pack, Related searches"
la redoute arbre a chat,Navigational,50,23,0.13,"Image pack, Video, Related searches, Popular products"
le chat soldes,Informational,50,11,0.39,"Video, People also ask, Related searches, Popular products, Ads bottom"
lego friends arbre a chat,Informational,50,24,0.51,"Image, Image pack, Video, Related searches"
lego friends la fete d'anniversaire et l'arbre a chat,Informational,50,23,0.17,"Related searches, Popular products"
maison du monde arbre a chat,Informational,50,21,0.11,"Image pack, People also ask, Related searches"
mobilier pour chats,Commercial,50,,0.26,"Image pack, Video, People also ask, Related searches"
panier pour arbre à chat,Informational,50,16,0.15,"Image pack, Video, Related searches"
piece détachée arbre a chat,Informational,50,9,0.13,"Video, Related searches"
pièces de rechange pour arbres à chat,Informational,50,8,0.15,"Video, Related searches"
plateau pour arbre a chat,Informational,50,10,0.16,"Image pack, Video, Video carousel, Related searches, Popular products"
plateforme murale chat,Commercial,50,7,0.30,"Image, Image pack, Video, Video carousel, Related searches"
rhr arbre a chat,"Informational, Transactional",50,9,1.38,"Image pack, Related searches"
sisal pour arbre à chat,Commercial,50,10,0.13,"Image pack, Video, Video carousel, People also ask, Related searches, Popular products"
stokomani arbre a chat,,50,,0.00,
tissu pour arbre a chat,Informational,50,19,0.09,"Image pack, Video, People also ask, Related searches, Popular products"
tom and co arbre à chat,Navigational,50,17,0.08,"Video, People also ask, Related searches"
tonneau arbre a chat,,50,,0.30,
tour à griffer,"Informational, Transactional",50,,0.27,"Image pack, Video, Related searches"
tronc a griffer,Informational,50,15,0.19,"Image pack, Video, Related searches, Popular products"
tronc griffoir chat,Informational,50,12,0.27,"Image pack, Video, Related searches"
zoofari arbre à chat,Informational,50,19,0.14,"Image, Image pack, Video, People also ask, Related searches, Popular products"
arbre a chat aldi,,40,,0.00,
arbre a chat cactus vert,,40,,0.29,
arbre a chat charlie more,,40,,0.53,
arbre a chat double,,40,,0.23,
arbre a chat feandra,,40,,0.17,
arbre a chat feuille,,40,,0.00,
arbre a chat lucano,,40,,0.24,
arbre a chat minimaliste,,40,,0.23,
arbre a chat mural maison,,40,,0.28,
arbre a chat pas chère,,40,,0.38,
arbre a chat songmics,,40,,0.25,
arbre a chat tom&co,,40,,0.03,
arbre a chat tres haut,,40,,0.20,
arbre a chats lidl,,40,,0.12,
arbre a griffe chat,,40,,0.28,
fabriquer un arbre a chat exterieur,,40,,0.00,
feandrea arbre a chat,,40,,0.18,
grand arbre a chat solide,,40,,0.40,
grand arbre a chats,,40,,0.26,
l arbre a chat association,,40,,0.00,
l'arbre a chat,,40,,0.51,
reparer arbre a chat,,40,,0.00,
rh quality arbre a chat,,40,,0.00,
rondin arbre a chat,,40,,0.13,
rouleau arbre a chat,,40,,0.17,
action arbre a chat xxl,,30,,0.00,
aliexpress arbre a chat,,30,,0.25,
arbre a chat 160 cm,,30,,0.22,
arbre a chat 180cm,,30,,0.25,
arbre a chat angle,,30,,0.21,
arbre a chat au mur,,30,,0.20,
arbre a chat avec feuillage,,30,,0.15,
arbre a chat avec grande plateforme,,30,,0.21,
arbre a chat avec maison de toilette,,30,,0.17,
arbre a chat bas,,30,,0.34,
arbre a chat bateau,,30,,0.00,
arbre a chat bitiba,,30,,0.34,
arbre a chat bleu,,30,,0.76,
arbre a chat bois flotté boulogne sur mer,,30,,0.00,
arbre a chat boreal zolux,,30,,0.00,
arbre a chat bouleau,,30,,0.00,
arbre a chat branche bois,,30,,0.00,
arbre a chat bureau,,30,,0.18,
arbre a chat c discount,,30,,0.45,
arbre a chat cabane,,30,,0.22,
arbre a chat catit,,30,,0.19,
arbre a chat compact,,30,,0.17,
arbre a chat conforama,,30,,0.00,
arbre a chat dehoussable,,30,,0.19,
arbre a chat du sol au plafond,,30,,0.13,
arbre a chat en arbre,,30,,0.19,
arbre a chat en bois flotte,,30,,0.27,
arbre a chat en forme de sapin,,30,,0.00,
arbre a chat en forme de sapin de noel,,30,,0.00,
arbre a chat famiflora,,30,,0.00,
arbre a chat feandrea gris,,30,,0.00,
arbre a chat fin,,30,,0.15,
arbre a chat flamingo,,30,,0.25,
arbre a chat fleur blanc,,30,,0.18,
arbre a chat flower,,30,,0.00,
arbre a chat gain de place,,30,,0.06,
arbre a chat halloween,,30,,0.00,
arbre a chat heybly,,30,,0.19,
arbre a chat industriel,,30,,0.00,
arbre a chat la foir'fouille,,30,,0.00,
arbre a chat la foire fouille,,30,,0.00,
arbre a chat lavable,,30,,0.19,
arbre a chat leeby,,30,,0.17,
arbre a chat lego,,30,,0.00,
arbre a chat lune,,30,,0.00,
arbre a chat maerte,,30,,0.44,
arbre a chat martin sellier,,30,,0.00,
arbre a chat mural design,,30,,0.26,
arbre a chat natural paradise magnolia xl,,30,,0.00,
arbre a chat neko,,30,,0.00,
arbre a chat noir et bois,,30,,0.30,
arbre a chat petit appartement,,30,,0.13,
arbre a chat petrebel,,30,,0.25,
arbre a chat poteau xxl,,30,,0.38,
arbre a chat pour l'extérieur,,30,,0.12,
arbre a chat pour ragdoll,,30,,0.25,
arbre a chat qualité,,30,,0.44,
arbre a chat rhr,,30,,1.08,
arbre a chat rune more,,30,,0.40,
arbre a chat senior,,30,,0.13,
arbre a chat stable,,30,,0.22,
arbre a chat terracotta,,30,,0.00,
arbre a chat trixie lucano,,30,,0.41,
arbre a chat vertical,,30,,0.23,
arbre a chat xxl bois,,30,,0.35,
arbre a chat xxxl,,30,,0.27,
arbre a chat zoo plus,,30,,0.28,
arbre a chat zoofari,,30,,0.00,
association l arbre a chat charente,,30,,0.00,
azkara arbre a chat,,30,,0.29,
bel arbre a chat,,30,,0.35,
bitiba arbre a chat,,30,,0.34,
costway arbre a chat,,30,,0.31,
diy arbre a chat design,,30,,0.00,
flower arbre a chat fleur,,30,,0.20,
ikea arbre a chat,,30,,0.00,
joli arbre a chat,,30,,0.22,
lama arbre a chat,,30,,0.00,
lego arbre a chat,,30,,0.00,
lego la fete d anniversaire et l arbre a chat,,30,,0.00,
maine coon arbre a chat,,30,,0.56,
marque arbre a chat,,30,,0.44,
maxizoo arbre a chat,,30,,0.17,
more arbre a chat,,30,,0.31,
noz arbre a chat,,30,,0.00,
original arbre a chat design luxe,,30,,0.00,
piece arbre a chat,,30,,0.15,
piece de rechange arbre a chat,,30,,0.16,
plante arbre a chat,,30,,0.00,
poteau arbre a chat 50 cm,,30,,0.16,
praska arbre a chat,,30,,0.00,
quel arbre a chat choisir,,30,,0.18,
songmics arbre a chat,,30,,0.25,
stockomanie arbre a chat,,30,,0.00,
tour arbre a chat,,30,,0.28,
vis arbre a chat,,30,,0.12,
zolia arbre a chat,,30,,0.28,
a chat qu'un son arbre,,20,,0.00,
a quoi sert un arbre a chat,,20,,0.00,
achat arbre a chat,,20,,0.31,
acheter arbre a chat,,20,,0.39,
acheter arbre a chat pas cher,,20,,0.22,
acheter un arbre a chat,,20,,0.28,
aldi arbre a chat,,20,,0.00,
amazon arbre a chat bois,,20,,0.16,
amazon arbre a chat feandrea,,20,,0.00,
amazon arbre a chat geant,,20,,0.00,
amazon arbre a chat pas cher,,20,,0.20,
amazon arbre a chat xxl,,20,,0.15,
amazon arbre a chats,,20,,0.15,
amazon prime arbre a chat,,20,,0.19,
amazone arbre a chat pas cher,,20,,0.20,
animalerie arbre a chat,,20,,0.13,
animaux villa arbre a chat,,20,,0.65,
anio arbre a chat,,20,,0.25,
anione wild variety arbre a chat,,20,,0.00,
aosom arbre a chat,,20,,0.48,
ar quality arbre a chat,,20,,0.36,
arbre a chat 1,,20,,0.00,
arbre a chat 1 m,,20,,0.22,
arbre a chat 1 metre,,20,,0.15,
arbre a chat 100 cm,,20,,0.22,
arbre a chat 100cm,,20,,0.22,
arbre a chat 110 cm,,20,,0.18,
arbre a chat 115 cm,,20,,0.11,
arbre a chat 120 cm,,20,,0.18,
arbre a chat 130 cm,,20,,0.14,
arbre a chat 140 cm,,20,,0.17,
arbre a chat 145 cm,,20,,0.15,
arbre a chat 170,,20,,0.24,
arbre a chat 170 cm,,20,,0.19,
arbre a chat 170 cm pas cher,,20,,0.00,
arbre a chat 175 cm,,20,,0.24,
arbre a chat 180,,20,,0.50,
arbre a chat 1m10,,20,,0.00,
arbre a chat 1m20,,20,,0.16,
arbre a chat 1m30,,20,,0.22,
arbre a chat 1m40,,20,,0.32,
arbre a chat 2 etages,,20,,0.20,
arbre a chat 2 hamacs,,20,,0.22,
arbre a chat 2 niches,,20,,0.15,
arbre a chat 2 paniers,,20,,0.00,
arbre a chat 2 plateaux,,20,,0.19,
arbre a chat 20 euros,,20,,0.00,
arbre a chat 200 cm,,20,,0.27,
arbre a chat 240,,20,,0.00,
arbre a chat 240 cm,,20,,0.17,
arbre a chat 250 cm,,20,,0.19,
arbre a chat 260 cm,,20,,0.21,
arbre a chat 2m de haut,,20,,0.24,
arbre a chat 2m40,,20,,0.17,
arbre a chat 2m50,,20,,0.24,
arbre a chat 2m60,,20,,0.00,
arbre a chat 3 chats,,20,,0.22,
arbre a chat 3 etages,,20,,0.00,
arbre a chat 3 niches,,20,,0.14,
arbre a chat 3 pieds,,20,,0.00,
arbre a chat 3 plateformes,,20,,0.14,
arbre a chat 30 euros,,20,,0.00,
arbre a chat 3m,,20,,0.25,
arbre a chat 4 pieds,,20,,0.23,
arbre a chat 60 cm,,20,,0.28,
arbre a chat 70 cm,,20,,0.00,
arbre a chat 80 cm,,20,,0.17,
arbre a chat 85 cm,,20,,0.20,
arbre a chat 90 cm,,20,,0.16,
arbre a chat a accrocher au mur,,20,,0.27,
arbre a chat a action,,20,,0.00,
arbre a chat a composer,,20,,0.23,
arbre a chat a construire,,20,,0.00,
arbre a chat a construire soi meme,,20,,0.00,
arbre a chat a donner,,20,,0.00,
arbre a chat a fabriquer,,20,,0.00,
arbre a chat a fabriquer soi meme,,20,,0.00,
arbre a chat a faire,,20,,0.00,
arbre a chat a faire maison,,20,,0.00,
arbre a chat a faire soi meme facile,,20,,0.00,
arbre a chat a fixer au mur,,20,,0.23,
arbre a chat a gifi,,20,,0.00,
arbre a chat a partir de quel age,,20,,0.00,
arbre a chat a petit prix,,20,,0.00,
arbre a chat a suspendre,,20,,0.12,
arbre a chat a suspendre porte,,20,,0.20,
arbre a chat a vendre,,20,,0.00,
arbre a chat abey,,20,,0.00,
arbre a chat abigail,,20,,0.00,
arbre a chat accessoire,,20,,0.00,
arbre a chat accroche porte,,20,,0.18,
arbre a chat accroché au mur,,20,,0.13,
arbre a chat acheter,,20,,0.00,
arbre a chat action cactus,,20,,0.00,
arbre a chat action montage,,20,,0.00,
arbre a chat action notice,,20,,0.00,
arbre a chat action prix,,20,,0.00,
arbre a chat adulte amazon,,20,,0.00,
arbre a chat adulte design,,20,,0.00,
arbre a chat adulte pas cher,,20,,0.08,
arbre a chat adulte solide,,20,,0.22,
arbre a chat aesthetic,,20,,0.00,
arbre a chat agile,,20,,0.00,
arbre a chat algerie,,20,,0.00,
arbre a chat alibaba,,20,,0.00,
arbre a chat alicante,,20,,0.00,
arbre a chat allemagne,,20,,0.68,
arbre a chat allemand,,20,,0.45,
arbre a chat altea,,20,,0.00,
arbre a chat amadeus,,20,,0.00,
arbre a chat amazon ca,,20,,0.00,
arbre a chat amazon canada,,20,,0.00,
arbre a chat amazon pas cher,,20,,0.18,
arbre a chat amazon prime,,20,,0.00,
arbre a chat amazone,,20,,0.09,
arbre a chat and just like that,,20,,0.00,
arbre a chat anglais,,20,,0.00,
arbre a chat animal crossing,,20,,0.00,
arbre a chat animalerie,,20,,0.13,
arbre a chat animalerie leclerc,,20,,0.00,
arbre a chat animaux,,20,,0.00,
arbre a chat animaux villa,,20,,0.00,
arbre a chat anione wild variety,,20,,0.00,
arbre a chat anthracite,,20,,0.00,
arbre a chat aosom,,20,,0.38,
arbre a chat appartement,,20,,0.18,
arbre a chat arbre de noel,,20,,0.00,
arbre a chat arbre naturel,,20,,0.00,
arbre a chat artisanal,,20,,0.40,
arbre a chat atlas,,20,,0.00,
arbre a chat autour de moi,,20,,0.00,
arbre a chat ava,,20,,0.00,
arbre a chat avec 2 hamac,,20,,0.21,
arbre a chat avec arbre,,20,,0.00,
arbre a chat avec bac a litiere,,20,,0.30,
arbre a chat avec branche,,20,,0.00,
arbre a chat avec bulle,,20,,0.00,
arbre a chat avec bulle transparente,,20,,0.19,
arbre a chat avec cabane,,20,,0.18,
arbre a chat avec cachette,,20,,0.00,
arbre a chat avec caisse de vin,,20,,0.00,
arbre a chat avec caisse en bois,,20,,0.00,
arbre a chat avec corde,,20,,0.00,
arbre a chat avec des palette,,20,,0.00,
arbre a chat avec des palettes,,20,,0.00,
arbre a chat avec echelle,,20,,0.00,
arbre a chat avec escalier,,20,,0.17,
arbre a chat avec feuilles,,20,,0.15,
arbre a chat avec gamelle en hauteur,,20,,0.16,
arbre a chat avec grand hamac,,20,,0.18,
arbre a chat avec grand plateau,,20,,0.23,
arbre a chat avec griffoir beige,,20,,0.00,
arbre a chat avec gros poteau,,20,,0.20,
arbre a chat avec gros tronc,,20,,0.20,
arbre a chat avec hamac pas cher,,20,,0.14,
arbre a chat avec jeux,,20,,0.00,
arbre a chat avec jouet,,20,,0.00,
arbre a chat avec litiere integre,,20,,0.13,
arbre a chat avec litière,,20,,0.21,
arbre a chat avec maison,,20,,0.00,
arbre a chat avec meuble,,20,,0.21,
arbre a chat avec meuble litiere,,20,,0.10,
arbre a chat avec niche,,20,,0.16,
arbre a chat avec palette,,20,,0.00,
arbre a chat avec panier osier,,20,,0.21,
arbre a chat avec passerelle,,20,,0.00,
arbre a chat avec plateforme,,20,,0.31,
arbre a chat avec pont,,20,,0.00,
arbre a chat avec rangement,,20,,0.23,
arbre a chat avec roue,,20,,0.14,
arbre a chat avec souris,,20,,0.00,
arbre a chat avec toboggan,,20,,0.00,
arbre a chat avec touret,,20,,0.00,
arbre a chat avec tronc d'arbre,,20,,0.00,
arbre a chat avec tunnel,,20,,0.27,
arbre a chat avec un vrai tronc,,20,,0.00,
arbre a chat avec vrai arbre,,20,,0.00,
arbre a chat avec vrai bois,,20,,0.00,
arbre a chat avis,,20,,0.00,
arbre a chat azkara 3,,20,,0.36,
arbre a chat azkara 5,,20,,0.52,
arbre a chat b et m,,20,,0.00,
arbre a chat babou,,20,,0.00,
arbre a chat bac a litiere,,20,,0.00,
arbre a chat bambou,,20,,0.00,
arbre a chat banana,,20,,0.00,
arbre a chat banana leaf,,20,,0.00,
arbre a chat bananier,,20,,0.00,
arbre a chat bancale,,20,,0.00,
arbre a chat baobab,,20,,0.00,
arbre a chat barney,,20,,0.00,
arbre a chat barre,,20,,0.00,
arbre a chat basique,,20,,0.00,
arbre a chat bateau pirate,,20,,0.00,
arbre a chat baza,,20,,0.00,
arbre a chat bazarland,,20,,0.00,
arbre a chat be one breed,,20,,0.00,
arbre a chat beasty,,20,,0.00,
arbre a chat beasty action,,20,,0.00,
arbre a chat beau rivage,,20,,0.00,
arbre a chat beauvais,,20,,0.00,
arbre a chat bebe,,20,,0.00,
arbre a chat becquet,,20,,0.00,
arbre a chat beeztees,,20,,0.00,
arbre a chat beige amazon,,20,,0.12,
arbre a chat beige avec hamac,,20,,0.00,
arbre a chat beige bois,,20,,0.18,
arbre a chat beige et marron,,20,,0.00,
arbre a chat beige pas cher,,20,,0.20,
arbre a chat bellary,,20,,0.00,
arbre a chat bibliotheque,,20,,0.00,
arbre a chat big cat,,20,,0.00,
arbre a chat blanc design,,20,,0.00,
arbre a chat blanc et bois,,20,,0.20,
arbre a chat blanc pas cher,,20,,0.18,
arbre a chat bleu canard,,20,,0.00,
arbre a chat boheme,,20,,0.16,
arbre a chat bois amazon,,20,,0.13,
arbre a chat bois artisanal,,20,,0.00,
arbre a chat bois blanc,,20,,0.00,
arbre a chat bois brut,,20,,0.00,
arbre a chat bois cdiscount,,20,,0.00,
arbre a chat bois design,,20,,0.28,
arbre a chat bois diy,,20,,0.00,
arbre a chat bois et beige,,20,,0.14,
arbre a chat bois et blanc,,20,,0.18,
arbre a chat bois et metal,,20,,0.00,
arbre a chat bois et noir,,20,,0.00,
arbre a chat bois et osier,,20,,0.18,
arbre a chat bois foncé,,20,,0.20,
arbre a chat bois jardiland,,20,,0.00,
arbre a chat bois maison,,20,,0.00,
arbre a chat bois mural,,20,,0.00,
arbre a chat bois pas cher,,20,,0.33,
arbre a chat bois veritable,,20,,0.00,
arbre a chat bois vesper,,20,,0.00,
arbre a chat bonne qualité,,20,,0.38,
arbre a chat bora bora,,20,,0.00,
arbre a chat bordeaux,,20,,0.00,
arbre a chat bouclette,,20,,0.16,
arbre a chat boule,,20,,0.00,
arbre a chat boule osier,,20,,0.00,
arbre a chat brest,,20,,0.00,
arbre a chat brico,,20,,0.00,
arbre a chat brico leclerc,,20,,0.00,
arbre a chat bricolage,,20,,0.00,
arbre a chat bricomarché,,20,,0.04,
arbre a chat bricorama,,20,,0.00,
arbre a chat british shorthair,,20,,0.28,
arbre a chat brun,,20,,0.00,
arbre a chat bulle,,20,,0.19,
arbre a chat bulle transparente,,20,,0.29,
arbre a chat burned wood,,20,,0.00,
arbre a chat cachette,,20,,0.00,
arbre a chat cactus amazon,,20,,0.00,
arbre a chat cactus gifi,,20,,0.00,
arbre a chat cactus plafond,,20,,0.00,
arbre a chat cagette,,20,,0.00,
arbre a chat caisse,,20,,0.00,
arbre a chat caisse a vin,,20,,0.00,
arbre a chat caisse en bois,,20,,0.00,
arbre a chat canada,,20,,0.00,
arbre a chat candy,,20,,0.00,
arbre a chat candy anione,,20,,0.00,
arbre a chat cap animal,,20,,0.00,
arbre a chat carotte,,20,,0.00,
arbre a chat carre,,20,,0.26,
arbre a chat carré,,20,,0.26,
arbre a chat carton diy,,20,,0.00,
arbre a chat castorama,,20,,0.00,
arbre a chat cat tree,,20,,0.30,
arbre a chat cat's flower,,20,,0.38,
arbre a chat catharina,,20,,0.00,
arbre a chat catherine,,20,,0.29,
arbre a chat catry,,20,,0.00,
arbre a chat cdiscount sisal,,20,,0.00,
arbre a chat cercueil,,20,,0.00,
arbre a chat charlie,,20,,0.24,
arbre a chat charlie gris,,20,,0.00,
arbre a chat charlotte,,20,,0.00,
arbre a chat chat,,20,,0.00,
arbre a chat chateau,,20,,0.35,
arbre a chat chateau fort,,20,,0.00,
arbre a chat chateau harry potter,,20,,0.00,
arbre a chat chateau poudlard,,20,,0.00,
arbre a chat cher,,20,,0.00,
arbre a chat chester,,20,,0.00,
arbre a chat chez action,,20,,0.17,
arbre a chat chez amazone,,20,,0.00,
arbre a chat chez animalis,,20,,0.00,
arbre a chat chez bm,,20,,0.00,
arbre a chat chez botanic,,20,,0.00,
arbre a chat chez gifi,,20,,0.00,
arbre a chat chez jardiland,,20,,0.00,
arbre a chat chez leclerc,,20,,0.00,
arbre a chat chez lidl,,20,,0.00,
arbre a chat chez maxi zoo,,20,,0.00,
arbre a chat chez maxizoo,,20,,0.00,
arbre a chat chez noz,,20,,0.00,
arbre a chat chez truffaut,,20,,0.06,
arbre a chat chic,,20,,0.32,
arbre a chat chien,,20,,0.00,
arbre a chat cinto,,20,,0.00,
arbre a chat city cat,,20,,0.00,
arbre a chat clair,,20,,0.22,
arbre a chat classe,,20,,0.00,
arbre a chat classique,,20,,0.00,
arbre a chat cocktail scandinave,,20,,0.00,
arbre a chat cocooning,,20,,0.00,
arbre a chat cocotier,,20,,0.00,
arbre a chat coin,,20,,0.00,
arbre a chat coin de mur,,20,,0.00,
arbre a chat colonne plafond,,20,,0.00,
arbre a chat com,,20,,0.00,
arbre a chat comparatif,,20,,0.21,
arbre a chat confort,,20,,0.26,
arbre a chat confortable,,20,,0.11,
arbre a chat conseil,,20,,0.00,
arbre a chat construction,,20,,0.00,
arbre a chat construire,,20,,0.00,
arbre a chat contemporain,,20,,0.00,
arbre a chat cora,,20,,0.00,
arbre a chat corbeille,,20,,0.00,
arbre a chat corner coon,,20,,0.27,
arbre a chat costaud,,20,,0.24,
arbre a chat costco,,20,,0.00,
arbre a chat costway,,20,,0.27,
arbre a chat cosy,,20,,0.00,
arbre a chat cosy chic,,20,,0.18,
arbre a chat cote nature,,20,,0.00,
arbre a chat couchage,,20,,0.00,
arbre a chat couleur,,20,,0.00,
arbre a chat coussin,,20,,0.00,
arbre a chat coussin lavable,,20,,0.24,
arbre a chat creme,,20,,0.18,
arbre a chat croci,,20,,0.00,
arbre a chat cube,,20,,0.00,
arbre a chat curacao,,20,,0.00,
arbre a chat d exterieur,,20,,0.17,
arbre a chat d occasion,,20,,0.09,
arbre a chat d'angle xxl,,20,,0.00,
arbre a chat darty,,20,,0.00,
arbre a chat david becquet,,20,,0.00,
arbre a chat de bonne qualité,,20,,0.29,
arbre a chat de grande qualite,,20,,0.00,
arbre a chat de voyage,,20,,0.17,
arbre a chat dehoussable et lavable,,20,,0.18,
arbre a chat delbard,,20,,0.00,
arbre a chat denver,,20,,0.26,
arbre a chat design amazon,,20,,0.00,
arbre a chat design blanc,,20,,0.00,
arbre a chat design bois,,20,,0.36,
arbre a chat design en bois,,20,,0.29,
arbre a chat design fleur,,20,,0.00,
arbre a chat design japonais,,20,,0.00,
arbre a chat design maine coon,,20,,0.29,
arbre a chat design moderne,,20,,0.00,
arbre a chat design mural,,20,,0.00,
arbre a chat design noir,,20,,0.00,
arbre a chat design rotin,,20,,0.00,
arbre a chat design scandinave,,20,,0.00,
arbre a chat design vesper,,20,,0.00,
arbre a chat designed by lotte,,20,,0.00,
arbre a chat desjardins,,20,,0.00,
arbre a chat destockage,,20,,0.26,
arbre a chat deux chats,,20,,0.16,
arbre a chat devant fenetre,,20,,0.00,
arbre a chat devon rex,,20,,0.00,
arbre a chat dexterieur,,20,,0.19,
arbre a chat dibea,,20,,0.00,
arbre a chat dimension,,20,,0.00,
arbre a chat diplodocus,,20,,0.00,
arbre a chat discret,,20,,0.20,
arbre a chat disney,,20,,0.00,
arbre a chat diy bois,,20,,0.00,
arbre a chat doggy and co,,20,,0.00,
arbre a chat dolomit,,20,,0.00,
arbre a chat dominique,,20,,0.00,
arbre a chat donner,,20,,0.00,
arbre a chat double hamac,,20,,0.00,
arbre a chat douillet,,20,,0.00,
arbre a chat drole,,20,,0.00,
arbre a chat e leclerc,,20,,0.00,
arbre a chat ebay,,20,,0.00,
arbre a chat ebi lifestyle for pets,,20,,0.00,
arbre a chat ebi oslo,,20,,0.00,
arbre a chat elegant,,20,,0.27,
arbre a chat emilie,,20,,0.00,
arbre a chat emilie anione,,20,,0.00,
arbre a chat emilie maxi zoo,,20,,0.00,
arbre a chat en allemagne,,20,,0.41,
arbre a chat en anglais,,20,,0.00,
arbre a chat en bambou,,20,,0.22,
arbre a chat en bois artisanal,,20,,0.00,
arbre a chat en bois brut,,20,,0.00,
arbre a chat en bois de palette,,20,,0.00,
arbre a chat en bois fait maison,,20,,0.00,
arbre a chat en bois maison,,20,,0.00,
arbre a chat en bois xxl,,20,,0.20,
arbre a chat en bouleau,,20,,0.00,
arbre a chat en branche,,20,,0.00,
arbre a chat en cagette,,20,,0.00,
arbre a chat en carton a faire soi meme,,20,,0.00,
arbre a chat en coin,,20,,0.00,
arbre a chat en fleur,,20,,0.00,
arbre a chat en forme d arbre,,20,,0.00,
arbre a chat en forme de chat,,20,,0.00,
arbre a chat en forme de nuage,,20,,0.00,
arbre a chat en kit,,20,,0.22,
arbre a chat en ligne,,20,,0.00,
arbre a chat en longueur,,20,,0.28,
arbre a chat en metal,,20,,0.00,
arbre a chat en olivier,,20,,0.00,
arbre a chat en plastique,,20,,0.16,
arbre a chat en sapin,,20,,0.00,
arbre a chat en sapin de noel,,20,,0.00,
arbre a chat en teck,,20,,0.00,
arbre a chat entraigues,,20,,0.00,
arbre a chat escabeau,,20,,0.00,
arbre a chat escalade,,20,,0.00,
arbre a chat espresso martini,,20,,0.00,
arbre a chat esthetique,,20,,0.31,
arbre a chat et chien,,20,,0.00,
arbre a chat et litiere,,20,,0.20,
arbre a chat etagere ikea,,20,,0.00,
arbre a chat etroit,,20,,0.24,
arbre a chat etsy,,20,,0.12,
arbre a chat europet,,20,,0.00,
arbre a chat europet bernina,,20,,0.21,
arbre a chat europet-bernina,,20,,0.18,
arbre a chat exterieur amazon,,20,,0.00,
arbre a chat exterieur balcon,,20,,0.17,
arbre a chat exterieur bois,,20,,0.34,
arbre a chat exterieur diy,,20,,0.00,
arbre a chat exterieur pas cher,,20,,0.17,
arbre a chat eyepower,,20,,0.00,
arbre a chat fabrication allemande,,20,,0.00,
arbre a chat fabrication francaise,,20,,0.36,
arbre a chat facile a faire,,20,,0.00,
arbre a chat facile a nettoyer,,20,,0.19,
arbre a chat faire soi meme,,20,,0.00,
arbre a chat fait a la main,,20,,0.00,
arbre a chat fait main en bois,,20,,0.00,
arbre a chat fait maison bois,,20,,0.00,
arbre a chat fait maison branche,,20,,0.00,
arbre a chat fait maison en bois,,20,,0.00,
arbre a chat fait maison en carton,,20,,0.00,
arbre a chat fait soi meme,,20,,0.00,
arbre a chat falco,,20,,0.23,
arbre a chat fantail,,20,,0.43,
arbre a chat fantaisie,,20,,0.31,
arbre a chat feandrea amazon,,20,,0.10,
arbre a chat feandrea beige,,20,,0.21,
arbre a chat feandrea cdiscount,,20,,0.00,
arbre a chat feandrea xxl,,20,,0.22,
arbre a chat felicitas,,20,,0.00,
arbre a chat felix,,20,,0.00,
arbre a chat fenetre ventouse,,20,,0.00,
arbre a chat ferplast,,20,,0.00,
arbre a chat feuillage,,20,,0.00,
arbre a chat feuille de bananier,,20,,0.00,
arbre a chat feuilles,,20,,0.20,
arbre a chat filippo,,20,,0.00,
arbre a chat fin et haut,,20,,0.23,
arbre a chat fippi,,20,,0.00,
arbre a chat fixation murale,,20,,0.21,
arbre a chat fixation plafond,,20,,0.22,
arbre a chat fixer au mur,,20,,0.16,
arbre a chat flamant rose,,20,,0.00,
arbre a chat fleur rose,,20,,0.00,
arbre a chat floral,,20,,0.00,
arbre a chat floralies garden,,20,,0.00,
arbre a chat fluffy,,20,,0.00,
arbre a chat fnac,,20,,0.00,
arbre a chat foret,,20,,0.00,
arbre a chat forme arbre,,20,,0.00,
arbre a chat forme cactus,,20,,0.00,
arbre a chat forme fleur,,20,,0.00,
arbre a chat forme tonneau,,20,,0.00,
arbre a chat fourrure,,20,,0.00,
arbre a chat fr,,20,,0.00,
arbre a chat fraise,,20,,0.00,
arbre a chat france,,20,,0.47,
arbre a chat freestyle,,20,,0.00,
arbre a chat fudajo,,20,,0.61,
arbre a chat fukumaru,,20,,0.18,
arbre a chat fusee,,20,,0.00,
arbre a chat gamelle,,20,,0.24,
arbre a chat geant amazon,,20,,0.00,
arbre a chat geant bois,,20,,0.00,
arbre a chat geant cdiscount,,20,,0.00,
arbre a chat geant pas cher,,20,,0.23,
arbre a chat geek,,20,,0.00,
arbre a chat giantex,,20,,0.19,
arbre a chat gifi 3 en 1,,20,,0.00,
arbre a chat gifi avis,,20,,0.00,
arbre a chat gifi gris,,20,,0.00,
arbre a chat gifi montage,,20,,0.00,
arbre a chat gifi notice,,20,,0.00,
arbre a chat gifi osier,,20,,0.00,
arbre a chat gifi pas cher,,20,,0.00,
arbre a chat gifi prix,,20,,0.00,
arbre a chat gifi promo,,20,,0.00,
arbre a chat gigantesque,,20,,0.00,
arbre a chat gipsy,,20,,0.00,
arbre a chat girafe,,20,,0.00,
arbre a chat gismo,,20,,0.00,
arbre a chat goplus,,20,,0.22,
arbre a chat goutte,,20,,0.27,
arbre a chat grand couchage,,20,,0.00,
arbre a chat grand modele,,20,,0.24,
arbre a chat grand modele pas cher,,20,,0.00,
arbre a chat grand pas cher,,20,,0.34,
arbre a chat grande hauteur,,20,,0.24,
arbre a chat grande plateforme,,20,,0.21,
arbre a chat grande race,,20,,0.18,
arbre a chat grande taille pas cher,,20,,0.00,
arbre a chat grattoir,,20,,0.38,
arbre a chat gratuit,,20,,0.00,
arbre a chat griffe,,20,,0.00,
arbre a chat griffoir design,,20,,0.00,
arbre a chat griffoir pas cher,,20,,0.00,
arbre a chat gris anthracite,,20,,0.00,
arbre a chat gris blanc,,20,,0.00,
arbre a chat gris clair,,20,,0.00,
arbre a chat gris et blanc,,20,,0.00,
arbre a chat gris et noir,,20,,0.00,
arbre a chat gris foncé,,20,,0.21,
arbre a chat gris pas cher,,20,,0.00,
arbre a chat gros,,20,,0.16,
arbre a chat gros gabarit,,20,,0.00,
arbre a chat gros rondin,,20,,0.00,
arbre a chat gros tronc,,20,,0.32,
arbre a chat grosse colonne,,20,,0.00,
arbre a chat grosse corde,,20,,0.00,
arbre a chat groupon,,20,,0.00,
arbre a chat hamac gifi,,20,,0.00,
arbre a chat hamac pas cher,,20,,0.00,
arbre a chat hansi,,20,,0.00,
arbre a chat happypet,,20,,0.00,
arbre a chat harry potter,,20,,0.00,
arbre a chat haut de gamme,,20,,0.48,
arbre a chat haut etroit,,20,,0.00,
arbre a chat haut mais pas large,,20,,0.14,
arbre a chat haut pas cher,,20,,0.32,
arbre a chat hauteur 100 cm,,20,,0.21,
arbre a chat hauteur 110 cm,,20,,0.21,
arbre a chat hauteur 120 cm,,20,,0.27,
arbre a chat hauteur 150 cm,,20,,0.11,
arbre a chat hauteur 170 cm,,20,,0.00,
arbre a chat hauteur 180 cm,,20,,0.30,
arbre a chat hauteur 80 cm,,20,,0.13,
arbre a chat hauteur 90 cm,,20,,0.23,
arbre a chat hauteur plafond,,20,,0.00,
arbre a chat hello kitty,,20,,0.00,
arbre a chat helsinki,,20,,0.00,
arbre a chat hey brother,,20,,0.09,
arbre a chat homemade,,20,,0.00,
arbre a chat homidec,,20,,0.22,
arbre a chat horizontal,,20,,0.00,
arbre a chat housse lavable,,20,,0.16,
arbre a chat humberto xxl,,20,,0.33,
arbre a chat humour,,20,,0.00,
arbre a chat image,,20,,0.00,
arbre a chat imitation arbre,,20,,0.00,
arbre a chat immense,,20,,0.36,
arbre a chat incroyable,,20,,0.00,
arbre a chat insolite,,20,,0.00,
arbre a chat interieur,,20,,0.00,
arbre a chat interieur decoration,,20,,0.00,
arbre a chat intermarché,,20,,0.00,
arbre a chat isaba,,20,,0.00,
arbre a chat jack and vanilla,,20,,0.00,
arbre a chat japonais,,20,,0.00,
arbre a chat jardi leclerc,,20,,0.00,
arbre a chat jardin,,20,,0.28,
arbre a chat jardinerie,,20,,0.00,
arbre a chat jasper,,20,,0.00,
arbre a chat jaune,,20,,0.00,
arbre a chat jeux,,20,,0.00,
arbre a chat jmt prix,,20,,0.00,
arbre a chat jonc de mer,,20,,0.00,
arbre a chat joy,,20,,0.00,
arbre a chat juana,,20,,0.00,
arbre a chat jungle,,20,,0.16,
arbre a chat jysk,,20,,0.00,
arbre a chat kandy,,20,,0.00,
arbre a chat karlie,,20,,0.26,
arbre a chat karlie banana leaf,,20,,0.00,
arbre a chat katt3,,20,,0.00,
arbre a chat katzen,,20,,0.00,
arbre a chat katzen deko,,20,,0.00,
arbre a chat kawaii,,20,,0.00,
arbre a chat kerbl,,20,,0.20,
arbre a chat kiabi,,20,,0.00,
arbre a chat kian,,20,,0.00,
arbre a chat kilimandjaro,,20,,0.31,
arbre a chat kokoon,,20,,0.00,
arbre a chat kratzbaum,,20,,0.13,
arbre a chat kysa,,20,,0.00,
arbre a chat la digue,,20,,0.00,
arbre a chat la digue 2,,20,,0.00,
arbre a chat la tour,,20,,0.00,
arbre a chat laguna,,20,,0.40,
arbre a chat large plateau,,20,,0.20,
arbre a chat large plateforme,,20,,0.00,
arbre a chat laser,,20,,0.00,
arbre a chat layla,,20,,0.00,
arbre a chat layla maxi zoo,,20,,0.00,
arbre a chat le bon coin 44,,20,,0.00,
arbre a chat le bon coin ile de france,,20,,0.00,
arbre a chat le moins cher,,20,,0.33,
arbre a chat le plus cher,,20,,0.00,
arbre a chat le plus cher du monde,,20,,0.00,
arbre a chat le plus grand du monde,,20,,0.00,
arbre a chat leclerc animalerie,,20,,0.00,
arbre a chat leclerc animaux,,20,,0.46,
arbre a chat leclerc promo,,20,,0.00,
arbre a chat leclerc promotion,,20,,0.00,
arbre a chat leopet,,20,,0.00,
arbre a chat lettre,,20,,0.00,
arbre a chat licorne,,20,,0.00,
arbre a chat licorne gifi,,20,,0.00,
arbre a chat liddl,,20,,0.12,
arbre a chat lidl 17 euros,,20,,0.00,
arbre a chat lidl avis,,20,,0.00,
arbre a chat lidl zoofari,,20,,0.00,
arbre a chat liege,,20,,0.00,
arbre a chat lille,,20,,0.00,
arbre a chat lilou,,20,,0.00,
arbre a chat lit,,20,,0.00,
arbre a chat litiere bois,,20,,0.00,
arbre a chat litiere et gamelle,,20,,0.19,
arbre a chat livraison 24h,,20,,0.32,
arbre a chat livraison gratuite,,20,,0.00,
arbre a chat livraison rapide,,20,,0.40,
arbre a chat long,,20,,0.42,
arbre a chat long et fin,,20,,0.17,
arbre a chat loni,,20,,0.00,
arbre a chat loona,,20,,0.00,
arbre a chat loonaa,,20,,0.00,
arbre a chat lourd,,20,,0.25,
arbre a chat love story,,20,,0.00,
arbre a chat lucky,,20,,0.00,
arbre a chat lyon,,20,,0.00,
arbre a chat made,,20,,0.00,
arbre a chat made in france,,20,,0.38,
arbre a chat magasin action,,20,,0.00,
arbre a chat magasin vert,,20,,0.29,
arbre a chat magik depot,,20,,0.00,
arbre a chat magique,,20,,0.00,
arbre a chat magnolia,,20,,0.30,
arbre a chat magnolia xl plus,,20,,0.00,
arbre a chat main coon amazon,,20,,0.00,
arbre a chat main coon pas cher,,20,,0.31,
arbre a chat main coon xxl,,20,,0.00,
arbre a chat maincoon,,20,,0.32,
arbre a chat maine coon amazon,,20,,0.16,
arbre a chat maine coon beige,,20,,0.32,
arbre a chat maine coon bois,,20,,0.32,
arbre a chat maine coon design,,20,,0.39,
arbre a chat maine coon maxi zoo,,20,,0.00,
arbre a chat maine coon pas cher,,20,,0.31,
arbre a chat maine coon soldes,,20,,0.00,
arbre a chat maine coon trixie,,20,,0.00,
arbre a chat maine coon xxl,,20,,0.46,
arbre a chat maine coon zooplus,,20,,0.20,
arbre a chat mainecoon,,20,,0.32,
arbre a chat maison bois,,20,,0.00,
arbre a chat maison de toilette,,20,,0.22,
arbre a chat maison en bois,,20,,0.00,
arbre a chat maison litiere,,20,,0.00,
arbre a chat maison tuto,,20,,0.00,
arbre a chat mano,,20,,0.00,
arbre a chat marcel,,20,,0.15,
arbre a chat marche aux affaires,,20,,0.00,
arbre a chat marguerite,,20,,0.00,
arbre a chat maria,,20,,0.00,
arbre a chat maria trixie,,20,,0.00,
arbre a chat mario,,20,,0.00,
arbre a chat mario bros,,20,,0.00,
arbre a chat marketplace,,20,,0.00,
arbre a chat maroc,,20,,0.00,
arbre a chat marque,,20,,0.00,
arbre a chat marque allemande,,20,,0.00,
arbre a chat marque ebi,,20,,0.00,
arbre a chat marque repere,,20,,0.00,
arbre a chat marron beige,,20,,0.00,
arbre a chat marseille,,20,,0.00,
arbre a chat martin,,20,,0.26,
arbre a chat mau,,20,,0.54,
arbre a chat mauve,,20,,0.00,
arbre a chat maxi,,20,,0.17,
arbre a chat maxi bazar,,20,,0.00,
arbre a chat maxi zoo beige,,20,,0.00,
arbre a chat maxi zoo prix,,20,,0.00,
arbre a chat meerveil,,20,,0.00,
arbre a chat meilleur rapport qualite prix,,20,,0.19,
arbre a chat menkoun,,20,,0.00,
arbre a chat metal,,20,,0.41,
arbre a chat meuble ikea,,20,,0.00,
arbre a chat meuble litiere,,20,,0.15,
arbre a chat mignon,,20,,0.19,
arbre a chat mini,,20,,0.21,
arbre a chat minou minette,,20,,0.00,
arbre a chat miral,,20,,0.00,
arbre a chat modele,,20,,0.00,
arbre a chat modern,,20,,0.17,
arbre a chat modern living,,20,,0.32,
arbre a chat moderne bois,,20,,0.28,
arbre a chat moderne design,,20,,0.30,
arbre a chat moderne en bois,,20,,0.00,
arbre a chat moderne pas cher,,20,,0.00,
arbre a chat modulable,,20,,0.32,
arbre a chat moelleux,,20,,0.00,
arbre a chat mogli,,20,,0.00,
arbre a chat moins cher,,20,,0.33,
arbre a chat mon ami luki,,20,,0.26,
arbre a chat mondou,,20,,0.00,
arbre a chat mondoux,,20,,0.00,
arbre a chat monoprix,,20,,0.00,
arbre a chat montage,,20,,0.00,
arbre a chat montana,,20,,0.00,
arbre a chat montpellier,,20,,0.27,
arbre a chat montreal,,20,,0.00,
arbre a chat more 4 cats,,20,,0.00,
arbre a chat more cats,,20,,0.00,
arbre a chat more for cats and dogs,,20,,0.00,
arbre a chat more rune,,20,,0.24,
arbre a chat mots fléchés,,20,,0.00,
arbre a chat moumoute,,20,,0.00,
arbre a chat mouton,,20,,0.00,
arbre a chat moyen pas cher,,20,,0.00,
arbre a chat mr bricolage,,20,,0.00,
arbre a chat msmask,,20,,0.22,
arbre a chat mural amazon,,20,,0.21,
arbre a chat mural angle,,20,,0.00,
arbre a chat mural dolomit,,20,,0.00,
arbre a chat mural en bois,,20,,0.00,
arbre a chat mural kerbl,,20,,0.00,
arbre a chat mural maine coon,,20,,0.36,
arbre a chat mural pas cher,,20,,0.44,
arbre a chat mural pont,,20,,0.00,
arbre a chat mural zoomalia,,20,,0.00,
arbre a chat mural zooplus,,20,,0.26,
arbre a chat muscat,,20,,0.00,
arbre a chat nanook,,20,,0.00,
arbre a chat nantes,,20,,0.00,
arbre a chat natural,,20,,0.28,
arbre a chat natural home,,20,,0.38,
arbre a chat natural home 2,,20,,0.00,
arbre a chat natural home 3,,20,,0.00,
arbre a chat natural paradise l,,20,,0.00,
arbre a chat natural paradise xl,,20,,0.16,
arbre a chat natural paradise xxl,,20,,0.21,
arbre a chat naturama,,20,,0.00,
arbre a chat nature,,20,,0.31,
arbre a chat nature et decouverte,,20,,0.00,
arbre a chat naturel bois,,20,,0.00,
arbre a chat naturel bois design,,20,,0.00,
arbre a chat nearby,,20,,0.00,
arbre a chat neko rinn,,20,,0.00,
arbre a chat nelly,,20,,0.00,
arbre a chat neuf,,20,,0.23,
arbre a chat nice,,20,,0.00,
arbre a chat niche,,20,,0.00,
arbre a chat nilufar,,20,,0.00,
arbre a chat nobby,,20,,0.41,
arbre a chat noir design,,20,,0.00,
arbre a chat noir et blanc,,20,,0.20,
arbre a chat north dakota,,20,,0.00,
arbre a chat north dakota gris,,20,,0.00,
arbre a chat norvegien,,20,,0.27,
arbre a chat nox,,20,,0.00,
arbre a chat noyer,,20,,0.23,
arbre a chat obligatoire,,20,,0.00,
arbre a chat occasion le bon coin,,20,,0.00,
arbre a chat occasion odeur,,20,,0.00,
arbre a chat okinawa,,20,,0.00,
arbre a chat oklahoma,,20,,0.00,
arbre a chat oliver,,20,,0.00,
arbre a chat olivier,,20,,0.00,
arbre a chat omlet,,20,,0.27,
arbre a chat oogarden,,20,,0.00,
arbre a chat orange,,20,,0.18,
arbre a chat original pas cher,,20,,1.54,
arbre a chat originale,,20,,0.25,
arbre a chat osier gifi,,20,,0.00,
arbre a chat osier pas cher,,20,,0.27,
arbre a chat osier zooplus,,20,,0.00,
arbre a chat oslo,,20,,0.00,
arbre a chat outdoor,,20,,0.17,
arbre a chat paiement 4 fois,,20,,0.43,
arbre a chat paiement en plusieurs fois,,20,,0.35,
arbre a chat palazzo,,20,,0.00,
arbre a chat palmier action,,20,,0.00,
arbre a chat paloma,,20,,0.00,
arbre a chat panier osier,,20,,0.24,
arbre a chat paradis,,20,,0.00,
arbre a chat paradise magnolia xl,,20,,0.30,
arbre a chat paradise xl,,20,,0.25,
arbre a chat paradise xxl,,20,,0.18,
arbre a chat paradisio,,20,,0.00,
arbre a chat parcours,,20,,0.18,
arbre a chat paris,,20,,0.20,
arbre a chat paris 15,,20,,0.00,
arbre a chat parklane,,20,,0.38,
arbre a chat pas cher action,,20,,0.00,
arbre a chat pas cher amazon,,20,,0.23,
arbre a chat pas cher animalis,,20,,0.00,
arbre a chat pas cher auchan,,20,,0.00,
arbre a chat pas cher beige,,20,,0.20,
arbre a chat pas cher belgique,,20,,0.00,
arbre a chat pas cher carrefour,,20,,0.00,
arbre a chat pas cher cdiscount,,20,,0.00,
arbre a chat pas cher centrakor,,20,,0.00,
arbre a chat pas cher gifi,,20,,0.00,
arbre a chat pas cher jardiland,,20,,0.00,
arbre a chat pas cher le bon coin,,20,,0.00,
arbre a chat pas cher leclerc,,20,,0.00,
arbre a chat pas cher lidl,,20,,0.00,
arbre a chat pas cher magasin,,20,,0.00,
arbre a chat pas cher manomano,,20,,0.00,
arbre a chat pas cher maxi zoo,,20,,0.00,
arbre a chat pas cher petit,,20,,0.00,
arbre a chat pas cher pour gros chat,,20,,0.26,
arbre a chat pas cher shein,,20,,0.00,
arbre a chat pas cher zooplus,,20,,0.00,
arbre a chat pas moche,,20,,0.24,
arbre a chat patte de chat,,20,,0.00,
arbre a chat pawz,,20,,0.21,
arbre a chat pawz road,,20,,0.20,
arbre a chat penelope,,20,,0.24,
arbre a chat penelope zooplus,,20,,0.00,
arbre a chat persan,,20,,0.21,
arbre a chat personnalisable,,20,,0.28,
arbre a chat personnalisé,,20,,0.36,
arbre a chat pet fun,,20,,0.00,
arbre a chat pet rebel,,20,,0.56,
arbre a chat petfun,,20,,0.00,
arbre a chat petit chat,,20,,0.00,
arbre a chat petit espace,,20,,0.00,
arbre a chat petit modele,,20,,0.00,
arbre a chat petit pas cher,,20,,0.00,
arbre a chat petit prix,,20,,0.00,
arbre a chat petite taille,,20,,0.14,
arbre a chat petrebels soldes,,20,,0.00,
arbre a chat petshop,,20,,0.00,
arbre a chat peu encombrant,,20,,0.17,
arbre a chat photo,,20,,0.00,
arbre a chat piece de rechange,,20,,0.13,
arbre a chat pinterest,,20,,0.00,
arbre a chat plafond bois,,20,,0.00,
arbre a chat plafond design,,20,,0.00,
arbre a chat plafond pas cher,,20,,0.00,
arbre a chat plan,,20,,0.00,
arbre a chat plancher au plafond,,20,,0.00,
arbre a chat plastique,,20,,0.16,
arbre a chat plateforme,,20,,0.23,
arbre a chat playmobil,,20,,0.00,
arbre a chat pliable,,20,,0.10,
arbre a chat point vert,,20,,0.00,
arbre a chat pologne,,20,,0.00,
arbre a chat pompon,,20,,0.00,
arbre a chat pont,,20,,0.00,
arbre a chat pont suspendu,,20,,0.00,
arbre a chat poteau 15 cm,,20,,0.00,
arbre a chat poteau de rechange,,20,,0.21,
arbre a chat poteau large,,20,,0.32,
arbre a chat poudlard,,20,,0.00,
arbre a chat pour 1 chat,,20,,0.16,
arbre a chat pour 2,,20,,0.15,
arbre a chat pour 3 chats,,20,,0.19,
arbre a chat pour bengal,,20,,0.32,
arbre a chat pour chat adulte,,20,,0.08,
arbre a chat pour chat de grande taille,,20,,0.00,
arbre a chat pour chat handicapé,,20,,0.00,
arbre a chat pour chat lourd,,20,,0.14,
arbre a chat pour chat obese,,20,,0.14,
arbre a chat pour chien,,20,,0.00,
arbre a chat pour deux chat,,20,,0.00,
arbre a chat pour deux chats,,20,,0.30,
arbre a chat pour fenetre,,20,,0.14,
arbre a chat pour grand chat pas cher,,20,,0.17,
arbre a chat pour griffe,,20,,0.08,
arbre a chat pour gros chat pas cher,,20,,0.00,
arbre a chat pour humain,,20,,0.00,
arbre a chat pour maine coon adulte,,20,,0.15,
arbre a chat pour maine coon grande taille,,20,,0.44,
arbre a chat pour maine coon pas cher,,20,,0.31,
arbre a chat pour norvegien,,20,,0.00,
arbre a chat pour persan,,20,,0.00,
arbre a chat pour petit espace,,20,,0.22,
arbre a chat pour plusieurs chats,,20,,0.10,
arbre a chat pour porte,,20,,0.14,
arbre a chat pour savannah,,20,,0.00,
arbre a chat pour senior,,20,,0.00,
arbre a chat pour un chat,,20,,0.00,
arbre a chat pour vieux chat,,20,,0.14,
arbre a chat premium,,20,,0.51,
arbre a chat princesse,,20,,0.00,
arbre a chat professionnel,,20,,0.37,
arbre a chat promo gifi,,20,,0.00,
arbre a chat promo leclerc,,20,,0.00,
arbre a chat promo truffaut,,20,,0.00,
arbre a chat pvc,,20,,0.00,
arbre a chat quebec,,20,,0.00,
arbre a chat qui prend pas de place,,20,,0.00,
arbre a chat radiateur,,20,,0.22,
arbre a chat raiponce,,20,,0.00,
arbre a chat rakuten,,20,,0.00,
arbre a chat ramses 158,,20,,0.36,
arbre a chat realiste,,20,,0.00,
arbre a chat rectangulaire,,20,,0.24,
arbre a chat recup,,20,,0.00,
arbre a chat reglable,,20,,0.00,
arbre a chat reglable en hauteur,,20,,0.14,
arbre a chat rennes,,20,,0.12,
arbre a chat requin,,20,,0.00,
arbre a chat reunion,,20,,0.00,
arbre a chat rhr quality xxl,,20,,0.00,
arbre a chat rhrquality,,20,,0.00,
arbre a chat riga,,20,,0.00,
arbre a chat rigolo,,20,,0.00,
arbre a chat rodo,,20,,0.00,
arbre a chat rose fleur,,20,,0.00,
arbre a chat rose pale,,20,,0.00,
arbre a chat rose pas cher,,20,,0.20,
arbre a chat rosewood,,20,,0.00,
arbre a chat rouge,,20,,0.18,
arbre a chat rouge et noir,,20,,0.00,
arbre a chat royal canin,,20,,0.00,
arbre a chat royalty,,20,,0.00,
arbre a chat ruben,,20,,0.00,
arbre a chat rufi,,20,,0.00,
arbre a chat rune,,20,,0.32,
arbre a chat sacre de birmanie,,20,,0.21,
arbre a chat salamanca,,20,,0.00,
arbre a chat salon,,20,,0.00,
arbre a chat sans fourrure,,20,,0.15,
arbre a chat sans moquette,,20,,0.00,
arbre a chat sans moumoute,,20,,0.18,
arbre a chat sans tissu,,20,,0.19,
arbre a chat sapin de noel en bois,,20,,0.00,
arbre a chat sapin ikea,,20,,0.00,
arbre a chat sapin noel,,20,,0.00,
arbre a chat sarah,,20,,0.52,
arbre a chat savannah,,20,,0.00,
arbre a chat schleich,,20,,0.00,
arbre a chat showroomprive,,20,,0.00,
arbre a chat siberien,,20,,0.29,
arbre a chat silvio design,,20,,0.00,
arbre a chat simba,,20,,0.00,
arbre a chat simple haut,,20,,0.16,
arbre a chat simple pas cher,,20,,0.00,
arbre a chat site allemand,,20,,0.00,
arbre a chat smoby,,20,,0.00,
arbre a chat smooz,,20,,0.00,
arbre a chat soi meme,,20,,0.00,
arbre a chat sol au plafond,,20,,0.30,
arbre a chat solde jardiland,,20,,0.00,
arbre a chat soldes amazon,,20,,0.00,
arbre a chat soldes cdiscount,,20,,0.00,
arbre a chat solide en bois,,20,,0.13,
arbre a chat solide et stable,,20,,0.26,
arbre a chat solide maine coon,,20,,0.32,
arbre a chat solide pas cher,,20,,0.28,
arbre a chat solide pour maine coon,,20,,0.00,
arbre a chat souris,,20,,0.00,
arbre a chat special,,20,,0.00,
arbre a chat special grand chat,,20,,0.00,
arbre a chat special gros chat,,20,,0.24,
arbre a chat sphere,,20,,0.00,
arbre a chat spot et flash,,20,,0.00,
arbre a chat star wars,,20,,0.00,
arbre a chat stokeley,,20,,0.00,
arbre a chat strasbourg,,20,,0.00,
arbre a chat style industriel,,20,,0.00,
arbre a chat style scandinave,,20,,0.17,
arbre a chat suisse,,20,,0.00,
arbre a chat super mario,,20,,0.00,
arbre a chat super u,,20,,0.00,
arbre a chat sur amazon,,20,,0.18,
arbre a chat sur amazone,,20,,0.18,
arbre a chat sur le mur,,20,,0.00,
arbre a chat sur mur,,20,,0.00,
arbre a chat sur porte,,20,,0.00,
arbre a chat susana,,20,,0.00,
arbre a chat suspendu porte,,20,,0.23,
arbre a chat sympa,,20,,0.24,
arbre a chat table ikea,,20,,0.00,
arbre a chat tabouret,,20,,0.00,
arbre a chat taille moyenne,,20,,0.24,
arbre a chat take take,,20,,0.00,
arbre a chat taniere d ours,,20,,0.00,
arbre a chat tectake cdiscount,,20,,0.00,
arbre a chat telescopique,,20,,0.07,
arbre a chat tendance,,20,,0.28,
arbre a chat terranimo,,20,,0.11,
arbre a chat tiaki,,20,,0.00,
arbre a chat tiger,,20,,0.00,
arbre a chat tiger xxl,,20,,0.00,
arbre a chat tipi,,20,,0.00,
arbre a chat tissu,,20,,0.00,
arbre a chat toboggan,,20,,0.00,
arbre a chat tom and co,,20,,0.00,
arbre a chat tom et co,,20,,0.00,
arbre a chat toulouse,,20,,0.21,
arbre a chat tour a griffer,,20,,0.18,
arbre a chat touret,,20,,0.00,
arbre a chat tournesol,,20,,0.00,
arbre a chat tours,,20,,0.26,
arbre a chat tous mes amis,,20,,0.00,
arbre a chat tout simple,,20,,0.00,
arbre a chat tower,,20,,0.00,
arbre a chat trafic,,20,,0.00,
arbre a chat tres grand,,20,,0.22,
arbre a chat tres solide,,20,,0.18,
arbre a chat tres stable,,20,,0.22,
arbre a chat triangle,,20,,0.00,
arbre a chat trixie amazon,,20,,0.00,
arbre a chat trixie falco,,20,,0.00,
arbre a chat trixie filippo,,20,,0.00,
arbre a chat trixie humberto,,20,,0.00,
arbre a chat trixie humberto xxl,,20,,0.19,
arbre a chat trixie juana,,20,,0.00,
arbre a chat trixie klara,,20,,0.00,
arbre a chat trixie susana,,20,,0.00,
arbre a chat tronc epais,,20,,0.26,
arbre a chat tropical,,20,,0.00,
arbre a chat tube pvc,,20,,0.00,
arbre a chat tunnel,,20,,0.00,
arbre a chat turquoise,,20,,0.00,
arbre a chat tuto,,20,,0.00,
arbre a chat tuyau,,20,,0.00,
arbre a chat tuyau pvc,,20,,0.00,
arbre a chat unique,,20,,0.00,
arbre a chat utile ou pas,,20,,0.00,
arbre a chat utilité,,20,,0.00,
arbre a chat vadigran,,20,,0.00,
arbre a chat valencia,,20,,0.00,
arbre a chat vegetal,,20,,0.00,
arbre a chat ventouse,,20,,0.00,
arbre a chat ventouse fenetre,,20,,0.00,
arbre a chat vesper double,,20,,0.00,
arbre a chat vesper noir,,20,,0.00,
arbre a chat vesper v high base,,20,,0.00,
arbre a chat victoria,,20,,0.00,
arbre a chat vidaxl,,20,,0.22,
arbre a chat vieux chat,,20,,0.34,
arbre a chat villa,,20,,0.00,
arbre a chat vintage,,20,,0.23,
arbre a chat vinted,,20,,0.00,
arbre a chat violet,,20,,0.60,
arbre a chat vitre,,20,,0.11,
arbre a chat vrai arbre,,20,,0.00,
arbre a chat vrai bois,,20,,0.29,
arbre a chat wanimo,,20,,0.17,
arbre a chat weldom,,20,,0.00,
arbre a chat white tiger,,20,,0.00,
arbre a chat white tiger xxl,,20,,0.00,
arbre a chat wonderful cat,,20,,0.00,
arbre a chat wood,,20,,0.00,
arbre a chat wouapy,,20,,0.00,
arbre a chat xl pas cher,,20,,0.24,
arbre a chat xxl action,,20,,0.00,
arbre a chat xxl amazon,,20,,0.15,
arbre a chat xxl cdiscount,,20,,0.00,
arbre a chat xxl de luxe,,20,,0.22,
arbre a chat xxl gros poteau,,20,,0.00,
arbre a chat xxl humberto,,20,,0.24,
arbre a chat xxl maine coon,,20,,0.42,
arbre a chat xxl pas cher,,20,,0.30,
arbre a chat xxl pour maine coon,,20,,0.00,
arbre a chat xxl solde,,20,,0.26,
arbre a chat xxl solide,,20,,0.29,
arbre a chat xxl zooplus,,20,,0.00,
arbre a chat yaheetech,,20,,0.12,
arbre a chat zebre,,20,,0.00,
arbre a chat zen,,20,,0.00,
arbre a chat zita,,20,,0.00,
arbre a chat zolux cat lodge,,20,,0.00,
arbre a chat zolux city cat,,20,,0.00,
arbre a chat zoo,,20,,0.28,
arbre a chat à proximité,,20,,0.00,
arbre a chat.com,,20,,0.00,
arbre a chats maison,,20,,0.00,
arbre a croquette chat,,20,,0.00,
arbre a gratter pour chat,,20,,0.00,
arbre a griffe pour chat,,20,,0.25,
arbre a tete de chat,,20,,0.00,
arbre a the chat,,20,,0.00,
arbre a the pour chat,,20,,0.00,
arbre a. chat,,20,,0.28,
arbre arbre a chat,,20,,0.23,
arbre pour chat a donner,,20,,0.00,
arbre pour chat a vendre,,20,,0.00,
arbre à chat a faire soi meme,,20,,0.00,
arbre à chat a pas cher,,20,,0.30,
arbres a chats pour gros chats,,20,,0.25,
arbres a chats soldes,,20,,0.22,
association arbre a chat,,20,,0.00,
association l arbre a chat bucy le long,,20,,0.00,
avis arbre a chat,,20,,0.00,
avis arbre a chat action,,20,,0.00,
b et m arbre a chat,,20,,0.00,
babou arbre a chat,,20,,0.00,
baobab arbre a chat,,20,,0.00,
barbie arbre a chat,,20,,0.00,
barre arbre a chat,,20,,0.00,
beasty arbre a chat,,20,,0.17,
beasty arbre a chat action,,20,,0.00,
beau arbre a chat,,20,,0.24,
becquet arbre a chat,,20,,0.00,
beeztees arbre a chat,,20,,0.00,
bibliotheque arbre a chat,,20,,0.00,
bois arbre a chat,,20,,0.00,
bois flotté arbre a chat,,20,,0.00,
boule arbre a chat,,20,,0.00,
boutique arbre a chat,,20,,0.23,
branche arbre a chat,,20,,0.00,
branche pour arbre a chat,,20,,0.11,
bricolage arbre a chat,,20,,0.00,
bricomarché arbre a chat,,20,,0.07,
buche de rechange arbre a chat,,20,,0.00,
buche de rechange pour arbre a chat,,20,,0.00,
c discount arbre a chat,,20,,0.36,
cabane arbre a chat,,20,,0.00,
cactus arbre a chat,,20,,0.00,
cactuses arbre a chat,,20,,0.17,
carton arbre a chat,,20,,0.00,
castorama arbre a chat,,20,,0.00,
cat tree arbre a chat,,20,,0.00,
cat's flower arbre a chat,,20,,0.00,
catalogue lidl arbre a chat,,20,,0.00,
catit arbre a chat,,20,,0.45,
catry arbre a chat,,20,,0.00,
cdiscount arbre a chat bois,,20,,0.00,
cdiscount arbre a chat pas cher,,20,,0.00,
cdiscount arbre a chat solide,,20,,0.17,
cdiscount arbre a chat xxl,,20,,0.00,
changer griffoir arbre a chat,,20,,0.11,
chat arbre a chat,,20,,0.00,
chat gros gabarit arbre a chat maine coon,,20,,0.00,
chat perché arbre a chat,,20,,0.00,
chat sur arbre a chat,,20,,0.00,
chateau arbre a chat,,20,,0.00,
choisir arbre a chat,,20,,0.00,
clickat arbre a chat,,20,,0.00,
code promo amazon arbre a chat,,20,,0.00,
code promo cdiscount arbre a chat,,20,,0.00,
code promo manomano arbre a chat,,20,,0.00,
colle arbre a chat,,20,,0.00,
colle corde arbre a chat,,20,,0.00,
colle pour arbre a chat,,20,,0.00,
colle pour corde arbre a chat,,20,,0.00,
colonne de rechange arbre a chat,,20,,0.00,
combien coute un arbre a chat,,20,,0.00,
comment attirer un chat sur un arbre a chat,,20,,0.00,
comment changer corde arbre a chat,,20,,0.00,
comment changer la corde d un arbre a chat,,20,,0.00,
comment choisir arbre a chat,,20,,0.10,
comment choisir son arbre a chat,,20,,0.00,
comment coller corde arbre a chat,,20,,0.00,
comment construire un arbre a chat,,20,,0.00,
comment desinfecter un arbre a chat,,20,,0.00,
comment empecher un chat de grimper a un arbre,,20,,0.00,
comment empecher un chat de monter a un arbre,,20,,0.00,
comment fabriquer arbre a chat,,20,,0.00,
comment fabriquer un arbre a chat,,20,,0.00,
comment fabriquer un arbre a chat en carton,,20,,0.00,
comment fabriquer un arbre a chat facile,,20,,0.00,
comment fabriquer un arbre a chat soi meme facile,,20,,0.00,
comment faire arbre a chat,,20,,0.00,
comment faire un arbre a chat,,20,,0.00,
comment faire un arbre a chat en bois,,20,,0.00,
comment faire un arbre a chat en carton,,20,,0.00,
comment faire un arbre a chat facile,,20,,0.00,
comment faire un arbre a chat maison,,20,,0.00,
comment faire un arbre a chat soi meme,,20,,0.00,
comment fixer corde sur arbre a chat,,20,,0.00,
comment mettre de la corde sur un arbre a chat,,20,,0.00,
comment monter un arbre a chat,,20,,0.00,
comment nettoyer arbre a chat,,20,,0.00,
comment nettoyer un arbre a chat,,20,,0.00,
comment reparer arbre a chat,,20,,0.00,
comment reparer un arbre a chat,,20,,0.00,
comment stabiliser un arbre a chat,,20,,0.00,
comparatif arbre a chat,,20,,0.21,
confectionner un arbre a chat,,20,,0.00,
conforama arbre a chat,,20,,0.00,
construire arbre a chat en bois,,20,,0.00,
construire arbre a chat exterieur,,20,,0.00,
construire arbre a chat mural,,20,,0.00,
construire son arbre a chat,,20,,0.00,
construire un arbre a chat en bois,,20,,0.00,
construire un arbre a chat en carton,,20,,0.00,
construire un arbre a chat en palette,,20,,0.00,
cora arbre a chat,,20,,0.00,
corde a arbre a chat,,20,,0.16,
corde arbre a chat amazon,,20,,0.20,
corde arbre a chat jardiland,,20,,0.00,
corde arbre a chat sisal,,20,,0.00,
corde de jute pour arbre a chat,,20,,0.00,
corde de sisal pour arbre a chat,,20,,0.00,
corde en sisal pour arbre a chat,,20,,0.26,
corde pour arbre a chat pas cher,,20,,0.25,
corde sisal arbre a chat,,20,,0.27,
corde sisal pour arbre a chat,,20,,0.25,
costco arbre a chat,,20,,0.00,
coussin arbre a chat natural paradise,,20,,0.00,
coussin de rechange arbre a chat,,20,,0.00,
coussin de rechange pour arbre a chat,,20,,0.00,
coussin pour arbre a chat,,20,,0.00,
creation arbre a chat,,20,,0.00,
creer arbre a chat,,20,,0.00,
créer son arbre a chat,,20,,0.22,
créer un arbre a chat,,20,,0.00,
cube arbre a chat,,20,,0.00,
cylindre pour arbre a chat,,20,,0.00,
david becquet arbre a chat,,20,,0.00,
deco arbre a chat,,20,,0.00,
delbard arbre a chat,,20,,0.00,
design arbre a chat,,20,,0.00,
dessin arbre a chat,,20,,0.00,
destockage arbre a chat,,20,,0.26,
dimension arbre a chat,,20,,0.00,
diy arbre a chat bois flotté,,20,,0.20,
diy arbre a chat cactus,,20,,0.00,
diy arbre a chat exterieur,,20,,0.00,
diy arbre a chat mural,,20,,0.00,
don arbre a chat,,20,,0.00,
donne arbre a chat,,20,,0.00,
drapaki arbre a chat,,20,,0.00,
drapaki rufi arbre a chat,,20,,0.00,
dyno arbre a chat,,20,,0.00,
ebay arbre a chat,,20,,0.00,
element arbre a chat,,20,,0.00,
element pour arbre a chat,,20,,0.00,
empecher un chat de monter a un arbre,,20,,0.00,
escalier arbre a chat,,20,,0.00,
etagere murale arbre a chat,,20,,0.00,
etsy arbre a chat,,20,,0.13,
europet arbre a chat,,20,,0.00,
europet bernina arbre a chat,,20,,0.22,
eyepower arbre a chat,,20,,0.00,
fabrication arbre a chat en bois,,20,,0.00,
fabrication arbre a chat maison,,20,,0.00,
fabrique un arbre a chat,,20,,0.11,
fabriquer arbre a chat bois,,20,,0.00,
fabriquer arbre a chat bois flotté,,20,,0.00,
fabriquer arbre a chat carton,,20,,0.00,
fabriquer arbre a chat design,,20,,0.00,
fabriquer arbre a chat en bois,,20,,0.00,
fabriquer arbre a chat en carton,,20,,0.00,
fabriquer arbre a chat en palette,,20,,0.00,
fabriquer arbre a chat maison,,20,,0.00,
fabriquer arbre a chat mural,,20,,0.00,
fabriquer plan arbre a chat,,20,,0.00,
fabriquer soi meme un arbre a chat,,20,,0.00,
fabriquer son arbre a chat,,20,,0.00,
fabriquer son arbre a chat en bois,,20,,0.00,
fabriquer un arbre a chat avec des cartons,,20,,0.00,
fabriquer un arbre a chat en bois,,20,,0.00,
fabriquer un arbre a chat en bois flotte,,20,,0.00,
fabriquer un arbre a chat en carton,,20,,0.00,
fabriquer un arbre a chat en palette,,20,,0.00,
fabriquer un arbre a chat facile,,20,,0.00,
fabriquer un arbre a chat maine coon,,20,,0.00,
fabriquer un arbre a chat maison,,20,,0.00,
fabriquer un arbre a chat mural,,20,,0.00,
fabriquer un arbre a chat pas cher,,20,,0.00,
fabriquer un arbre a chat pour maine coon,,20,,0.00,
fabriquer un arbre a chat soi meme,,20,,0.00,
faire arbre a chat maison,,20,,0.00,
faire soi meme un arbre a chat,,20,,0.00,
faire son arbre a chat,,20,,0.00,
faire son arbre a chat soi meme,,20,,0.00,
faire un arbre a chat avec des branches,,20,,0.00,
faire un arbre a chat avec des palettes,,20,,0.00,
faire un arbre a chat avec un touret,,20,,0.00,
faire un arbre a chat avec un tronc d'arbre,,20,,0.00,
faire un arbre a chat en bois,,20,,0.00,
faire un arbre a chat en carton,,20,,0.00,
faire un arbre a chat maison,,20,,0.00,
faire un arbre a chat soi meme,,20,,0.00,
famiflora arbre a chat,,20,,0.00,
fantail arbre a chat,,20,,0.82,
faut il un arbre a chat,,20,,0.00,
ficelle arbre a chat,,20,,0.23,
ficelle pour arbre a chat,,20,,0.22,
ficelle sisal arbre a chat,,20,,0.00,
ficelle sisal pour arbre a chat,,20,,0.00,
fil arbre a chat,,20,,0.21,
fil pour arbre a chat,,20,,0.19,
fixation arbre a chat,,20,,0.00,
flamingo arbre a chat,,20,,0.00,
fleur arbre a chat,,20,,0.00,
fnac arbre a chat,,20,,0.00,
foire fouille arbre a chat,,20,,0.00,
foirfouille arbre a chat,,20,,0.00,
fudajo arbre a chat,,20,,0.25,
gamm vert arbre a chat,,20,,0.16,
gamme vert arbre a chat,,20,,0.07,
gaya arbre a chat,,20,,0.00,
geant arbre a chat xxl,,20,,0.00,
giantex arbre a chat,,20,,0.24,
gifi arbre a chat bois,,20,,0.00,
gifi arbre a chat promo,,20,,0.00,
goplus arbre a chat,,20,,0.23,
grand arbre a chat adulte,,20,,0.00,
grand arbre a chat amazon,,20,,0.00,
grand arbre a chat beige,,20,,0.16,
grand arbre a chat bois,,20,,0.00,
grand arbre a chat design,,20,,0.00,
grand arbre a chat maine coon,,20,,0.27,
grand arbre a chat maxi zoo,,20,,0.00,
grand arbre a chat pas cher,,20,,0.50,
grand arbre a chat pour gros chat,,20,,0.00,
grand arbre a chat pour maine coon,,20,,0.13,
grand arbre a chat xxl,,20,,0.00,
griffoir arbre a chat design,,20,,0.00,
gros arbre a chat maine coon,,20,,0.24,
grossiste arbre a chat,,20,,0.00,
groupon arbre a chat,,20,,0.00,
hamac xl pour arbre a chat,,20,,0.00,
haut arbre a chat,,20,,0.17,
hauteur arbre a chat,,20,,0.00,
hey brother arbre a chat,,20,,0.22,
heybly arbre a chat,,20,,0.22,
housse arbre a chat,,20,,0.16,
idee arbre a chat,,20,,0.00,
idee arbre a chat fait maison,,20,,0.00,
idee arbre a chat mural,,20,,0.00,
idee fabrication arbre a chat,,20,,0.00,
image arbre a chat,,20,,0.00,
immense arbre a chat,,20,,0.25,
jardi leclerc arbre a chat,,20,,0.00,
jipsy arbre a chat,,20,,0.00,
jmt arbre a chat,,20,,0.00,
jo creation arbre a chat,,20,,0.00,
jouet arbre a chat,,20,,0.24,
jouet pour arbre a chat,,20,,0.24,
karlie arbre a chat,,20,,0.26,
katzen arbre a chat,,20,,0.00,
katzen deko arbre a chat,,20,,0.50,
kbspets arbre a chat,,20,,0.00,
kesser arbre a chat,,20,,0.00,
kiabi arbre a chat,,20,,0.00,
kit arbre a chat,,20,,0.23,
kit arbre a chat mural,,20,,0.28,
l arbre a chat entraigues,,20,,0.00,
l arbre a chat paris 15,,20,,0.00,
la fete d anniversaire et l arbre a chat,,20,,0.00,
le plus grand arbre a chat,,20,,0.00,
le plus grand arbre a chat du monde,,20,,0.00,
leclerc animalerie arbre a chat,,20,,0.00,
leeby arbre a chat,,20,,0.26,
leopet arbre a chat,,20,,0.00,
les arbres a chat,,20,,0.00,
les arbres a chat de dim,,20,,0.00,
les arbres a chat du 16,,20,,0.00,
les plus beau arbre a chat,,20,,0.00,
les plus beaux arbres a chats,,20,,0.00,
made4home arbre a chat,,20,,0.15,
magasin action arbre a chat,,20,,0.00,
magasin arbre a chat belgique,,20,,0.00,
magasin vert arbre a chat,,20,,0.34,
magik depot arbre a chat,,20,,0.00,
magnifique arbre a chat,,20,,0.00,
main coon arbre a chat,,20,,0.00,
maison arbre a chat,,20,,0.00,
mano mano arbre a chat,,20,,0.15,
manomano arbre a chat xxl,,20,,0.00,
marketplace arbre a chat,,20,,0.00,
martin sellier arbre a chat,,20,,0.22,
mau arbre a chat,,20,,0.59,
maxi arbre a chat,,20,,0.26,
maxi bazar arbre a chat,,20,,0.00,
medor et compagnie arbre a chat,,20,,0.00,
mega arbre a chat,,20,,0.41,
meilleur arbre a chat pour maine coon,,20,,0.47,
meilleur marque arbre a chat,,20,,0.00,
mekidulu arbre a chat,,20,,0.32,
meuble arbre a chat litiere,,20,,0.10,
meuble litiere et arbre a chat,,20,,0.16,
mobilier pour chats arbre a chat,,20,,0.25,
modele arbre a chat,,20,,0.00,
modele arbre a chat a faire soi meme,,20,,0.00,
modele arbre a chat maison,,20,,0.00,
modele d arbre a chat,,20,,0.00,
modern living arbre a chat,,20,,0.31,
module arbre a chat,,20,,0.00,
mon ami luki arbre a chat,,20,,0.19,
mon arbre a chat,,20,,0.00,
mon arbre a chat original,,20,,0.00,
mon chat ne va pas sur son arbre a chat,,20,,0.00,
montage arbre a chat,,20,,0.00,
montage arbre a chat action,,20,,0.00,
montage arbre a chat gifi,,20,,0.00,
monter un arbre a chat,,20,,0.00,
moquette pour arbre a chat,,20,,0.00,
mr bricolage arbre a chat,,20,,0.00,
msmask arbre a chat,,20,,0.20,
mur arbre a chat,,20,,0.00,
nanook arbre a chat,,20,,0.13,
natural home arbre a chat,,20,,0.00,
naturama arbre a chat,,20,,0.00,
nature et decouverte arbre a chat,,20,,0.00,
nettoyer un arbre a chat,,20,,0.00,
niche arbre a chat,,20,,0.00,
niche pour arbre a chat,,20,,0.00,
nid pour arbre a chat,,20,,0.00,
nilufar arbre a chat,,20,,0.00,
nobby arbre a chat,,20,,0.00,
notice arbre a chat,,20,,0.00,
notice arbre a chat action,,20,,0.00,
notice arbre a chat gifi,,20,,0.00,
notice montage arbre a chat,,20,,0.00,
omlet arbre a chat,,20,,0.30,
oogarden arbre a chat,,20,,0.00,
ou acheter arbre a chat,,20,,0.67,
ou acheter un arbre a chat,,20,,0.67,
ou acheter un arbre a chat pas cher,,20,,0.19,
ou jeter arbre a chat,,20,,0.00,
ou jeter un arbre a chat,,20,,0.00,
ou mettre arbre a chat,,20,,0.00,
ou mettre un arbre a chat,,20,,0.00,
ou placer arbre a chat,,20,,0.00,
ou placer l arbre a chat,,20,,0.00,
ou placer un arbre a chat,,20,,0.00,
ou trouver un arbre a chat,,20,,0.00,
ou trouver un arbre a chat pas cher,,20,,0.00,
panier remplacement arbre a chat,,20,,0.00,
paradise arbre a chat,,20,,0.27,
paradisio arbre a chat,,20,,0.00,
parcours arbre a chat,,20,,0.21,
patron arbre a chat,,20,,0.00,
pawz arbre a chat,,20,,0.00,
pawz road arbre a chat,,20,,0.11,
pension l arbre a chat,,20,,0.00,
pet fun arbre a chat,,20,,0.00,
petit arbre a chat action,,20,,0.00,
petit arbre a chat avec hamac,,20,,0.16,
petit arbre a chat beige,,20,,0.13,
petit arbre a chat bois,,20,,0.19,
petit arbre a chat design,,20,,0.28,
petit arbre a chat gifi,,20,,0.00,
petit arbre a chat griffoir,,20,,0.23,
petit arbre a chat gris,,20,,0.00,
petit arbre a chat noir,,20,,0.00,
petit arbre a chat pas cher,,20,,0.28,
petrebels arbre a chat,,20,,0.25,
petshop arbre a chat,,20,,0.00,
pewos arbre a chat,,20,,0.24,
photo arbre a chat,,20,,0.00,
photo d arbre a chat,,20,,0.00,
piece de rechange pour arbre a chat,,20,,0.19,
piece detachee pour arbre a chat,,20,,0.00,
piece pour arbre a chat,,20,,0.08,
piece rechange arbre a chat,,20,,0.12,
pied arbre a chat,,20,,0.19,
pied pour arbre a chat,,20,,0.18,
pilier arbre a chat,,20,,0.21,
pinterest arbre a chat,,20,,0.05,
plan arbre a chat,,20,,0.00,
plan arbre a chat en bois,,20,,0.00,
plan arbre a chat en carton,,20,,0.00,
plan arbre a chat maison,,20,,0.00,
plan construction arbre a chat,,20,,0.00,
plan d arbre a chat,,20,,0.00,
plan pour arbre a chat,,20,,0.00,
plan pour construire arbre a chat,,20,,0.00,
plan pour fabriquer un arbre a chat,,20,,0.00,
planche arbre a chat,,20,,0.11,
planche pour arbre a chat,,20,,0.00,
plateau de rechange arbre a chat,,20,,0.00,
playmobil arbre a chat,,20,,0.00,
plus grand arbre a chat du monde,,20,,0.00,
pont arbre a chat,,20,,0.00,
poteau arbre a chat 25 cm,,20,,0.00,
poteau arbre a chat 35 cm,,20,,0.15,
poteau arbre a chat 40 cm,,20,,0.00,
poteau arbre a chat 45 cm,,20,,0.11,
poteau arbre a chat 70 cm,,20,,0.00,
poteau arbre a chat amazon,,20,,0.00,
poteau arbre a chat rechange,,20,,0.18,
poteau arbre a chat trixie,,20,,0.20,
poteau arbre a chat truffaut,,20,,0.00,
poteau arbre a chat vesper,,20,,0.00,
poteau arbre a chat zooplus,,20,,0.00,
poteau de rechange arbre a chat,,20,,0.13,
poteau de rechange pour arbre a chat,,20,,0.13,
poteau en sisal pour arbre a chat,,20,,0.25,
poteau griffoir arbre a chat,,20,,0.22,
poteau rechange arbre a chat,,20,,0.20,
poteau sisal arbre a chat,,20,,0.18,
poteaux de rechange pour arbre a chat,,20,,0.13,
priorpet arbre a chat,,20,,0.00,
prix arbre a chat action,,20,,0.19,
prix arbre a chat gifi,,20,,0.00,
prix arbre a chat maxi zoo,,20,,0.00,
promo arbre a chat leclerc,,20,,0.00,
pub arbre a chat,,20,,0.00,
pub gifi arbre a chat,,20,,0.00,
quel arbre a chat pour chaton,,20,,0.00,
quel arbre a chat pour maine coon,,20,,0.25,
quel bois pour arbre a chat,,20,,0.00,
quelle corde pour arbre a chat,,20,,0.20,
realiser un arbre a chat,,20,,0.00,
rechange arbre a chat,,20,,0.21,
recharge arbre a chat,,20,,0.22,
recharge griffoir arbre a chat,,20,,0.25,
recherche arbre a chat,,20,,0.00,
refaire arbre a chat,,20,,0.00,
refaire corde arbre a chat,,20,,0.00,
remplacer corde arbre a chat,,20,,0.00,
remplacer griffoir arbre a chat,,20,,0.17,
renover un arbre a chat,,20,,0.00,
reparer corde arbre a chat,,20,,0.00,
reparer griffoir arbre a chat,,20,,0.00,
reparer poteau arbre a chat,,20,,0.00,
restaurer un arbre a chat,,20,,0.00,
revetement arbre a chat,,20,,0.21,
revetement pour arbre a chat,,20,,0.00,
rhr pets arbre a chat,,20,,1.45,
rhr quality arbre a chat,,20,,0.00,
rhrquality arbre a chat,,20,,0.00,
rhrquality arbre a chat xxl,,20,,0.00,
rhrquality arbre a chat xxl geant maine coon,,20,,0.40,
riga arbre a chat,,20,,0.00,
rouleau corde arbre a chat,,20,,0.21,
sac confort pour arbre a chat,,20,,0.00,
sapin noel arbre a chat,,20,,0.00,
site arbre a chat,,20,,0.44,
smoby arbre a chat,,20,,0.00,
socle arbre a chat,,20,,0.00,
socle pour arbre a chat,,20,,0.00,
solde arbre a chat maine coon,,20,,0.00,
specialiste arbre a chat,,20,,0.00,
spray arbre a chat,,20,,0.17,
super arbre a chat,,20,,0.17,
super u arbre a chat,,20,,0.00,
support arbre a chat,,20,,0.11,
support de fixation universel arbre a chat,,20,,0.00,
tabouret arbre a chat,,20,,0.00,
tapis arbre a chat,,20,,0.00,
tapis pour arbre a chat,,20,,0.00,
terranimo arbre a chat,,20,,0.17,
tom and co arbre a chat,,20,,0.11,
top 10 arbre a chat,,20,,0.00,
top arbre a chat,,20,,0.26,
touret arbre a chat,,20,,0.00,
tres grand arbre a chat,,20,,0.23,
tronc de rechange arbre a chat,,20,,0.00,
tronc remplacement arbre a chat,,20,,0.00,
tube pour arbre a chat,,20,,0.16,
tuto arbre a chat en bois,,20,,0.00,
tuto arbre a chat maison,,20,,0.00,
tuto construction arbre a chat,,20,,0.00,
tuto fabriquer un arbre a chat,,20,,0.00,
tuyau arbre a chat,,20,,0.00,
un arbre a chat,,20,,0.00,
un arbre a chat est il indispensable,,20,,0.00,
vente arbre a chat,,20,,0.24,
vente d arbre a chat,,20,,0.24,
vente privee arbre a chat,,20,,0.16,
veritable arbre a chat,,20,,0.23,
vidaxl arbre a chat,,20,,0.25,
vinted arbre a chat,,20,,0.00,
vis pour arbre a chat,,20,,0.16,
vrai arbre a chat,,20,,0.00,
wanimo arbre a chat,,20,,0.17,
wish arbre a chat,,20,,0.00,
wouapy arbre a chat,,20,,0.00,
xxl arbre a chat,,20,,0.00,
zoofari arbre a chat,,20,,0.00,
zoofari lidl arbre a chat,,20,,0.00,
zoomalia arbre a chat mural,,20,,0.00,
zooplus arbre a chat maine coon,,20,,0.34,
zooplus arbre a chat natural paradise,,20,,0.38,
zooplus arbre a chat xxl,,20,,0.00,
accessoire arbre a chat hamac,,10,,0.00,
accessoires arbre a chat,,10,,0.13,
acheter corde pour arbre a chat,,10,,0.00,
alibaba arbre a chat,,10,,0.00,
alpaga arbre a chat,,10,,0.00,
amazon fr arbre a chat,,10,,0.28,
arbr a chat,,10,,0.28,
arbre a chat 1 etage,,10,,0.00,
arbre a chat 120cm,,10,,0.20,
arbre a chat 150cm,,10,,0.18,
arbre a chat 170cm,,10,,0.19,
arbre a chat 210 cm,,10,,0.20,
arbre a chat 260,,10,,0.00,
arbre a chat 2m10,,10,,0.22,
arbre a chat 40,,10,,0.00,
arbre a chat 8 lettres,,10,,0.00,
arbre a chat abby,,10,,0.00,
arbre a chat adulte gifi,,10,,0.00,
arbre a chat adulte simple,,10,,0.00,
arbre a chat alpaga,,10,,0.00,
arbre a chat amazon fr,,10,,0.00,
arbre a chat animal and co,,10,,0.00,
arbre a chat animal crossing pocket camp,,10,,0.00,
arbre a chat animalis xxl,,10,,1.54,
arbre a chat artisanal bois,,10,,0.00,
arbre a chat artiste,,10,,0.00,
arbre a chat avec 2 niches,,10,,0.00,
arbre a chat avec branche d'arbre,,10,,0.00,
arbre a chat avec hamac gifi,,10,,0.00,
arbre a chat avec litiere et gamelle intégrée,,10,,0.27,
arbre a chat avec meuble ikea,,10,,0.00,
arbre a chat bas prix,,10,,0.00,
arbre a chat beau design,,10,,0.00,
arbre a chat belgique,,10,,0.00,
arbre a chat bleu turquoise,,10,,0.00,
arbre a chat bois maine coon,,10,,0.36,
arbre a chat bois noyer,,10,,0.00,
arbre a chat bois xxl,,10,,0.32,
arbre a chat boreal,,10,,0.50,
arbre a chat branche naturelle,,10,,0.00,
arbre a chat bruxelles,,10,,0.00,
arbre a chat cactus action,,10,,0.00,
arbre a chat cactus lidl,,10,,0.00,
arbre a chat cafeier,,10,,0.00,
arbre a chat cambridge,,10,,0.00,
arbre a chat canadian tire,,10,,0.00,
arbre a chat capac,,10,,0.00,
arbre a chat cat,,10,,0.00,
arbre a chat catar,,10,,0.00,
arbre a chat ces'art,,10,,0.00,
arbre a chat champignon gifi,,10,,0.00,
arbre a chat charly,,10,,0.24,
arbre a chat chat perché,,10,,0.00,
arbre a chat chateau princesse,,10,,0.00,
arbre a chat chez carrefour,,10,,0.00,
arbre a chat chez cdiscount,,10,,0.00,
arbre a chat chez gamm vert,,10,,0.00,
arbre a chat chez ikea,,10,,0.00,
arbre a chat chez villaverde,,10,,0.00,
arbre a chat chez zooplus,,10,,0.00,
arbre a chat cocktail,,10,,0.00,
arbre a chat coco palm,,10,,0.00,
arbre a chat coeur,,10,,0.00,
arbre a chat colore,,10,,0.23,
arbre a chat contre mur,,10,,0.00,
arbre a chat creativ,,10,,0.00,
arbre a chat cxl,,10,,0.00,
arbre a chat d'angle mural,,10,,0.00,
arbre a chat d'exterieur,,10,,0.17,
arbre a chat d'extérieur,,10,,0.21,
arbre a chat danimo,,10,,0.00,
arbre a chat de noel ikea,,10,,0.00,
arbre a chat design carton,,10,,0.00,
arbre a chat design osier,,10,,0.00,
arbre a chat desing,,10,,0.28,
arbre a chat dessin facile,,10,,0.00,
arbre a chat discount,,10,,0.45,
arbre a chat diy facile,,10,,0.00,
arbre a chat double panier,,10,,0.43,
arbre a chat droit,,10,,0.00,
arbre a chat du sol au plafond pas cher,,10,,0.00,
arbre a chat dyno,,10,,0.00,
arbre a chat ebi north dakota,,10,,0.00,
arbre a chat eden,,10,,0.00,
arbre a chat en bois d'olivier,,10,,0.00,
arbre a chat en bois gifi,,10,,0.00,
arbre a chat en bois pour exterieur,,10,,0.00,
arbre a chat en jacinthe d'eau,,10,,0.00,
arbre a chat en magasin,,10,,0.00,
arbre a chat en osier ikea,,10,,0.00,
arbre a chat en soldes,,10,,0.25,
arbre a chat en vrai bois,,10,,0.00,
arbre a chat epais,,10,,0.00,
arbre a chat fait maison facile,,10,,0.00,
arbre a chat fausse plante,,10,,0.00,
arbre a chat feandrea avis,,10,,0.00,
arbre a chat finether,,10,,0.00,
arbre a chat flower power,,10,,0.00,
arbre a chat foire fouille,,10,,0.00,
arbre a chat foirfouille,,10,,0.00,
arbre a chat forme nuage,,10,,0.00,
arbre a chat forme sapin,,10,,0.00,
arbre a chat forme sapin de noel,,10,,0.00,
arbre a chat francais,,10,,0.46,
arbre a chat fressnapf,,10,,0.00,
arbre a chat gamelle intégrée,,10,,0.09,
arbre a chat gaya hamiform,,10,,0.00,
arbre a chat geant manomano,,10,,0.00,
arbre a chat geant mural,,10,,0.28,
arbre a chat giffi,,10,,0.29,
arbre a chat gifi bois,,10,,0.00,
arbre a chat gifi en bois,,10,,0.00,
arbre a chat globlazer,,10,,0.18,
arbre a chat griffoire,,10,,0.24,
arbre a chat hagen,,10,,0.00,
arbre a chat hami form,,10,,0.00,
arbre a chat ikea sapin,,10,,0.00,
arbre a chat jardiland prix,,10,,0.00,
arbre a chat jipsy,,10,,0.00,
arbre a chat jonah,,10,,0.00,
arbre a chat jouet,,10,,0.00,
arbre a chat jusqu au plafond,,10,,0.15,
arbre a chat kaki,,10,,0.18,
arbre a chat kaline,,10,,0.00,
arbre a chat kesser,,10,,0.00,
arbre a chat l'incroyable,,10,,0.00,
arbre a chat la digue 3,,10,,0.00,
arbre a chat licorne action,,10,,0.00,
arbre a chat lidl magasin,,10,,0.00,
arbre a chat lidl promo,,10,,0.00,
arbre a chat lion,,10,,0.00,
arbre a chat maggie,,10,,0.00,
arbre a chat maine coon bois flotté,,10,,0.45,
arbre a chat mano mano,,10,,0.21,
arbre a chat manor,,10,,0.00,
arbre a chat marcela,,10,,0.00,
arbre a chat marine le pen,,10,,0.00,
arbre a chat marron et beige,,10,,0.00,
arbre a chat meduse,,10,,0.00,
arbre a chat metal et bois,,10,,0.00,
arbre a chat metallique,,10,,0.00,
arbre a chat miaou,,10,,0.00,
arbre a chat moka,,10,,0.00,
arbre a chat more charlie,,10,,0.00,
arbre a chat mural gifi,,10,,0.00,
arbre a chat noel ikea,,10,,0.00,
arbre a chat norman,,10,,0.00,
arbre a chat nuage blanc,,10,,0.00,
arbre a chat nugget,,10,,0.00,
arbre a chat osier et bois,,10,,0.15,
arbre a chat osier ikea,,10,,0.00,
arbre a chat paiement 3 fois,,10,,0.00,
arbre a chat paiement plusieurs fois,,10,,0.56,
arbre a chat pas cher du tout,,10,,0.00,
arbre a chat pas cher livraison gratuite,,10,,0.00,
arbre a chat pas.cher,,10,,0.38,
arbre a chat pet shop,,10,,0.00,
arbre a chat plafond sol,,10,,0.28,
arbre a chat plateau,,10,,0.00,
arbre a chat plateforme xxl,,10,,0.00,
arbre a chat playmobil 4347,,10,,0.00,
arbre a chat poil et plume,,10,,0.00,
arbre a chat poppy,,10,,0.00,
arbre a chat pour dormir,,10,,0.00,
arbre a chat pour petit appartement,,10,,0.00,
arbre a chat rotin et bois,,10,,0.17,
arbre a chat roue,,10,,0.00,
arbre a chat rouen,,10,,0.00,
arbre a chat rouge pas cher,,10,,0.00,
arbre a chat sapin de noel ikea,,10,,0.00,
arbre a chat sapin de noël,,10,,0.00,
arbre a chat seconde main,,10,,0.00,
arbre a chat sol plafond bois,,10,,0.00,
arbre a chat solide et design,,10,,0.00,
arbre a chat stockomani,,10,,0.00,
arbre a chat stokomanie,,10,,0.00,
arbre a chat style,,10,,0.26,
arbre a chat style arbre,,10,,0.00,
arbre a chat suzy,,10,,0.00,
arbre a chat taupe,,10,,0.00,
arbre a chat tectake avis,,10,,0.00,
arbre a chat temu vert,,10,,0.00,
arbre a chat tonneau xl,,10,,0.18,
arbre a chat train,,10,,0.00,
arbre a chat trixie cdiscount,,10,,0.00,
arbre a chat trixie pas cher,,10,,0.00,
arbre a chat trixie xl,,10,,0.00,
arbre a chat vesper amazon,,10,,0.00,
arbre a chat vesper noyer,,10,,0.00,
arbre a chat vima,,10,,0.00,
arbre a chat wiltec,,10,,0.00,
arbre a chat wish,,10,,0.00,
arbre a chat xxl black friday,,10,,0.00,
arbre a chat xxl gifi,,10,,0.00,
arbre a chat xxl trixie,,10,,0.20,
arbre a chat yeti,,10,,0.00,
arbre a chat zana,,10,,0.67,
arbre a chat zolux boreal,,10,,0.00,
arbre a chat zolux cat park 2,,10,,0.00,
arbre a chat zolux jonah,,10,,0.00,
arbre a chat zooland,,10,,0.28,
arbre a chat zoolux,,10,,0.18,
arbre a chats design,,10,,0.28,
arbre a chats mural,,10,,0.28,
arbre a chats pas cher,,10,,0.38,
arbre a empreinte chat,,10,,0.00,
arbre de noel a chat,,10,,0.00,
arbre à chat a bois,,10,,0.00,
arbre à chat a donner,,10,,0.00,
arbre à chat arbre a chat,,10,,0.00,
arbre. a chat,,10,,0.28,
arbre.a chat,,10,,0.28,
arbres a chat maine coon,,10,,0.36,
arbres a chat maison,,10,,0.21,
arbres a chat occasion,,10,,0.12,
arbres a chat pas cher,,10,,0.38,
arbres a chat pour gros chat,,10,,0.00,
arbres a chats design,,10,,0.28,
arbres a chats maine coon,,10,,0.00,
astuce arbre a chat,,10,,0.00,
be one breed arbre a chat,,10,,0.00,
beau rivage arbre a chat,,10,,0.00,
black friday arbres a chats,,10,,0.00,
catwalk arbre a chat,,10,,0.00,
cdiscount arbre a chat geant,,10,,0.00,
ces'art arbre a chat,,10,,0.00,
ch adore arbre a chat,,10,,0.44,
chat palette arbre a chat maison,,10,,0.00,
conseil arbre a chat maine coon,,10,,0.00,
consolider un arbre a chat,,10,,0.00,
construire un arbre a chat soi meme,,10,,0.00,
coockoo arbre a chat,,10,,0.00,
corde arbre a chat zooplus,,10,,0.00,
cylindre arbre a chat,,10,,0.00,
decoration monde arbre a chat,,10,,0.00,
design arbre a chat scandinave,,10,,0.00,
discount arbre a chat,,10,,0.00,
europet-bernina arbre a chat,,10,,0.00,
fabriquer arbre a chat ikea,,10,,0.00,
fabriquer poteau arbre a chat,,10,,0.00,
fabriquer soi meme son arbre a chat,,10,,0.00,
fabriquer un arbre a chat avec un arbre,,10,,0.00,
fabriquer un arbre a chat geant,,10,,0.00,
fabriquer un arbre a chat ikea,,10,,0.00,
faire un arbre a chat en palette,,10,,0.00,
faire un arbre a chat facile,,10,,0.00,
feandra arbre a chat,,10,,0.18,
felinature arbre a chat,,10,,0.00,
foir'fouille arbre a chat,,10,,0.00,
fudajo arbre a chat design,,10,,0.39,
globlazer arbre a chat,,10,,0.29,
gonser arbre a chat,,10,,0.00,
grand arbre a chat fleur,,10,,0.00,
grand arbre a chat solde,,10,,0.00,
hamac xxl pour arbre a chat,,10,,0.00,
hzuaneri arbre a chat,,10,,0.18,
jardin arbre a chat exterieur,,10,,0.00,
jiyoun kim arbre a chat,,10,,0.00,
jolie arbre a chat,,10,,0.22,
l arbre a chat pension,,10,,0.00,
l'arbre a chat lille,,10,,0.00,
la fete d'anniversaire et l'arbre a chat,,10,,0.00,
la foire fouille arbre a chat,,10,,0.00,
lego friends l'arbre a chat,,10,,0.00,
lego l'arbre a chat,,10,,0.00,
liddle arbre a chat,,10,,0.12,
lidl arbre a chat promo,,10,,0.00,
maison des chats arbre a chat,,10,,0.00,
manor arbre a chat,,10,,0.00,
meuble arbre a chat design,,10,,0.00,
monde maison arbre a chat,,10,,0.00,
mondou arbre a chat,,10,,0.00,
mondoux arbre a chat,,10,,0.00,
montage arbre a chat tectake,,10,,0.00,
my little pets arbre a chat,,10,,0.00,
neko arbre a chat,,10,,0.00,
neko rinn arbre a chat,,10,,0.00,
nuggets arbre a chat,,10,,0.00,
oh green arbre a chat,,10,,0.00,
omnia tempus arbre a chat,,10,,0.00,
ou mettre l'arbre a chat,,10,,0.00,
pension l'arbre a chat,,10,,0.00,
pet shop arbre a chat,,10,,0.00,
petfun arbre a chat,,10,,0.00,
pieces arbre a chat,,10,,0.19,
pieces de rechange arbre a chat,,10,,0.19,
pieds arbre a chat,,10,,0.19,
poil et plume arbre a chat,,10,,0.00,
poils et plumes arbre a chat,,10,,0.00,
poteau arbre a chat diametre 7,,10,,0.00,
poteau d arbre a chat,,10,,0.47,
pour arbre a chat,,10,,0.00,
promo arbre a chat jardiland,,10,,0.00,
promotion arbre a chat,,10,,0.17,
refaire un arbre a chat,,10,,0.00,
sapin arbre a chat ikea,,10,,0.00,
silvio design arbre a chat,,10,,0.00,
soi même fabriquer un arbre a chat,,10,,0.00,
soldes arbres a chat,,10,,0.22,
solidifier arbre a chat,,10,,0.00,
souris pour arbre a chat,,10,,0.00,
tissu peluche arbre a chat,,10,,0.00,
tissu peluche pour arbre a chat,,10,,0.00,
trafic arbre a chat,,10,,0.00,
tuto arbre a chat fait maison,,10,,0.00,
van cranenbroek arbre a chat,,10,,0.00,
vounot arbre a chat,,10,,0.53,
zamibo arbre a chat,,10,,0.00,
zoo arbre a chat,,10,,0.28,
zoo plus arbre a chat,,10,,0.28,
1 support de fixation universelle arbre a chat,,0,,0.00,
100 premiers jours chat modele arbre a chat,,0,,0.00,
180cm arbre a chat 6 couches luxe avec 1 niches,,0,,0.00,
3 etages arbre a chat prix,,0,,0.00,
401853 arbre a chat,,0,,0.00,
a bon coin arbres a chat angers,,0,,0.00,
a chacun son arbre à chat,,0,,0.00,
a chat q un son arbre,,0,,0.00,
a chat qu un son arbre,,0,,0.00,
a chat qu un son arbre à chat,,0,,0.00,
a chat qu un son arbre à chat web self,,0,,0.00,
a chat qu'un sont arbre,,0,,0.00,
a chat quun son arbre,,0,,0.00,
a donner lot jouet et arbre a chat,,0,,0.00,
a quel age un arbre a chat,,0,,0.00,
a quelle age doit ton mettre un arbre a chat,,0,,0.00,
a quoi leurs servent l'arbre a chat,,0,,0.00,
a quoi ser arbre a chat,,0,,0.00,
a quoi sert arbre a chat,,0,,0.00,
a quoi sert l'arbre a chat,,0,,0.00,
a saisir arbre a chat fluffy,,0,,0.00,
a vendre arbre a chat,,0,,0.00,
a vendre arbre a gros chat,,0,,0.00,
aamazon arbre a chat,,0,,0.00,
abician arbre a chat,,0,,0.00,
abriqu2 un arbre a chats,,0,,0.00,
abriqu2 un arbre a chats avec une branche,,0,,0.00,
absolument chat arbre a chat,,0,,0.00,
accesoir plot arbre a chat,,0,,0.00,
accesoire a fixer sur arbre à chat,,0,,0.00,
accesoire arbre a chat,,0,,0.00,
accesoire arbre a chat plateau de rechange,,0,,0.00,
accesoire pour arbre a chat,,0,,0.00,
accesoire pour arbre chat a faire,,0,,0.00,
accesoires arbre a chat,,0,,0.00,
accesoires arbre a chat 50 cm,,0,,0.00,
accessoir arbre a chat,,0,,0.13,
accessoire arbre a chat juana,,0,,0.00,
accessoire arbre a chat juana trixie,,0,,0.00,
accessoire arbre a chat paradise,,0,,0.00,
accessoire arbre a chat plateau de rechange,,0,,0.00,
accessoire arbre a chat trixie,,0,,0.00,
accessoire arbre a chat vesper,,0,,0.00,
accessoire grand arbre a chat,,0,,0.00,
accessoire pour arbre chat a faire,,0,,0.00,
accessoire pour fabriquer arbre a chat,,0,,0.00,
accessoire pour fabriquer un arbre a chat,,0,,0.00,
accessoire pour faire un arbre a chats,,0,,0.00,
accessoires arbre a chat 50 cm,,0,,0.00,
accessoires arbre a chat juana,,0,,0.00,
accessoires arbre a chat paradise,,0,,0.00,
accessoires arbre a chat tronc sisal,,0,,0.00,
accessoires arbre a chat vesper,,0,,0.00,
accessoires de rechange pour arbre a chat,,0,,0.00,
accessoires mural pour arbre a chat,,0,,0.00,
accessoires pour arbre a chat,,0,,0.00,
accessoires pour chat un arbre a chat de folie,,0,,0.00,
accessoires pour fabriquer arbre a chats diy,,0,,0.00,
accessoirs pour arbre a chat,,0,,0.00,
accessoores pour arbre a chat,,0,,0.00,
achat arbre a chat 80 cm,,0,,0.00,
achat arbre a chat bois,,0,,0.00,
achat arbre a chat bois flotté,,0,,0.00,
achat arbre a chat catrix,,0,,0.00,
achat arbre a chat d& 39,,0,,0.00,
achat arbre a chat d'occasion,,0,,0.00,
achat arbre a chat design,,0,,0.00,
achat arbre a chat en carton,,0,,0.00,
achat arbre a chat exterieur,,0,,0.00,
achat arbre a chat geant,,0,,0.00,
achat arbre a chat grande taille,,0,,0.00,
achat arbre a chat main coon,,0,,0.00,
achat arbre a chat pas cher,,0,,0.00,
achat arbre a chats,,0,,0.00,
achat en gtos arbre a chat,,0,,0.00,
achat en gtos arbre a chat chinois,,0,,0.00,
achat en ligne arbre a chat,,0,,0.00,
achat grand arbre a chat,,0,,0.00,
achat sisal pour arbre a chat,,0,,0.00,
acheetr arbre a chat,,0,,0.00,
acheter arbre a chat bois,,0,,0.00,
acheter arbre a chat bois design,,0,,0.00,
acheter arbre a chat design,,0,,0.00,
acheter arbre a chat design bois,,0,,0.00,
acheter arbre a chat en 3 ou 4 mensualites,,0,,0.00,
acheter arbre a chat en belgique,,0,,0.00,
acheter arbre a chat en bois,,0,,0.00,
acheter arbre a chat en ligne,,0,,0.00,
acheter arbre a chat geant,,0,,0.00,
acheter arbre a chat ikea,,0,,0.00,
acheter arbre a chat lons le saunier 39,,0,,0.00,
acheter arbre a chat lyon,,0,,0.00,
acheter arbre a chat maine coon,,0,,0.00,
acheter arbre a chat maine coon en allemagne,,0,,0.00,
acheter arbre a chat marque ebi,,0,,0.00,
acheter arbre a chat mural,,0,,0.00,
acheter arbre a chat natural home iv,,0,,0.00,
acheter arbre a chat natural paradise xl premium,,0,,0.00,
acheter arbre a chat natural paradise xxl,,0,,0.00,
acheter arbre a chat natural paradise xxl pas cher,,0,,0.00,
acheter arbre a chat naturel,,0,,0.00,
acheter arbre a chat naturel paradise,,0,,0.00,
acheter arbre a chat original pas cher,,0,,0.00,
acheter arbre a chat paradise xxl paiement 3 fois,,0,,0.00,
acheter arbre a chat paris,,0,,0.00,
acheter arbre a chat pour gros chat,,0,,0.00,
acheter arbre a chat pour maine coon,,0,,0.00,
acheter arbre a chat quebec,,0,,0.00,
acheter arbre a chat rhrquality,,0,,0.00,
acheter arbre a chat rhrquality en allemagne,,0,,0.00,
acheter arbre a chat rhrquality paiement en plusieurs fois,,0,,0.00,
acheter arbre a chat scandy,,0,,0.00,
acheter arbre a chat solide,,0,,0.00,
acheter arbre a chat suisse,,0,,0.00,
acheter arbre a chat tiger xxl en plusieur fois,,0,,0.00,
acheter arbre a chats bon marcher,,0,,0.00,
acheter arbre a chats tectake de luxe,,0,,0.00,
acheter corde arbre a chat,,0,,0.00,
acheter coussin pour arbre a chat vesper,,0,,0.00,
acheter grand arbre a chat,,0,,0.00,
acheter kit arbre a chat,,0,,0.00,
acheter necessaires pour fabriquer un arbre a chats,,0,,0.00,
acheter tronc d arbre pour arbre a chat,,0,,0.00,
acheter un arbre a chat d occasion,,0,,0.00,
acheter un arbre a chat d& 39,,0,,0.00,
acheter un arbre a chat d'occasion,,0,,0.00,
acheter un arbre a chat d'occasion 40100,,0,,0.00,
acheter un arbre a chat d'occasion landes,,0,,0.00,
acheter un arbre a chat en olivier,,0,,0.00,
acheter un arbre a chat est il inutile,,0,,0.00,
acheter un arbre a chat pas cher,,0,,0.00,
acheter un arbre a chat pres de rouen,,0,,0.00,
acheter un arbre a chat sur amazon,,0,,0.00,
acheter un arbre a chat à pontchateau,,0,,0.00,
acnl arbre a chat,,0,,0.00,
action arbre a chat 49e,,0,,0.00,
action arbre a chats,,0,,0.00,
action carcassonne arbre a chat,,0,,0.00,
action charleville arbre a chat,,0,,0.00,
action gien arbre a chat,,0,,0.00,
action gray arbre a chat,,0,,0.00,
action langueux arbre a chat,,0,,0.00,
action orchies arbre a chat,,0,,0.00,
action plerin arbre a chat,,0,,0.00,
action selestat arbre a chat,,0,,0.00,
actuce pour qu il aille dans son arbre a chat,,0,,0.00,
adaptation d'un chat a u nouvel arbre à chat,,0,,0.00,
adapter arbre a chat a son interieur,,0,,0.00,
adopter un chat arbre a chat,,0,,0.00,
affaire conclue arbre a chat,,0,,0.00,
affaire conclue la vie des objets arbre a chat,,0,,0.00,
affaires conclues fauteuil en arbre a chat,,0,,0.00,
agrafe arbre a chat,,0,,0.00,
agrafer tissu sur arbre a chat,,0,,0.00,
agrafeuse pour arbre a chat,,0,,0.00,
agrafeuse pour fixer corde arbre a chat,,0,,0.00,
agrand arbre a chat,,0,,0.00,
agrandir plateaux arbres a chat,,0,,0.00,
agrandir son arbre a chat,,0,,0.00,
agrandir un arbre a chat,,0,,0.00,
agrapheuse corde pour arbre a chat,,0,,0.00,
aider a faire descendre son chat d'un arbre,,0,,0.00,
aie faire un arbre a chat,,0,,0.00,
ajout arbre a chat,,0,,0.00,
ajouter etage arbre a chat,,0,,0.00,
ajouter tige filetage arbre a chat,,0,,0.00,
ajouter un hamac a un arbre a chat,,0,,0.00,
ak arbre a chat edelweiss,,0,,0.00,
ak arbre a chat playground 2.0,,0,,0.00,
ak arbre a chat valencia,,0,,0.00,
ak arbre a chat verona,,0,,0.00,
alicante arbre a chat,,0,,0.00,
alinéa arbre a chat,,0,,0.00,
alpuna arbre a chat,,0,,0.00,
alternative a l'arbre a chat,,0,,0.00,
alternative a l'arbre à chat,,0,,0.00,
alternative arbre a chat,,0,,0.00,
alyezz arbre a chat,,0,,0.00,
amazoe arbre a chat,,0,,0.00,
amazon accessoires arbre a chat,,0,,0.00,
amazon arbre a chat 120 cm,,0,,0.00,
amazon arbre a chat 120cm,,0,,0.00,
amazon arbre a chat 132 cm,,0,,0.00,
amazon arbre a chat avec gamelle,,0,,0.00,
amazon arbre a chat beige,,0,,0.00,
amazon arbre a chat black friday,,0,,0.00,
amazon arbre a chat blackfriday,,0,,0.00,
amazon arbre a chat bois naturel,,0,,0.00,
amazon arbre a chat deja monter,,0,,0.00,
amazon arbre a chat design,,0,,0.00,
amazon arbre a chat en bois,,0,,0.00,
amazon arbre a chat en peluche,,0,,0.00,
amazon arbre a chat en peluche sisal,,0,,0.00,
amazon arbre a chat extensible,,0,,0.00,
amazon arbre a chat gain de place,,0,,0.00,
amazon arbre a chat grand black friday,,0,,0.00,
amazon arbre a chat griffoir,,0,,0.00,
amazon arbre a chat hamac,,0,,0.00,
amazon arbre a chat maine coon,,0,,0.00,
amazon arbre a chat medici,,0,,0.00,
amazon arbre a chat mogli,,0,,0.00,
amazon arbre a chat moyen,,0,,0.00,
amazon arbre a chat petit prix,,0,,0.00,
amazon arbre a chat pieds,,0,,0.00,
amazon arbre a chat pour chat adulte,,0,,0.00,
amazon arbre a chat simba,,0,,0.00,
amazon arbre a chat tectake,,0,,0.00,
amazon arbre a chat tres stable,,0,,0.00,
amazon arbre a chat trixie,,0,,0.00,
amazon arbre a chat vesper,,0,,0.00,
amazon arbre a chats haut,,0,,0.00,
amazon arbre a chats songmics,,0,,0.00,
amazon arbres a chat et pris,,0,,0.00,
amazon belgique arbre a chat,,0,,0.00,
amazon black friday dealssic arbre a chat,,0,,0.00,
amazon codes chèques-cadeaux et codes promotionnels arbre a chat,,0,,0.00,
amazon griffoir arbre a chat,,0,,0.00,
amazon panier arbre a chat,,0,,0.00,
amazon piece rechange arbre a chat,,0,,0.00,
amazon pieces pour arbre a chat,,0,,0.00,
amazon poteau arbre a chat,,0,,0.00,
amazon poteau rachange arbre a chat 9 x 50,,0,,0.00,
amazon soldes arbre a chat,,0,,0.00,
amazon support creer un arbre a chat,,0,,0.00,
amazon tronc arbre a chat,,0,,0.00,
amazon tube arbre a chat,,0,,0.00,
amazone arbre a chat 2m,,0,,0.00,
amazone arbre a chat avec griffoire et amac,,0,,0.00,
amazone arbre a chat en silal en forme de patte,,0,,0.00,
amazone arbre a chat geant,,0,,0.00,
amazone arbre a chat griffoir,,0,,0.00,
amazone arbre a chat les prix,,0,,0.00,
amazone arbre a chat maine coon,,0,,0.00,
amazone arbre a chat maine coon geant,,0,,0.00,
amazone arbre a chat natural heaven 3,,0,,0.00,
amazone arbre a chat plafond,,0,,0.00,
amazone arbre a chats,,0,,0.00,
amazone premium arbre a chat,,0,,0.00,
amazonie arbre a chat,,0,,0.00,
amazonnpanirr arbre a chat,,0,,0.00,
ameliorer arbre a chat,,0,,0.00,
amenager arbre a chat,,0,,0.00,
amiland arbre a chat,,0,,0.00,
amityville arbre a chat special grand chat,,0,,0.00,
amonvi arbre a chat,,0,,0.00,
amonvillas arbre a chat,,0,,0.00,
améliorer un arbre a chat,,0,,0.00,
analis arbre a chat,,0,,0.00,
andrea arbre a chat,,0,,0.00,
anglais arbre a chat,,0,,0.00,
anibis arbre a chat,,0,,0.00,
anilalis arbre a chat,,0,,0.00,
animabassin arbres a chats,,0,,0.00,
animal & co arbre a chat,,0,,0.00,
animal & co pied rechange arbre a chat,,0,,0.00,
animal and co arbre a chat,,0,,0.00,
animal co arbre a chat,,0,,0.00,
animal crossing pocket arbre a chat,,0,,0.00,
animal crossing pocket camp arbre a chat,,0,,0.00,
animal factory animalerie arbre a chat,,0,,0.00,
animal factory arbre a chat,,0,,0.00,
animal market arbre a chat,,0,,0.00,
animal store calais arbre a chat,,0,,0.00,
animalcity arbre a chat,,0,,0.00,
animaleco arbre a chat,,0,,0.00,
animaleri leclerc bar sur aube arbre a chat,,0,,0.00,
animalerie arbre a chats,,0,,0.00,
animalerie botanic nancy arbre a chat,,0,,0.00,
animalerie camon arbre a chat,,0,,0.00,
animalerie dyno arbre a chat,,0,,0.00,
animalerie en ligne arbre a chat,,0,,0.00,
animalerie groslay arbre a chat,,0,,0.00,
animalerie leclerc a anet 28260 arbres a chat,,0,,0.00,
animalerie leclerc arbre a chat,,0,,0.00,
animalerie leclerc arbre a chat plusieurs etages colorés,,0,,0.00,
animalerie leclerc romilly sur seine arbre a chat,,0,,0.00,
animalerie marmande gamme vert arbre a chat,,0,,0.00,
animalerie marseille arbre a chat,,0,,0.00,
animalerie marseille arbre a chat 11 eme,,0,,0.00,
animalerie paris arbre a chat,,0,,0.00,
animalerie reims cormontreuil arbre a chat,,0,,0.00,
animalis arbre a chat extrrieur,,0,,0.00,
animalis arbre a chat loona couleur grise ou noire,,0,,0.00,
animalis arbre a chats,,0,,0.00,
animalis arbres a chat,,0,,0.00,
animalis aubagne arbre a chat,,0,,0.00,
animalis bois d'arcy arbre a chat,,0,,0.00,
animalis bondy arbre a chat,,0,,0.00,
animalis groslay arbre a chat,,0,,0.00,
animalis plaisir arbre a chat,,0,,0.00,
animauxvillas arbre a chat,,0,,0.00,
animo shop arbre a chat,,0,,0.00,
anio arbre a chat bois,,0,,0.00,
anio arbre a chat lilly,,0,,0.00,
anione arbre a chat lara,,0,,0.00,
anione arbre a chat pièce de rechange,,0,,0.00,
anitoon arbre a chat,,0,,0.00,
anka arbre a chat,,0,,0.00,
annonce 68 arbre a chat,,0,,0.00,
annonce arbre a chat,,0,,0.00,
annonce arbre a chat 68,,0,,0.00,
annonce arbre a chat alsace,,0,,0.00,
annonce arbre a chat d occasion,,0,,0.00,
annonce arbre a chat d& 39,,0,,0.00,
annonce arbre a chat d'occasion,,0,,0.00,
annonce arbre a chat haut rhin,,0,,0.00,
annonce arbre a chat naturel,,0,,0.00,
annonce arbre a chat naturel 68,,0,,0.00,
annonce vente arbre a chat,,0,,0.00,
annonces arbre a chats paruvendu,,0,,0.00,
annonces arbre a chats paruvendu 68,,0,,0.00,
ao arbre a chat,,0,,0.00,
apont suspendu arbre a chat,,0,,0.00,
appliquer de l'herbe a chat arbre a chat,,0,,0.00,
apprendre a un chat a utiliser arbre a chat,,0,,0.00,
apprendre un chat a descendre d'un arbre,,0,,0.00,
arbr a chat discret,,0,,0.00,
arbr a chat gaya,,0,,0.00,
arbr e a chat,,0,,0.00,
arbre 1 a chat,,0,,0.00,
arbre a 4 chat,,0,,0.00,
arbre a a chat solide pas cher,,0,,0.00,
arbre a a chats,,0,,0.00,
arbre a achat grand chat,,0,,0.00,
arbre a chat &,,0,,0.00,
arbre a chat + griffoir,,0,,0.24,
arbre a chat - tom&co,,0,,0.00,
arbre a chat .,,0,,0.28,
arbre a chat .com,,0,,0.00,
arbre a chat 0.85,,0,,0.00,
arbre a chat 0a21558,,0,,0.00,
arbre a chat 1 20m,,0,,0.00,
arbre a chat 1 20m pas cher,,0,,0.00,
arbre a chat 1 50m,,0,,0.00,
arbre a chat 1 5m,,0,,0.00,
arbre a chat 1 60 cm,,0,,0.00,
arbre a chat 1 60m,,0,,0.00,
arbre a chat 1 8,,0,,0.00,
arbre a chat 1 80 prix,,0,,0.00,
arbre a chat 1 8m,,0,,0.00,
arbre a chat 1 90m,,0,,0.00,
arbre a chat 1 colonne hauteur 1 m,,0,,0.00,
arbre a chat 1 etage gris,,0,,0.00,
arbre a chat 1 grand grattoir corde,,0,,0.00,
arbre a chat 1 m 10,,0,,0.00,
arbre a chat 1 m 50,,0,,0.00,
arbre a chat 1 m bon coin 46700,,0,,0.00,
arbre a chat 1 m de hauteur a bas prix,,0,,0.00,
arbre a chat 1 m40 pas cher,,0,,0.00,
arbre a chat 1 metre 06,,0,,0.00,
arbre a chat 1 metre 50 minimum,,0,,0.00,
arbre a chat 1 metre et griffoir,,0,,0.00,
arbre a chat 1 metre leclerc,,0,,0.00,
arbre a chat 1 metre pas cher,,0,,0.00,
arbre a chat 1 tube,,0,,0.00,
arbre a chat 1 étage,,0,,0.00,
arbre a chat 1 étage goopy,,0,,0.00,
arbre a chat 1.2 m pas cher,,0,,0.00,
arbre a chat 1.20m,,0,,0.00,
arbre a chat 1.40 maxi,,0,,0.00,
arbre a chat 1.50 1.80,,0,,0.00,
arbre a chat 1.50 m,,0,,0.00,
arbre a chat 1.50 metre,,0,,0.00,
arbre a chat 1.6 metre,,0,,0.00,
arbre a chat 1.60,,0,,0.00,
arbre a chat 1.60m,,0,,0.00,
arbre a chat 1.70,,0,,0.00,
arbre a chat 1.90,,0,,0.00,
arbre a chat 1.m50,,0,,0.00,
arbre a chat 100 cms 60 60,,0,,0.00,
arbre a chat 100 euro,,0,,0.00,
arbre a chat 100e,,0,,0.00,
arbre a chat 100euro,,0,,0.00,
arbre a chat 1070,,0,,0.00,
arbre a chat 10kg xxl,,0,,0.00,
arbre a chat 110,,0,,0.00,
arbre a chat 110cm,,0,,0.00,
arbre a chat 112cm,,0,,0.00,
arbre a chat 115x70,,0,,0.00,
arbre a chat 116 cm,,0,,0.00,
arbre a chat 11cm diametre,,0,,0.00,
arbre a chat 120,,0,,0.00,
arbre a chat 120 avec hamac,,0,,0.00,
arbre a chat 120 cm noir,,0,,0.00,
arbre a chat 120 cm pas cher,,0,,0.00,
arbre a chat 12346b,,0,,0.00,
arbre a chat 125 cm,,0,,0.00,
arbre a chat 125cm,,0,,0.00,
arbre a chat 125cm nilufar,,0,,0.00,
arbre a chat 129,,0,,0.00,
arbre a chat 129 euros,,0,,0.00,
arbre a chat 13 ans,,0,,0.00,
arbre a chat 130,,0,,0.00,
arbre a chat 130 cm pas cher,,0,,0.00,
arbre a chat 132cm,,0,,0.00,
arbre a chat 135 cm,,0,,0.00,
arbre a chat 135 cm gris,,0,,0.00,
arbre a chat 135 cm gris balles,,0,,0.00,
arbre a chat 135 cm gris suncoo,,0,,0.00,
arbre a chat 135 cms la foir fouille,,0,,0.00,
arbre a chat 138 cm,,0,,0.00,
arbre a chat 140,,0,,0.00,
arbre a chat 140 cm cdiscount,,0,,0.00,
arbre a chat 140 cm kg,,0,,0.00,
arbre a chat 140 cm pas cher,,0,,0.00,
arbre a chat 140 euros,,0,,0.00,
arbre a chat 140 longueur,,0,,0.00,
arbre a chat 140 x 75 x 200,,0,,0.00,
arbre a chat 140 x 75 x 200 c discount,,0,,0.00,
arbre a chat 140cm,,0,,0.17,
arbre a chat 140cm pas cher,,0,,0.00,
arbre a chat 141 cm,,0,,0.00,
arbre a chat 141cm,,0,,0.00,
arbre a chat 141cm stokeley,,0,,0.00,
arbre a chat 143 cm gifi,,0,,0.00,
arbre a chat 144cm,,0,,0.00,
arbre a chat 15 euros,,0,,0.00,
arbre a chat 150,,0,,0.00,
arbre a chat 153 cm,,0,,0.00,
arbre a chat 155 cm a 239,,0,,0.00,
arbre a chat 159 euros,,0,,0.00,
arbre a chat 16 euro,,0,,0.00,
arbre a chat 160,,0,,0.23,
arbre a chat 160 cm songmics,,0,,0.00,
arbre a chat 160cm,,0,,0.22,
arbre a chat 160cm pas cher,,0,,0.00,
arbre a chat 165 cm,,0,,0.00,
arbre a chat 169,,0,,0.00,
arbre a chat 17 cm,,0,,0.00,
arbre a chat 170 190 cm,,0,,0.00,
arbre a chat 170 cm 89 euros,,0,,0.00,
arbre a chat 170 cm avec gamelle,,0,,0.00,
arbre a chat 170 cm avec gamelle a chat,,0,,0.00,
arbre a chat 170 cm lolipet,,0,,0.00,
arbre a chat 170 cm soldes,,0,,0.00,
arbre a chat 170 cybermonday,,0,,0.00,
arbre a chat 170cm pas cher,,0,,0.00,
arbre a chat 175,,0,,0.00,
arbre a chat 175cm,,0,,0.00,
arbre a chat 180 cm pas cher,,0,,0.00,
arbre a chat 180 cm pas cher cdiscount,,0,,0.00,
arbre a chat 180cm soldé,,0,,0.00,
arbre a chat 190 cm,,0,,0.00,
arbre a chat 1m de hauteur,,0,,0.00,
arbre a chat 1m pas cher,,0,,0.00,
arbre a chat 1m20 a 1m40,,0,,0.00,
arbre a chat 1m25,,0,,0.00,
arbre a chat 1m25 stokeley,,0,,0.00,
arbre a chat 1m35,,0,,0.00,
arbre a chat 1m4,,0,,0.00,
arbre a chat 1m40 haut,,0,,0.00,
arbre a chat 1m45,,0,,0.00,
arbre a chat 1m60 et,,0,,0.00,
arbre a chat 1m65,,0,,0.00,
arbre a chat 1m66 35euro90,,0,,0.00,
arbre a chat 1m70 beige,,0,,0.00,
arbre a chat 1m70 pas cher,,0,,0.00,
arbre a chat 1m70 promotion,,0,,0.00,
arbre a chat 1m70 solide,,0,,0.00,
arbre a chat 1m75,,0,,0.00,
arbre a chat 1m78,,0,,0.00,
arbre a chat 1m80 50 e,,0,,0.00,
arbre a chat 1m80 amazon,,0,,0.00,
arbre a chat 1m80 bois,,0,,0.00,
arbre a chat 1m80 pas cger,,0,,0.00,
arbre a chat 1m85,,0,,0.00,
arbre a chat 1m90,,0,,0.00,
arbre a chat 1metre de hauteur,,0,,0.00,
arbre a chat 2 15m,,0,,0.00,
arbre a chat 2 40 m 2 60 m,,0,,0.00,
arbre a chat 2 boules,,0,,0.00,
arbre a chat 2 cabane,,0,,0.00,
arbre a chat 2 cabanes,,0,,0.00,
arbre a chat 2 coffres,,0,,0.00,
arbre a chat 2 echelle,,0,,0.00,
arbre a chat 2 griffoirs et bois flotté,,0,,0.00,
arbre a chat 2 hamac,,0,,0.00,
arbre a chat 2 m 40,,0,,0.00,
arbre a chat 2 m4à,,0,,0.00,
arbre a chat 2 niche,,0,,0.00,
arbre a chat 2 niches pas cher,,0,,0.00,
arbre a chat 2 niveaux,,0,,0.00,
arbre a chat 2 parties,,0,,0.00,
arbre a chat 2 plateforme,,0,,0.00,
arbre a chat 2 plateforme et isal,,0,,0.00,
arbre a chat 2 plateforme et sisal,,0,,0.00,
arbre a chat 2 poteaux,,0,,0.00,
arbre a chat 2 étages,,0,,0.00,
arbre a chat 2.15 eyepower,,0,,0.00,
arbre a chat 2.50m,,0,,0.00,
arbre a chat 2.5m,,0,,0.00,
arbre a chat 20,,0,,0.00,
arbre a chat 20 e,,0,,0.00,
arbre a chat 200 euros,,0,,0.00,
arbre a chat 200cm,,0,,0.27,
arbre a chat 2017,,0,,0.00,
arbre a chat 2018,,0,,0.00,
arbre a chat 2019,,0,,0.00,
arbre a chat 20euros,,0,,0.00,
arbre a chat 211 cm,,0,,0.00,
arbre a chat 214 cm,,0,,0.00,
arbre a chat 220,,0,,0.00,
arbre a chat 223,,0,,0.00,
arbre a chat 240 hansi,,0,,0.00,
arbre a chat 240cm,,0,,0.00,
arbre a chat 240cm 260cm,,0,,0.00,
arbre a chat 25 euro,,0,,0.00,
arbre a chat 250 cm pas cher,,0,,0.00,
arbre a chat 270 cm,,0,,0.00,
arbre a chat 270 cm gris,,0,,0.00,
arbre a chat 270cm,,0,,0.00,
arbre a chat 280,,0,,0.00,
arbre a chat 280 cm,,0,,0.00,
arbre a chat 2ememain,,0,,0.00,
arbre a chat 2m 60,,0,,0.00,
arbre a chat 2m amazo n,,0,,0.00,
arbre a chat 2m bois,,0,,0.00,
arbre a chat 2m pas cher,,0,,0.00,
arbre a chat 2m tectake,,0,,0.00,
arbre a chat 2m tektake,,0,,0.00,
arbre a chat 2m20,,0,,0.00,
arbre a chat 2m30,,0,,0.00,
arbre a chat 2m40 euros,,0,,0.00,
arbre a chat 2metres 50,,0,,0.00,
arbre a chat 3 boules,,0,,0.00,
arbre a chat 3 chat,,0,,0.00,
arbre a chat 3 couches,,0,,0.00,
arbre a chat 3 etage,,0,,0.00,
arbre a chat 3 etage diy,,0,,0.00,
arbre a chat 3 etage dyi,,0,,0.00,
arbre a chat 3 etage dyo,,0,,0.00,
arbre a chat 3 etagesd,,0,,0.00,
arbre a chat 3 griffoir,,0,,0.00,
arbre a chat 3 marches,,0,,0.00,
arbre a chat 3 metre,,0,,0.00,
arbre a chat 3 niveaux,,0,,0.00,
arbre a chat 3 panier,,0,,0.00,
arbre a chat 3 pieds instruction,,0,,0.00,
arbre a chat 3 pieds mode d'emploi,,0,,0.00,
arbre a chat 3 piliers tabouret,,0,,0.00,
arbre a chat 3 place,,0,,0.00,
arbre a chat 3 places,,0,,0.00,
arbre a chat 3 places adultes,,0,,0.00,
arbre a chat 3 plate forme,,0,,0.00,
arbre a chat 3 plate forme 1m14,,0,,0.00,
arbre a chat 3 plate forme 40x40,,0,,0.00,
arbre a chat 3 plateaux,,0,,0.00,
arbre a chat 3 plateformes panoramiques griffoir grotte balle corde,,0,,0.00,
arbre a chat 3 poteaux,,0,,0.00,
arbre a chat 3 suisses,,0,,0.00,
arbre a chat 30,,0,,0.00,
arbre a chat 300,,0,,0.00,
arbre a chat 31 rue d'alleray,,0,,0.00,
arbre a chat 31 rue d'alleray numero,,0,,0.00,
arbre a chat 328803 alex,,0,,0.00,
arbre a chat 35,,0,,0.00,
arbre a chat 35 cm,,0,,0.00,
arbre a chat 3d,,0,,0.00,
arbre a chat 3d a telechargez,,0,,0.00,
arbre a chat 3etage,,0,,0.00,
arbre a chat 3etages,,0,,0.00,
arbre a chat 4 chat,,0,,0.00,
arbre a chat 4 chats,,0,,0.00,
arbre a chat 4 cht,,0,,0.00,
arbre a chat 4 colonnes,,0,,0.00,
arbre a chat 4 etage,,0,,0.00,
arbre a chat 4 etagere un cube,,0,,0.00,
arbre a chat 4 hamac,,0,,0.00,
arbre a chat 4 lettres,,0,,0.00,
arbre a chat 40 x 40,,0,,0.00,
arbre a chat 40cm,,0,,0.00,
arbre a chat 40euro,,0,,0.00,
arbre a chat 40euros,,0,,0.00,
arbre a chat 40x40,,0,,0.00,
arbre a chat 46 cm,,0,,0.00,
arbre a chat 5 etages,,0,,0.00,
arbre a chat 50 150,,0,,0.00,
arbre a chat 50 centimetres de hauteur,,0,,0.00,
arbre a chat 50 centimetres de hautezur,,0,,0.00,
arbre a chat 50 cm,,0,,0.00,
arbre a chat 500 euros,,0,,0.00,
arbre a chat 52cm,,0,,0.00,
arbre a chat 53 cm,,0,,0.00,
arbre a chat 58 40 70,,0,,0.00,
arbre a chat 5m,,0,,0.00,
arbre a chat 6 kg,,0,,0.00,
arbre a chat 60cm,,0,,0.00,
arbre a chat 60x60,,0,,0.00,
arbre a chat 615x738,,0,,0.00,
arbre a chat 62 cm de hauteur,,0,,0.00,
arbre a chat 68 cm,,0,,0.00,
arbre a chat 6kg,,0,,0.00,
arbre a chat 7,,0,,0.00,
arbre a chat 70 cm cdiscount,,0,,0.00,
arbre a chat 70cm,,0,,0.00,
arbre a chat 75 cm,,0,,0.00,
arbre a chat 76,,0,,0.00,
arbre a chat 77,,0,,0.00,
arbre a chat 80 reduction,,0,,0.00,
arbre a chat 80cm,,0,,0.00,
arbre a chat 80cm largeur,,0,,0.00,
arbre a chat 82,,0,,0.00,
arbre a chat 85 cm 90 cm,,0,,0.00,
arbre a chat 9 euros,,0,,0.00,
arbre a chat 90 cm avec hamac,,0,,0.00,
arbre a chat 90cm,,0,,0.00,
arbre a chat 93cm,,0,,0.00,
arbre a chat 95 cm hauteur,,0,,0.00,
arbre a chat 95 cm pastel gris anis,,0,,0.00,
arbre a chat 974,,0,,0.00,
arbre a chat 9cm,,0,,0.00,
arbre a chat a,,0,,0.00,
arbre a chat a 13 euro,,0,,0.00,
arbre a chat a 149,,0,,0.00,
arbre a chat a 20 euro,,0,,0.00,
arbre a chat a 200 euros,,0,,0.00,
arbre a chat a 2000 euros,,0,,0.00,
arbre a chat a 29.99 a villaverde,,0,,0.00,
arbre a chat a 40,,0,,0.00,
arbre a chat a 59 euros a auchan,,0,,0.00,
arbre a chat a 89,,0,,0.00,
arbre a chat a auchan,,0,,0.00,
arbre a chat a auchanc,,0,,0.00,
arbre a chat a babou,,0,,0.00,
arbre a chat a bas de vrai branche,,0,,0.00,
arbre a chat a beauvais,,0,,0.00,
arbre a chat a bon prix et b onne qualité,,0,,0.00,
arbre a chat a bricomarche,,0,,0.00,
arbre a chat a carrefor,,0,,0.00,
arbre a chat a carrefour,,0,,0.00,
arbre a chat a chat amazon,,0,,0.00,
arbre a chat a commander,,0,,0.00,
arbre a chat a composer en bois,,0,,0.00,
arbre a chat a composer katt,,0,,0.00,
arbre a chat a composer katt3,,0,,0.00,
arbre a chat a composer soi meme,,0,,0.00,
arbre a chat a construction tuto,,0,,0.00,
arbre a chat a cora,,0,,0.00,
arbre a chat a cora wattignises,,0,,0.00,
arbre a chat a coté nourriture,,0,,0.00,
arbre a chat a customiser,,0,,0.00,
arbre a chat a delbard parthenay 79,,0,,0.00,
arbre a chat a donner a mandelieu,,0,,0.00,
arbre a chat a donner belgique,,0,,0.00,
arbre a chat a donner bruxelles,,0,,0.00,
arbre a chat a fabriquer materiel,,0,,0.00,
arbre a chat a fabriquer soi mêm,,0,,0.00,
arbre a chat a fabriqué,,0,,0.00,
arbre a chat a fabriqué soot mêm,,0,,0.00,
arbre a chat a faire chez soi,,0,,0.00,
arbre a chat a faire en carton,,0,,0.00,
arbre a chat a faire soi meme en carton,,0,,0.00,
arbre a chat a faire soi même,,0,,0.00,
arbre a chat a faire sois meme,,0,,0.00,
arbre a chat a faire soit meme,,0,,0.00,
arbre a chat a faire soit meme piece,,0,,0.00,
arbre a chat a faite sois meme,,0,,0.00,
arbre a chat a feuilles etsy,,0,,0.00,
arbre a chat a fixer au plafond,,0,,0.00,
arbre a chat a fixzer a u plafond,,0,,0.00,
arbre a chat a fixé au canapé,,0,,0.00,
arbre a chat a fixé au radiateur,,0,,0.00,
arbre a chat a fleur,,0,,0.00,
arbre a chat a game vert arras,,0,,0.00,
arbre a chat a gamm vert avec cabane,,0,,0.00,
arbre a chat a gamm vert de guilherand-granges,,0,,0.00,
arbre a chat a guerido,,0,,0.00,
arbre a chat a gueridzoo,,0,,0.00,
arbre a chat a hamac,,0,,0.00,
arbre a chat a huberland,,0,,0.00,
arbre a chat a imprimer,,0,,0.00,
arbre a chat a jardiland,,0,,0.00,
arbre a chat a jardiland besancon,,0,,0.00,
arbre a chat a jardiland charleville,,0,,0.00,
arbre a chat a jardilande,,0,,0.00,
arbre a chat a la foir fouille,,0,,0.00,
arbre a chat a la foire fouille,,0,,0.00,
arbre a chat a lille,,0,,0.00,
arbre a chat a lyon,,0,,0.00,
arbre a chat a match,,0,,0.00,
arbre a chat a maxi zoo,,0,,0.00,
arbre a chat a maxi zoo st martin d hères,,0,,0.00,
arbre a chat a mettre dehors,,0,,0.00,
arbre a chat a mini prix,,0,,0.00,
arbre a chat a moins de 10 euros,,0,,0.00,
arbre a chat a moins de 110 euros,,0,,0.00,
arbre a chat a moins de 15 euros,,0,,0.00,
arbre a chat a moins de 20 euro,,0,,0.00,
arbre a chat a monter,,0,,0.00,
arbre a chat a monter en kit,,0,,0.00,
arbre a chat a monter soi meme,,0,,0.00,
arbre a chat a montluçon,,0,,0.00,
arbre a chat a nice,,0,,0.00,
arbre a chat a norma,,0,,0.00,
arbre a chat a noz chalon en champagne,,0,,0.00,
arbre a chat a orbec,,0,,0.00,
arbre a chat a partir d un tronc d'arbre,,0,,0.00,
arbre a chat a partir d une branche,,0,,0.00,
arbre a chat a partir de meuble,,0,,0.00,
arbre a chat a prix casse,,0,,0.00,
arbre a chat a prix cassé,,0,,0.00,
arbre a chat a prix discount,,0,,0.00,
arbre a chat a quel age,,0,,0.00,
arbre a chat a quoi ca sert,,0,,0.00,
arbre a chat a realiser,,0,,0.00,
arbre a chat a reparer,,0,,0.00,
arbre a chat a rouen,,0,,0.00,
arbre a chat a super u,,0,,0.00,
arbre a chat a vendre drummondville,,0,,0.00,
arbre a chat a vendre ebay,,0,,0.00,
arbre a chat a vendre gatineau,,0,,0.00,
arbre a chat a vendre granby,,0,,0.00,
arbre a chat a vendre kijiji,,0,,0.00,
arbre a chat a vendre kijiji sherbrooke,,0,,0.00,
arbre a chat a vendre lanaudiere,,0,,0.00,
arbre a chat a vendre laurentides,,0,,0.00,
arbre a chat a vendre montreal,,0,,0.00,
arbre a chat a vendre occasion,,0,,0.00,
arbre a chat a vendre quebec,,0,,0.00,
arbre a chat a vendre saguenay,,0,,0.00,
arbre a chat a vendre sherbrooke,,0,,0.00,
arbre a chat a vendre trois rivieres,,0,,0.00,
arbre a chat a vendre ville de quebec,,0,,0.00,
arbre a chat a vendre walmart,,0,,0.00,
arbre a chat a weldom dur marseille,,0,,0.00,
arbre a chat aa,,0,,0.00,
arbre a chat abec cabane,,0,,0.00,
arbre a chat abele,,0,,0.00,
arbre a chat abimé,,0,,0.00,
arbre a chat abione,,0,,0.00,
arbre a chat accident,,0,,0.00,
arbre a chat achat en ligne,,0,,0.00,
arbre a chat acheter marseille,,0,,0.00,
arbre a chat acheter sur places,,0,,0.00,
arbre a chat achicourt,,0,,0.00,
arbre a chat acier,,0,,0.00,
arbre a chat acier avec cabane,,0,,0.00,
arbre a chat acnl,,0,,0.00,
arbre a chat aconstruire,,0,,0.00,
arbre a chat acrion,,0,,0.00,
arbre a chat actio,,0,,0.00,
arbre a chat action avis,,0,,0.00,
arbre a chat action france,,0,,0.00,
arbre a chat action marmande,,0,,0.00,
arbre a chat action palmier,,0,,0.00,
arbre a chat actuon,,0,,0.00,
arbre a chat adel,,0,,0.00,
arbre a chat adelaide,,0,,0.00,
arbre a chat adelaide ebi,,0,,0.00,
arbre a chat adjugé vendu,,0,,0.00,
arbre a chat adulte 150cm,,0,,0.00,
arbre a chat adulte 170 cm,,0,,0.00,
arbre a chat adulte 50euros,,0,,0.00,
arbre a chat adulte avec hamac,,0,,0.00,
arbre a chat adulte cdiscount,,0,,0.00,
arbre a chat adulte centrakor,,0,,0.00,
arbre a chat adulte de qualité,,0,,0.00,
arbre a chat adulte ebay,,0,,0.00,
arbre a chat adulte en bois,,0,,0.00,
arbre a chat adulte et gros,,0,,0.00,
arbre a chat adulte feandra,,0,,0.00,
arbre a chat adulte geant allemagne,,0,,0.00,
arbre a chat adulte geant pas cher,,0,,0.00,
arbre a chat adulte grand,,0,,0.00,
arbre a chat adulte griffoir,,0,,0.00,
arbre a chat adulte gros tronc,,0,,0.00,
arbre a chat adulte hamac,,0,,0.00,
arbre a chat adulte insolite,,0,,0.00,
arbre a chat adulte insoupçonnable,,0,,0.00,
arbre a chat adulte jardiland,,0,,0.00,
arbre a chat adulte leclerc,,0,,0.00,
arbre a chat adulte magasin gap,,0,,0.00,
arbre a chat adulte maxi zoo,,0,,0.00,
arbre a chat adulte mural,,0,,0.00,
arbre a chat adulte naturel,,0,,0.00,
arbre a chat adulte occasion,,0,,0.00,
arbre a chat adulte osier,,0,,0.00,
arbre a chat adulte pas cher 60cms,,0,,0.00,
arbre a chat adulte petite taille,,0,,0.00,
arbre a chat adulte resize 2,,0,,0.00,
arbre a chat adulte rouge,,0,,0.00,
arbre a chat adulte simple 150 cm,,0,,0.00,
arbre a chat adulte solde,,0,,0.00,
arbre a chat adulte soldes,,0,,0.00,
arbre a chat adulte st petersbourg,,0,,0.00,
arbre a chat adulte truffaut,,0,,0.00,
arbre a chat adulte zoomalia,,0,,0.00,
arbre a chat adulte zooplus,,0,,0.00,
arbre a chat adulteen palette,,0,,0.00,
arbre a chat adunte,,0,,0.00,
arbre a chat afaire sois meme,,0,,0.00,
arbre a chat affaire conclue,,0,,0.00,
arbre a chat africa,,0,,0.00,
arbre a chat afrique,,0,,0.00,
arbre a chat age,,0,,0.00,
arbre a chat aimé dark,,0,,0.00,
arbre a chat aire de jeux,,0,,0.00,
arbre a chat ajc,,0,,0.00,
arbre a chat alavable,,0,,0.00,
arbre a chat albert,,0,,0.00,
arbre a chat albert kerbl,,0,,0.00,
arbre a chat albertville,,0,,0.00,
arbre a chat alejo,,0,,0.00,
arbre a chat alencon,,0,,0.00,
arbre a chat alesia,,0,,0.00,
arbre a chat alessio,,0,,0.00,
arbre a chat alex,,0,,0.00,
arbre a chat alexander,,0,,0.00,
arbre a chat alexis,,0,,0.00,
arbre a chat alicante 142 beige,,0,,0.00,
arbre a chat alicante anthracite,,0,,0.00,
arbre a chat alice aux pays des merveilles,,0,,0.00,
arbre a chat aliexpress 20,,0,,0.00,
arbre a chat alinea,,0,,0.00,
arbre a chat alixpress,,0,,0.00,
arbre a chat allemagne pet fun,,0,,0.00,
arbre a chat allemand prix,,0,,0.00,
arbre a chat allemands,,0,,0.00,
arbre a chat allemangne,,0,,0.00,
arbre a chat allongée,,0,,0.00,
arbre a chat allora,,0,,0.00,
arbre a chat almeria,,0,,0.00,
arbre a chat alternative,,0,,0.00,
arbre a chat alto,,0,,0.00,
arbre a chat altéa,,0,,0.00,
arbre a chat am,,0,,0.00,
arbre a chat amaeon,,0,,0.00,
arbre a chat amazon 80,,0,,0.00,
arbre a chat amazon basique,,0,,0.00,
arbre a chat amazon dibea,,0,,0.00,
arbre a chat amazon geant,,0,,0.00,
arbre a chat amazon hauteur 1 m,,0,,0.00,
arbre a chat amazon livraison gratuite,,0,,0.00,
arbre a chat amazon trixie,,0,,0.00,
arbre a chat amazon vesper noir,,0,,0.00,
arbre a chat amazon zolux,,0,,0.00,
arbre a chat amazon zooplus,,0,,0.00,
arbre a chat amazon zooplus en bois,,0,,0.00,
arbre a chat amazone basique,,0,,0.00,
arbre a chat amazone pour chat adulte de 10 kg,,0,,0.00,
arbre a chat amazone pour chat de 10kg,,0,,0.00,
arbre a chat amazonia,,0,,0.00,
arbre a chat amazonz,,0,,0.00,
arbre a chat ambiance,,0,,0.00,
arbre a chat amelie sisal gris,,0,,0.00,
arbre a chat amelie sisal gris ebay,,0,,0.00,
arbre a chat americain,,0,,0.00,
arbre a chat amiens,,0,,0.00,
arbre a chat amiland,,0,,0.00,
arbre a chat amir,,0,,0.00,
arbre a chat amis vert,,0,,0.00,
arbre a chat amovible,,0,,0.00,
arbre a chat amphore zooplus,,0,,0.00,
arbre a chat amrio,,0,,0.00,
arbre a chat amusant,,0,,0.00,
arbre a chat amy,,0,,0.00,
arbre a chat amzaone,,0,,0.00,
arbre a chat ananas,,0,,0.00,
arbre a chat andrea,,0,,0.00,
arbre a chat andromede,,0,,0.00,
arbre a chat angel,,0,,0.00,
arbre a chat angers,,0,,0.00,
arbre a chat anglaus,,0,,0.00,
arbre a chat angle grand chat,,0,,0.00,
arbre a chat angle pas cher,,0,,0.00,
arbre a chat angle xxl,,0,,0.00,
arbre a chat angoulême,,0,,0.00,
arbre a chat angulaire,,0,,0.00,
arbre a chat ani one,,0,,0.00,
arbre a chat anilalis,,0,,0.00,
arbre a chat animal & co la teste de buch,,0,,0.00,
arbre a chat animal compagnie balaruc,,0,,0.00,
arbre a chat animal confort,,0,,0.00,
arbre a chat animal crossing new horizon,,0,,0.00,
arbre a chat animal expo,,0,,0.00,
arbre a chat animal factory,,0,,0.00,
arbre a chat animal prod,,0,,0.00,
arbre a chat animal valley,,0,,0.00,
arbre a chat animal&co la teste de buch,,0,,0.00,
arbre a chat animalco,,0,,0.00,
arbre a chat animalerie de longuenesse,,0,,0.00,
arbre a chat animalerie marmande 47200,,0,,0.00,
arbre a chat animalerie reims,,0,,0.00,
arbre a chat animalgo,,0,,0.00,
arbre a chat animalis bercy village,,0,,0.00,
arbre a chat animalis fauteuil,,0,,0.00,
arbre a chat animalis occasion,,0,,0.00,
arbre a chat animalis pouf,,0,,0.00,
arbre a chat animalis prix,,0,,0.00,
arbre a chat animaliz,,0,,0.00,
arbre a chat animaux 0412,,0,,0.00,
arbre a chat animaux cat penthouse light grey rhr0412,,0,,0.00,
arbre a chat animotopia,,0,,0.00,
arbre a chat anio,,0,,0.00,
arbre a chat anio cathy,,0,,0.00,
arbre a chat anio lilly,,0,,0.00,
arbre a chat anione candy,,0,,0.00,
arbre a chat anione cindy,,0,,0.00,
arbre a chat anione ebony,,0,,0.00,
arbre a chat anione grand,,0,,0.00,
arbre a chat anione gris,,0,,0.00,
arbre a chat anione jive,,0,,0.00,
arbre a chat anione kratzbaum,,0,,0.00,
arbre a chat anione kratzbaum noir,,0,,0.00,
arbre a chat anione kratzbaum noir jama,,0,,0.00,
arbre a chat anione kratzbaum noir jamia,,0,,0.00,
arbre a chat anione lara,,0,,0.00,
arbre a chat anione lilly,,0,,0.00,
arbre a chat anione prix,,0,,0.00,
arbre a chat anione rouge et noir,,0,,0.00,
arbre a chat anione sunny,,0,,0.00,
arbre a chat anione tronc,,0,,0.00,
arbre a chat annecy,,0,,0.00,
arbre a chat annonce 68,,0,,0.00,
arbre a chat annonce abbeville,,0,,0.00,
arbre a chat ansi,,0,,0.00,
arbre a chat anti chien,,0,,0.00,
arbre a chat antracite,,0,,0.00,
arbre a chat antracite bleue et noir,,0,,0.00,
arbre a chat anyone,,0,,0.00,
arbre a chat anzo,,0,,0.00,
arbre a chat aoela,,0,,0.00,
arbre a chat apas cher,,0,,0.00,
arbre a chat apas chre,,0,,0.00,
arbre a chat apas chre er,,0,,0.00,
arbre a chat appart,,0,,0.00,
arbre a chat ar quality,,0,,0.00,
arbre a chat arbonne,,0,,0.00,
arbre a chat arbre miaoubox,,0,,0.00,
arbre a chat arbre vrai tronc,,0,,0.00,
arbre a chat ardilamnd,,0,,0.00,
arbre a chat arietta,,0,,0.00,
arbre a chat aristide,,0,,0.00,
arbre a chat armarkat,,0,,0.00,
arbre a chat armature fer,,0,,0.00,
arbre a chat armature metal,,0,,0.00,
arbre a chat armoire,,0,,0.00,
arbre a chat armoire transformee,,0,,0.00,
arbre a chat arradon,,0,,0.00,
arbre a chat arras62,,0,,0.00,
arbre a chat arras62 lincroyable,,0,,0.00,
arbre a chat arrondi,,0,,0.00,
arbre a chat artisan francais,,0,,0.00,
arbre a chat artisanal en bois,,0,,0.00,
arbre a chat artisanale,,0,,0.00,
arbre a chat artistique,,0,,0.00,
arbre a chat aspen,,0,,0.00,
arbre a chat astuce instagram,,0,,0.00,
arbre a chat atipique,,0,,0.00,
arbre a chat atlas creme,,0,,0.00,
arbre a chat atlas notice montage,,0,,0.00,
arbre a chat atlas zooplus,,0,,0.00,
arbre a chat attiré,,0,,0.00,
arbre a chat atypique,,0,,0.00,
arbre a chat au mur et plafond,,0,,0.00,
arbre a chat au point de croix,,0,,0.00,
arbre a chat auberdog,,0,,0.00,
arbre a chat auchan béziers,,0,,0.00,
arbre a chat auchan pas cher,,0,,0.00,
arbre a chat auchan prix,,0,,0.00,
arbre a chat automne,,0,,0.00,
arbre a chat auvergne,,0,,0.00,
arbre a chat auvhan,,0,,0.00,
arbre a chat aux encheres,,0,,0.00,
arbre a chat auxahn,,0,,0.00,
arbre a chat auxerre,,0,,0.00,
arbre a chat avc tirroir,,0,,0.00,
arbre a chat ave niche,,0,,0.00,
arbre a chat avec 1 50m de hauteur,,0,,0.00,
arbre a chat avec 1 50m de hauteur prix imbatable,,0,,0.00,
arbre a chat avec 1 50m de hauteur promotion,,0,,0.00,
arbre a chat avec 1 grand plateau,,0,,0.00,
arbre a chat avec 1 grand plateau blanc,,0,,0.00,
arbre a chat avec 2 hamacs,,0,,0.00,
arbre a chat avec 2 maisonnettes,,0,,0.00,
arbre a chat avec 2 plateaux,,0,,0.00,
arbre a chat avec 2maisonnettes,,0,,0.00,
arbre a chat avec 3 boules,,0,,0.00,
arbre a chat avec 3 hamac,,0,,0.00,
arbre a chat avec activites,,0,,0.00,
arbre a chat avec activites chez amazon,,0,,0.00,
arbre a chat avec axe metal,,0,,0.00,
arbre a chat avec bac a litière,,0,,0.00,
arbre a chat avec bale,,0,,0.00,
arbre a chat avec balencelle,,0,,0.00,
arbre a chat avec balle,,0,,0.00,
arbre a chat avec bambou,,0,,0.00,
arbre a chat avec base carree,,0,,0.00,
arbre a chat avec bois,,0,,0.00,
arbre a chat avec bois de palette,,0,,0.00,
arbre a chat avec bois flotté,,0,,0.00,
arbre a chat avec bois naturel,,0,,0.00,
arbre a chat avec boite de lait,,0,,0.00,
arbre a chat avec bol,,0,,0.00,
arbre a chat avec boule,,0,,0.00,
arbre a chat avec bouleau,,0,,0.00,
arbre a chat avec boules,,0,,0.00,
arbre a chat avec branche d arbre,,0,,0.00,
arbre a chat avec branche darbre,,0,,0.00,
arbre a chat avec branche fixation,,0,,0.00,
arbre a chat avec briques diy,,0,,0.00,
arbre a chat avec brisse,,0,,0.00,
arbre a chat avec brosse,,0,,0.00,
arbre a chat avec cagette,,0,,0.00,
arbre a chat avec carton,,0,,0.00,
arbre a chat avec carton a faire sio meme,,0,,0.00,
arbre a chat avec carton a faire soi meme maoderne,,0,,0.00,
arbre a chat avec corbeille,,0,,0.00,
arbre a chat avec corde de jeu,,0,,0.00,
arbre a chat avec couchage,,0,,0.00,
arbre a chat avec couffin,,0,,0.00,
arbre a chat avec couffin molletone,,0,,0.00,
arbre a chat avec couloir,,0,,0.00,
arbre a chat avec couloir nouriture,,0,,0.00,
arbre a chat avec couloir nourriture,,0,,0.00,
arbre a chat avec coussin,,0,,0.00,
arbre a chat avec coussin amovible,,0,,0.00,
arbre a chat avec coussin lavable,,0,,0.00,
arbre a chat avec crifoir,,0,,0.00,
arbre a chat avec cuvette profonde,,0,,0.00,
arbre a chat avec de la laine,,0,,0.00,
arbre a chat avec de vrai branches,,0,,0.00,
arbre a chat avec des balles,,0,,0.00,
arbre a chat avec des balles qui tourne,,0,,0.00,
arbre a chat avec des caisse,,0,,0.00,
arbre a chat avec des feuilles,,0,,0.00,
arbre a chat avec des objet de récup,,0,,0.00,
arbre a chat avec des objet de récuperation,,0,,0.00,
arbre a chat avec des palmiers,,0,,0.00,
arbre a chat avec des planche fait soi meme,,0,,0.00,
arbre a chat avec des poutre,,0,,0.00,
arbre a chat avec des poutre fait soi meme,,0,,0.00,
arbre a chat avec des rouleaux de carton,,0,,0.00,
arbre a chat avec des tables,,0,,0.00,
arbre a chat avec des tablette,,0,,0.00,
arbre a chat avec des tablette mural,,0,,0.00,
arbre a chat avec des tubes,,0,,0.00,
arbre a chat avec des valises,,0,,0.00,
arbre a chat avec dossier,,0,,0.00,
arbre a chat avec du bois,,0,,0.00,
arbre a chat avec du recyclage,,0,,0.00,
arbre a chat avec du resiclage,,0,,0.00,
arbre a chat avec dz la laine,,0,,0.00,
arbre a chat avec ecorce decorative,,0,,0.00,
arbre a chat avec ecorce et feuille,,0,,0.00,
arbre a chat avec elice des balles,,0,,0.00,
arbre a chat avec emplacement gamelle,,0,,0.00,
arbre a chat avec etage en osier,,0,,0.00,
arbre a chat avec etagere,,0,,0.00,
arbre a chat avec etagere pin,,0,,0.00,
arbre a chat avec etais,,0,,0.00,
arbre a chat avec feuille,,0,,0.00,
arbre a chat avec feuilles amovibles,,0,,0.00,
arbre a chat avec fut batterie,,0,,0.00,
arbre a chat avec gamelle integrale,,0,,0.00,
arbre a chat avec gamelle intégrée,,0,,0.16,
arbre a chat avec grand couchage,,0,,0.00,
arbre a chat avec grand couchoir,,0,,0.00,
arbre a chat avec grand panier,,0,,0.00,
arbre a chat avec grand plateau et poteaux 11cm,,0,,0.00,
arbre a chat avec grand plateau poteaux assez grand,,0,,0.00,
arbre a chat avec grand plateau poteaux assez grans,,0,,0.00,
arbre a chat avec grande assise,,0,,0.00,
arbre a chat avec grande niche,,0,,0.00,
arbre a chat avec grandes plate formes,,0,,0.00,
arbre a chat avec grattoir,,0,,0.00,
arbre a chat avec griffoir 65cm,,0,,0.00,
arbre a chat avec griffoir et hamac,,0,,0.00,
arbre a chat avec griffoir pas cher,,0,,0.00,
arbre a chat avec gros poteaux,,0,,0.00,
arbre a chat avec ham,,0,,0.00,
arbre a chat avec hamac amazon,,0,,0.00,
arbre a chat avec hamac corde et pompon,,0,,0.00,
arbre a chat avec hamac en hauteur,,0,,0.00,
arbre a chat avec hamac et escalier,,0,,0.00,
arbre a chat avec hamac explication montage,,0,,0.00,
arbre a chat avec hamac gris,,0,,0.00,
arbre a chat avec hamac pas chere,,0,,0.00,
arbre a chat avec hamac soldes,,0,,0.00,
arbre a chat avec hamac solide,,0,,0.00,
arbre a chat avec hamac style palmiers,,0,,0.00,
arbre a chat avec hamac style plamiers,,0,,0.00,
arbre a chat avec hamac trixie,,0,,0.00,
arbre a chat avec hamac xxl,,0,,0.00,
arbre a chat avec laser,,0,,0.00,
arbre a chat avec lit,,0,,0.00,
arbre a chat avec litiere et gamelle,,0,,0.16,
arbre a chat avec litiere integree,,0,,0.00,
arbre a chat avec litiere intégrée gris,,0,,0.00,
arbre a chat avec livraison possible,,0,,0.00,
arbre a chat avec maison 150cm,,0,,0.00,
arbre a chat avec maison litiere,,0,,0.00,
arbre a chat avec mangeoire,,0,,0.00,
arbre a chat avec meubles ikea,,0,,0.00,
arbre a chat avec motif,,0,,0.00,
arbre a chat avec moulin a vent des balles,,0,,0.00,
arbre a chat avec moulin de balles,,0,,0.00,
arbre a chat avec niche en hauteur,,0,,0.00,
arbre a chat avec niche fermee en hauteur,,0,,0.00,
arbre a chat avec niche osier,,0,,0.00,
arbre a chat avec niche pas cher,,0,,0.00,
arbre a chat avec nid,,0,,0.00,
arbre a chat avec palmier,,0,,0.00,
arbre a chat avec panier 1 metre,,0,,0.00,
arbre a chat avec pattes imprimees,,0,,0.00,
arbre a chat avec pied,,0,,0.00,
arbre a chat avec pion,,0,,0.00,
arbre a chat avec pion d'arbre,,0,,0.00,
arbre a chat avec planche de bois,,0,,0.00,
arbre a chat avec planche en bois,,0,,0.00,
arbre a chat avec plante,,0,,0.00,
arbre a chat avec plantes interieures diy,,0,,0.00,
arbre a chat avec plateau,,0,,0.00,
arbre a chat avec plateforme ronde,,0,,0.00,
arbre a chat avec pont suspendu,,0,,0.00,
arbre a chat avec poteau de 11cm de diametre,,0,,0.00,
arbre a chat avec poteau en vrai bois,,0,,0.00,
arbre a chat avec pvc,,0,,0.00,
arbre a chat avec rangement litiere,,0,,0.00,
arbre a chat avec recharge de cordes,,0,,0.00,
arbre a chat avec sisal,,0,,0.00,
arbre a chat avec table ikea,,0,,0.00,
arbre a chat avec tige de 9cm de diametre,,0,,0.00,
arbre a chat avec tiroir,,0,,0.00,
arbre a chat avec toilette,,0,,0.00,
arbre a chat avec tronc,,0,,0.00,
arbre a chat avec tronc d arbre,,0,,0.00,
arbre a chat avec tronc darbre,,0,,0.00,
arbre a chat avec tuyau pvc,,0,,0.00,
arbre a chat avec un angle,,0,,0.00,
arbre a chat avec un arbre,,0,,0.00,
arbre a chat avec un grand coussin,,0,,0.00,
arbre a chat avec un meuble,,0,,0.00,
arbre a chat avec une branche,,0,,0.00,
arbre a chat avec une chaise,,0,,0.00,
arbre a chat avec une roue,,0,,0.00,
arbre a chat avec vrai bout de bois,,0,,0.00,
arbre a chat avec vrai tronc,,0,,0.00,
arbre a chat avec vrai tronc arbre,,0,,0.00,
arbre a chat avec écelle,,0,,0.00,
arbre a chat avec échelle,,0,,0.00,
arbre a chat avectuyau pvc,,0,,0.00,
arbre a chat avenue,,0,,0.00,
arbre a chat aveve,,0,,0.00,
arbre a chat avignon,,0,,0.00,
arbre a chat avion,,0,,0.00,
arbre a chat avis poursuoi,,0,,0.00,
arbre a chat aviva,,0,,0.00,
arbre a chat aviva lotte,,0,,0.00,
arbre a chat avrc cabane pour chien et hat.com,,0,,0.00,
arbre a chat avtion,,0,,0.00,
arbre a chat aytre,,0,,0.00,
arbre a chat azkara 6,,0,,0.00,
arbre a chat b073jh2fyl,,0,,0.00,
arbre a chat babou prix,,0,,0.00,
arbre a chat babou quetigny,,0,,0.00,
arbre a chat bac a litiere intégré,,0,,0.00,
arbre a chat baltique,,0,,0.00,
arbre a chat bambiu,,0,,0.00,
arbre a chat bamboo,,0,,0.00,
arbre a chat bamboo residence anthracite,,0,,0.00,
arbre a chat bambou beige,,0,,0.00,
arbre a chat bambou capac,,0,,0.00,
arbre a chat bambou jardiland,,0,,0.00,
arbre a chat bambou luxe,,0,,0.00,
arbre a chat ban,,0,,0.00,
arbre a chat banana leaf avis,,0,,0.00,
arbre a chat banana leaf jade,,0,,0.00,
arbre a chat banana leaf occasion,,0,,0.00,
arbre a chat banana leaf paradise,,0,,0.00,
arbre a chat banana leaf paradise pas cher,,0,,0.00,
arbre a chat banana leaf pas cher,,0,,0.00,
arbre a chat banana leaf zooplus,,0,,0.00,
arbre a chat banana naturel pas cher xxl,,0,,0.00,
arbre a chat bancal,,0,,0.00,
arbre a chat barbie,,0,,0.00,
arbre a chat baril,,0,,0.00,
arbre a chat barney avis,,0,,0.00,
arbre a chat barney tectake,,0,,0.00,
arbre a chat barre a fixation plafond,,0,,0.00,
arbre a chat base 40x40,,0,,0.00,
arbre a chat base 70,,0,,0.00,
arbre a chat base large,,0,,0.00,
arbre a chat base large déhoussable,,0,,0.00,
arbre a chat base triangle,,0,,0.00,
arbre a chat batiba,,0,,0.00,
arbre a chat batman,,0,,0.00,
arbre a chat baya de hamiform,,0,,0.00,
arbre a chat baza grande,,0,,0.00,
arbre a chat beauty pet,,0,,0.00,
arbre a chat beeztees mirza,,0,,0.00,
arbre a chat beie,,0,,0.00,
arbre a chat beige 1 pied,,0,,0.00,
arbre a chat beige 110cm,,0,,0.00,
arbre a chat beige 164cm,,0,,0.00,
arbre a chat beige 170 cm,,0,,0.00,
arbre a chat beige 170 cm 1 pied,,0,,0.00,
arbre a chat beige c discount,,0,,0.00,
arbre a chat beige cdiscount,,0,,0.00,
arbre a chat beige double,,0,,0.00,
arbre a chat beige et bois,,0,,0.00,
arbre a chat beige grand,,0,,0.00,
arbre a chat beige gris,,0,,0.00,
arbre a chat beige groupon,,0,,0.00,
arbre a chat beige marron,,0,,0.00,
arbre a chat beige osier,,0,,0.00,
arbre a chat beige petit,,0,,0.00,
arbre a chat beige xxl,,0,,0.00,
arbre a chat belfort,,0,,0.00,
arbre a chat belge,,0,,0.00,
arbre a chat belinda,,0,,0.00,
arbre a chat bella,,0,,0.00,
arbre a chat bella 40x55x120cm gris,,0,,0.00,
arbre a chat bellary description,,0,,0.00,
arbre a chat bellary poid,,0,,0.00,
arbre a chat ben,,0,,0.00,
arbre a chat beonebreed,,0,,0.00,
arbre a chat berck,,0,,0.00,
arbre a chat berlioz,,0,,0.00,
arbre a chat bernina,,0,,0.00,
arbre a chat betm,,0,,0.00,
arbre a chat beton,,0,,0.00,
arbre a chat bhv la niche,,0,,0.00,
arbre a chat bienvenue dans mon duplex,,0,,0.00,
arbre a chat big boo,,0,,0.00,
arbre a chat big farm,,0,,0.00,
arbre a chat bio,,0,,0.00,
arbre a chat bitibia,,0,,0.00,
arbre a chat blac cdiscount,,0,,0.00,
arbre a chat black,,0,,0.00,
arbre a chat black fraiday,,0,,0.00,
arbre a chat black friday 170,,0,,0.00,
arbre a chat black friday jardiland,,0,,0.00,
arbre a chat black friday pas trop haut,,0,,0.00,
arbre a chat blanc amazon,,0,,0.00,
arbre a chat blanc avec chat noir,,0,,0.00,
arbre a chat blanc c discount,,0,,0.00,
arbre a chat blanc cdiscount,,0,,0.00,
arbre a chat blanc dangle,,0,,0.00,
arbre a chat blanc ebay,,0,,0.00,
arbre a chat blanc et gris avec tete de chat,,0,,0.00,
arbre a chat blanc et noir,,0,,0.00,
arbre a chat blanc et noir elegance,,0,,0.00,
arbre a chat blanc fourrure,,0,,0.00,
arbre a chat blanc hamac pompln,,0,,0.00,
arbre a chat blanc hamac pompon,,0,,0.00,
arbre a chat blanc hamac pompon corde,,0,,0.00,
arbre a chat blanc nuage,,0,,0.00,
arbre a chat blanc trixie,,0,,0.00,
arbre a chat blanco,,0,,0.00,
arbre a chat bleu 1 30 de haut,,0,,0.00,
arbre a chat bleu et blanc,,0,,0.00,
arbre a chat bleu et gris,,0,,0.00,
arbre a chat bleu jmt,,0,,0.00,
arbre a chat bleu marine,,0,,0.00,
arbre a chat blog,,0,,0.00,
arbre a chat blossom,,0,,0.00,
arbre a chat bnatural home iv,,0,,0.00,
arbre a chat bnatural home iv le moins cher,,0,,0.00,
arbre a chat bobine,,0,,0.00,
arbre a chat bobine de chantier,,0,,0.00,
arbre a chat boi,,0,,0.00,
arbre a chat bois 2 griffoirs et floté,,0,,0.00,
arbre a chat bois a'nnecy,,0,,0.00,
arbre a chat bois amazone,,0,,0.00,
arbre a chat bois animalis,,0,,0.00,
arbre a chat bois avec branche,,0,,0.00,
arbre a chat bois bambou,,0,,0.00,
arbre a chat bois beige,,0,,0.00,
arbre a chat bois botanic,,0,,0.00,
arbre a chat bois branches,,0,,0.00,
arbre a chat bois brut design,,0,,0.00,
arbre a chat bois clair,,0,,0.00,
arbre a chat bois comme vrai arbre dans les bois,,0,,0.00,
arbre a chat bois cube,,0,,0.00,
arbre a chat bois cubique,,0,,0.00,
arbre a chat bois d olivier,,0,,0.00,
arbre a chat bois d& 39,,0,,0.00,
arbre a chat bois de boulot,,0,,0.00,
arbre a chat bois esprit scandinave,,0,,0.00,
arbre a chat bois et sisal,,0,,0.00,
arbre a chat bois et sissal,,0,,0.00,
arbre a chat bois exterieur amazon,,0,,0.00,
arbre a chat bois fait maison,,0,,0.00,
arbre a chat bois flotte et sissal,,0,,0.00,
arbre a chat bois flotté a vendre,,0,,0.00,
arbre a chat bois flotté becquet,,0,,0.00,
arbre a chat bois flotté etsy,,0,,0.00,
arbre a chat bois flotté vente,,0,,0.00,
arbre a chat bois floté,,0,,0.00,
arbre a chat bois fonce,,0,,0.00,
arbre a chat bois gifi,,0,,0.00,
arbre a chat bois macif,,0,,0.00,
arbre a chat bois massif pet fun,,0,,0.00,
arbre a chat bois massif pour exterieur,,0,,0.00,
arbre a chat bois natural,,0,,0.00,
arbre a chat bois naturel acheter,,0,,0.00,
arbre a chat bois naturel caisse en bois,,0,,0.00,
arbre a chat bois naturel nord pas de calais,,0,,0.00,
arbre a chat bois noir,,0,,0.00,
arbre a chat bois olivier,,0,,0.00,
arbre a chat bois osier,,0,,0.00,
arbre a chat bois paradis,,0,,0.00,
arbre a chat bois paradise,,0,,0.00,
arbre a chat bois paris,,0,,0.00,
arbre a chat bois plafond,,0,,0.00,
arbre a chat bois plan,,0,,0.00,
arbre a chat bois promo,,0,,0.00,
arbre a chat bois sisal,,0,,0.00,
arbre a chat bois trixie,,0,,0.00,
arbre a chat bois xl,,0,,0.00,
arbre a chat boit,,0,,0.00,
arbre a chat boit pour main coon,,0,,0.00,
arbre a chat boite,,0,,0.00,
arbre a chat bon,,0,,0.00,
arbre a chat bon coin 31,,0,,0.00,
arbre a chat bon coin 76,,0,,0.00,
arbre a chat bon coin loire 42,,0,,0.00,
arbre a chat bon plan,,0,,0.00,
arbre a chat bonne qualite,,0,,0.00,
arbre a chat bonne qualité beige,,0,,0.00,
arbre a chat bontoy,,0,,0.00,
arbre a chat bontoy pasha,,0,,0.00,
arbre a chat boogie,,0,,0.00,
arbre a chat boogie more for,,0,,0.00,
arbre a chat boogie more for moka,,0,,0.00,
arbre a chat bordeau,,0,,0.00,
arbre a chat boreale,,0,,0.00,
arbre a chat botanic grenoble,,0,,0.00,
arbre a chat botanix,,0,,0.00,
arbre a chat boulanger,,0,,0.00,
arbre a chat boule design,,0,,0.00,
arbre a chat boule grise,,0,,0.00,
arbre a chat bouleau blanc,,0,,0.00,
arbre a chat bourg en bresse,,0,,0.00,
arbre a chat bourges,,0,,0.00,
arbre a chat bous,,0,,0.23,
arbre a chat boutique,,0,,0.00,
arbre a chat boutique animal&co,,0,,0.00,
arbre a chat boutique paris,,0,,0.00,
arbre a chat box,,0,,0.00,
arbre a chat box s,,0,,0.00,
arbre a chat branche arbres,,0,,0.00,
arbre a chat branche naturel,,0,,0.00,
arbre a chat branches,,0,,0.00,
arbre a chat brico depot,,0,,0.00,
arbre a chat brico marché,,0,,0.00,
arbre a chat bricomarche,,0,,0.04,
arbre a chat brownie,,0,,0.00,
arbre a chat brun 59.99,,0,,0.00,
arbre a chat buche,,0,,0.00,
arbre a chat budz,,0,,0.00,
arbre a chat butterfly,,0,,0.00,
arbre a chat c dicount,,0,,0.00,
arbre a chat c dicount market,,0,,0.00,
arbre a chat c discount a volonte,,0,,0.00,
arbre a chat c disount,,0,,0.00,
arbre a chat c hat design,,0,,0.00,
arbre a chat c'est quoi cette poudre verte,,0,,0.00,
arbre a chat ca sere a quoi,,0,,0.00,
arbre a chat cabane fait aison pinterst,,0,,0.00,
arbre a chat cabane fait main,,0,,0.00,
arbre a chat cabane muscat,,0,,0.00,
arbre a chat cachette en haut,,0,,0.00,
arbre a chat caché,,0,,0.00,
arbre a chat cactus beige,,0,,0.00,
arbre a chat cactus diy,,0,,0.00,
arbre a chat cactus facebook,,0,,0.00,
arbre a chat cactus pas cher,,0,,0.00,
arbre a chat cactus vert corée,,0,,0.00,
arbre a chat cactus vert corée du sud,,0,,0.00,
arbre a chat caen,,0,,0.00,
arbre a chat cage chinchilla,,0,,0.00,
arbre a chat cagettes,,0,,0.00,
arbre a chat caissd a vin,,0,,0.00,
arbre a chat caisse bois,,0,,0.00,
arbre a chat caktus,,0,,0.00,
arbre a chat cambrai,,0,,0.00,
arbre a chat camilla,,0,,0.00,
arbre a chat candy maxi zoo,,0,,0.00,
arbre a chat candy noir,,0,,0.00,
arbre a chat candy noir maxizoo,,0,,0.00,
arbre a chat capac jardiland,,0,,0.00,
arbre a chat capac mars residence,,0,,0.00,
arbre a chat capac residence,,0,,0.00,
arbre a chat capac residence anthracite,,0,,0.00,
arbre a chat capdenac,,0,,0.00,
arbre a chat caprice,,0,,0.00,
arbre a chat capsule,,0,,0.00,
arbre a chat cara xxl,,0,,0.00,
arbre a chat carcassonne,,0,,0.00,
arbre a chat carline,,0,,0.00,
arbre a chat carlos,,0,,0.00,
arbre a chat carrefour bourges,,0,,0.00,
arbre a chat carrefour grand littoral,,0,,0.00,
arbre a chat carrefour market,,0,,0.00,
arbre a chat carrefour prix,,0,,0.00,
arbre a chat carré design,,0,,0.00,
arbre a chat carrée,,0,,0.31,
arbre a chat cartin,,0,,0.00,
arbre a chat carton fait maison,,0,,0.00,
arbre a chat carton idee,,0,,0.00,
arbre a chat cartons,,0,,0.00,
arbre a chat cas'art,,0,,0.00,
arbre a chat casablanca,,0,,0.00,
arbre a chat casablanca 60 60 260,,0,,0.00,
arbre a chat casablanca 6060 260,,0,,0.00,
arbre a chat case,,0,,0.00,
arbre a chat casino,,0,,0.00,
arbre a chat casse,,0,,0.00,
arbre a chat casse ecrou,,0,,0.00,
arbre a chat casse ecrou ne tient plus,,0,,0.00,
arbre a chat casse tige,,0,,0.00,
arbre a chat casse tige fileté,,0,,0.00,
arbre a chat casser,,0,,0.00,
arbre a chat cassé,,0,,0.00,
arbre a chat cassé maxizoo,,0,,0.00,
arbre a chat cassée tige,,0,,0.00,
arbre a chat casta,,0,,0.00,
arbre a chat castastrofic creation,,0,,0.00,
arbre a chat casto,,0,,0.00,
arbre a chat cat dome,,0,,0.00,
arbre a chat cat dome pura vida,,0,,0.00,
arbre a chat cat elite,,0,,0.00,
arbre a chat cat elite cpl m pet animalis,,0,,0.00,
arbre a chat cat flower,,0,,0.40,
arbre a chat cat leaf 4,,0,,0.00,
arbre a chat cat leaf 5,,0,,0.00,
arbre a chat cat lodge,,0,,0.00,
arbre a chat cat park,,0,,0.00,
arbre a chat cat park 2,,0,,0.00,
arbre a chat cat park 3,,0,,0.00,
arbre a chat cat's flower xxl,,0,,0.00,
arbre a chat cat's flower xxl comparateur prix,,0,,0.00,
arbre a chat catdome,,0,,0.00,
arbre a chat catdome pura vidavtruffaut,,0,,0.00,
arbre a chat catharina 120,,0,,0.00,
arbre a chat cathedrale,,0,,0.00,
arbre a chat catrix,,0,,0.00,
arbre a chat cats and dog,,0,,0.00,
arbre a chat cats flower,,0,,0.00,
arbre a chat cavaillon,,0,,0.00,
arbre a chat cc,,0,,0.00,
arbre a chat cdiscount 120,,0,,0.00,
arbre a chat cdiscount 165cm ou plus,,0,,0.00,
arbre a chat cdiscount a volonte,,0,,0.00,
arbre a chat cdiscount market,,0,,0.00,
arbre a chat cdiscounthttps www.google.fr,,0,,0.00,
arbre a chat cdscount,,0,,0.00,
arbre a chat cdsiount,,0,,0.00,
arbre a chat centrakor angers,,0,,0.00,
arbre a chat centrakor avis,,0,,0.00,
arbre a chat centrakor dijon,,0,,0.00,
arbre a chat centrakor dijpn,,0,,0.00,
arbre a chat centrakor tarbes,,0,,0.00,
arbre a chat centrakor vernon 27,,0,,0.00,
arbre a chat centre leclerc,,0,,0.00,
arbre a chat cercle vert,,0,,0.00,
arbre a chat certon,,0,,0.00,
arbre a chat ces art,,0,,0.21,
arbre a chat ces'art 834073,,0,,0.00,
arbre a chat cesar,,0,,0.00,
arbre a chat cesart,,0,,0.00,
arbre a chat ceylan,,0,,0.00,
arbre a chat ceylan gris,,0,,0.00,
arbre a chat ceylan gris au meilleur prix,,0,,0.00,
arbre a chat chabane,,0,,0.00,
arbre a chat chadog,,0,,0.00,
arbre a chat chaise,,0,,0.00,
arbre a chat chalon sur saone,,0,,0.00,
arbre a chat chambery,,0,,0.00,
arbre a chat chambre,,0,,0.00,
arbre a chat champigny sur marne,,0,,0.00,
arbre a chat chan,,0,,0.00,
arbre a chat charente maritiem,,0,,0.00,
arbre a chat charlie gris more4,,0,,0.00,
arbre a chat charlie maxi zoo,,0,,0.00,
arbre a chat charlie more for,,0,,0.00,
arbre a chat chartreux,,0,,0.00,
arbre a chat chat adulte,,0,,0.00,
arbre a chat chat bois,,0,,0.00,
arbre a chat chat dort,,0,,0.00,
arbre a chat chat handicapé,,0,,0.00,
arbre a chat chatbois,,0,,0.00,
arbre a chat chateau bleu,,0,,0.00,
arbre a chat chateau pas cher,,0,,0.00,
arbre a chat chateau princesse bleu,,0,,0.00,
arbre a chat chateau trixie,,0,,0.00,
arbre a chat chateaux,,0,,0.00,
arbre a chat chaton taille,,0,,0.00,
arbre a chat chatterie royal canin,,0,,0.00,
arbre a chat chauffant,,0,,0.00,
arbre a chat chene massif,,0,,0.00,
arbre a chat cher action chambly,,0,,0.00,
arbre a chat cher grand,,0,,0.00,
arbre a chat cherry fruit,,0,,0.00,
arbre a chat cherry king,,0,,0.00,
arbre a chat cherster,,0,,0.00,
arbre a chat chez aldi,,0,,0.00,
arbre a chat chez amazonr,,0,,0.00,
arbre a chat chez babou,,0,,0.00,
arbre a chat chez cora,,0,,0.00,
arbre a chat chez foire fouille,,0,,0.00,
arbre a chat chez leclerc a lisieux,,0,,0.00,
arbre a chat chez mondou,,0,,0.00,
arbre a chat chez point dog,,0,,0.00,
arbre a chat chez rakuten,,0,,0.00,
arbre a chat chez tom co,,0,,0.00,
arbre a chat chez tom&co,,0,,0.00,
arbre a chat chez top deco,,0,,0.00,
arbre a chat chez villaverde savenay,,0,,0.00,
arbre a chat chez zoomalia,,0,,0.00,
arbre a chat chez zooplus trackid sp-006,,0,,0.00,
arbre a chat chicago,,0,,0.00,
arbre a chat chico,,0,,0.00,
arbre a chat chicoutimi,,0,,0.00,
arbre a chat chili,,0,,0.00,
arbre a chat chine odeur,,0,,0.00,
arbre a chat chocolat,,0,,0.00,
arbre a chat choisir,,0,,0.00,
arbre a chat choisir plusieurs char,,0,,0.00,
arbre a chat choisir plusieurs chats,,0,,0.00,
arbre a chat chouchou,,0,,0.00,
arbre a chat choupette,,0,,0.00,
arbre a chat château,,0,,0.00,
arbre a chat cilendre,,0,,0.00,
arbre a chat cindy,,0,,0.00,
arbre a chat city cat 3,,0,,0.00,
arbre a chat citycat,,0,,0.00,
arbre a chat classic eco loonaa,,0,,0.00,
arbre a chat classic eco loonaa zooplus,,0,,0.00,
arbre a chat classique matou,,0,,0.00,
arbre a chat classique trend adélaïde,,0,,0.00,
arbre a chat claustra,,0,,0.00,
arbre a chat cleo,,0,,0.00,
arbre a chat cleo xxl,,0,,0.00,
arbre a chat cleopatra,,0,,0.00,
arbre a chat clermont,,0,,0.00,
arbre a chat clermont ferrand,,0,,0.00,
arbre a chat clipper,,0,,0.00,
arbre a chat clips,,0,,0.00,
arbre a chat coccinelle,,0,,0.00,
arbre a chat coco,,0,,0.00,
arbre a chat coco palm pas cher,,0,,0.00,
arbre a chat cocoon,,0,,0.00,
arbre a chat codaca,,0,,0.00,
arbre a chat code produit 364311 x avis,,0,,0.00,
arbre a chat coffre en haut,,0,,0.00,
arbre a chat coin de canapé,,0,,0.00,
arbre a chat colissimo,,0,,0.00,
arbre a chat coll et pas chère,,0,,0.00,
arbre a chat collishop,,0,,0.00,
arbre a chat colmar,,0,,0.00,
arbre a chat colombe,,0,,0.00,
arbre a chat colon'e,,0,,0.00,
arbre a chat colonne 90,,0,,0.00,
arbre a chat colonne 90cm,,0,,0.00,
arbre a chat colonne cdiscount,,0,,0.00,
arbre a chat colonne fixation plafond,,0,,0.00,
arbre a chat colonne pas cher,,0,,0.00,
arbre a chat colonne verticale,,0,,0.00,
arbre a chat coloris,,0,,0.00,
arbre a chat colosseum,,0,,0.00,
arbre a chat combine design,,0,,0.00,
arbre a chat combine trixie,,0,,0.00,
arbre a chat combine trixie pino,,0,,0.00,
arbre a chat cometa,,0,,0.00,
arbre a chat comfort,,0,,0.00,
arbre a chat comme un arbre,,0,,0.00,
arbre a chat comme un vrai,,0,,0.00,
arbre a chat comment choisir,,0,,0.00,
arbre a chat comment faire,,0,,0.00,
arbre a chat comment fixer un tube sur la base,,0,,0.00,
arbre a chat comment le faire adopter,,0,,0.00,
arbre a chat comment remettre du sisal,,0,,0.00,
arbre a chat compact grande hauteur,,0,,0.00,
arbre a chat complet,,0,,0.00,
arbre a chat complet promo,,0,,0.00,
arbre a chat condi,,0,,0.00,
arbre a chat condo,,0,,0.00,
arbre a chat confinement,,0,,0.00,
arbre a chat connecte,,0,,0.00,
arbre a chat construction tuto,,0,,0.00,
arbre a chat contemporain bois brut,,0,,0.00,
arbre a chat contemporain gris,,0,,0.00,
arbre a chat contre les tiques,,0,,0.00,
arbre a chat contre un mur,,0,,0.00,
arbre a chat cookie,,0,,0.00,
arbre a chat cooky,,0,,0.00,
arbre a chat cool,,0,,0.00,
arbre a chat cool et pas chère,,0,,0.00,
arbre a chat coon corner,,0,,0.00,
arbre a chat cora coudekerque,,0,,0.00,
arbre a chat corbeille osier,,0,,0.00,
arbre a chat corde 9mn,,0,,0.00,
arbre a chat corde coco,,0,,0.00,
arbre a chat corde de coco,,0,,0.00,
arbre a chat coree,,0,,0.00,
arbre a chat coreen,,0,,0.00,
arbre a chat cosmos99,,0,,0.00,
arbre a chat costaux,,0,,0.00,
arbre a chat cosy and dozy,,0,,0.00,
arbre a chat cote d ivoire,,0,,0.00,
arbre a chat cotec,,0,,0.00,
arbre a chat coton bio,,0,,0.00,
arbre a chat couleur bleu et gris,,0,,0.00,
arbre a chat couleur bordeaux,,0,,0.00,
arbre a chat couleur gris,,0,,0.00,
arbre a chat couleur leopard,,0,,0.00,
arbre a chat couleur taupe,,0,,0.00,
arbre a chat coupole,,0,,0.00,
arbre a chat coussin amovible,,0,,0.00,
arbre a chat coussin chien cuir,,0,,0.00,
arbre a chat coutances,,0,,0.00,
arbre a chat coutances jardiland,,0,,0.00,
arbre a chat cozy and dozy,,0,,0.00,
arbre a chat createur,,0,,0.00,
arbre a chat creatif,,0,,0.00,
arbre a chat creation,,0,,0.00,
arbre a chat croquetteland,,0,,0.00,
arbre a chat créme,,0,,0.00,
arbre a chat créme qui vas au plaphon,,0,,0.00,
arbre a chat cube 2 griffoirs,,0,,0.00,
arbre a chat cube 2 poteaux,,0,,0.00,
arbre a chat cube 2 troncs,,0,,0.00,
arbre a chat cube 2griffoirs,,0,,0.00,
arbre a chat cube 3 etages,,0,,0.00,
arbre a chat cube bois,,0,,0.00,
arbre a chat cube fait maison,,0,,0.00,
arbre a chat cube zolux,,0,,0.00,
arbre a chat cubes,,0,,0.00,
arbre a chat cubique,,0,,0.00,
arbre a chat cubox,,0,,0.00,
arbre a chat cubox duplex,,0,,0.00,
arbre a chat curaco,,0,,0.00,
arbre a chat curcao,,0,,0.00,
arbre a chat curcas,,0,,0.00,
arbre a chat custom,,0,,0.00,
arbre a chat customisé,,0,,0.00,
arbre a chat cute,,0,,0.00,
arbre a chat cybermonday,,0,,0.00,
arbre a chat cylindre amazone,,0,,0.00,
arbre a chat cylindre design,,0,,0.00,
arbre a chat cylindre disign,,0,,0.00,
arbre a chat cylindre gris ogarden,,0,,0.00,
arbre a chat cylindre ogarden,,0,,0.00,
arbre a chat cylindrique maxizoo,,0,,0.00,
arbre a chat cylindrique pas cher,,0,,0.00,
arbre a chat cylindtique,,0,,0.00,
arbre a chat cyperus papyrus,,0,,0.00,
arbre a chat czrton,,0,,0.00,
arbre a chat césar,,0,,0.00,
arbre a chat césarienne,,0,,0.00,
arbre a chat d angle mural,,0,,0.00,
arbre a chat d angle pas cher,,0,,0.00,
arbre a chat d angle pour gros chat,,0,,0.00,
arbre a chat d angle pour maine coon,,0,,0.00,
arbre a chat d angle xxl,,0,,0.24,
arbre a chat d extérieur,,0,,0.21,
arbre a chat d occasion avis,,0,,0.00,
arbre a chat d occasion landes,,0,,0.00,
arbre a chat d occasion var,,0,,0.00,
arbre a chat d occasionnormandie,,0,,0.00,
arbre a chat d un metre de haut,,0,,0.00,
arbre a chat d& 39,,0,,0.00,
arbre a chat d'angle 200cm,,0,,0.00,
arbre a chat d'angle 45x45,,0,,0.00,
arbre a chat d'angle hauteur 1 mètre maximum,,0,,0.00,
arbre a chat d'angle xxl zoolux,,0,,0.00,
arbre a chat d'interieur,,0,,0.00,
arbre a chat d'occasion,,0,,0.00,
arbre a chat d'occasion avis,,0,,0.00,
arbre a chat d'occasion normandie,,0,,0.00,
arbre a chat d'occasion odeur de chat,,0,,0.00,
arbre a chat d'occasion pas cher,,0,,0.00,
arbre a chat d4exterieur,,0,,0.00,
arbre a chat dangle,,0,,0.00,
arbre a chat dangle design,,0,,0.00,
arbre a chat dangle mural,,0,,0.00,
arbre a chat dangle mural design,,0,,0.00,
arbre a chat dangle pas cher,,0,,0.00,
arbre a chat dangle xxl,,0,,0.22,
arbre a chat daniel,,0,,0.00,
arbre a chat dans apparemment,,0,,0.00,
arbre a chat dans big farm,,0,,0.00,
arbre a chat dans le 27,,0,,0.00,
arbre a chat dans le mur,,0,,0.00,
arbre a chat dans magasin,,0,,0.00,
arbre a chat dans niche,,0,,0.00,
arbre a chat dans renfoncement,,0,,0.00,
arbre a chat dans un escalier,,0,,0.00,
arbre a chat dans un hamac,,0,,0.00,
arbre a chat dans un salon,,0,,0.00,
arbre a chat dans un studio,,0,,0.00,
arbre a chat dans un youka,,0,,0.00,
arbre a chat dans un yuka,,0,,0.00,
arbre a chat darling chateau,,0,,0.00,
arbre a chat de 1 5m,,0,,0.00,
arbre a chat de 1 m 10,,0,,0.00,
arbre a chat de 110 cm minimum,,0,,0.00,
arbre a chat de 1m20,,0,,0.00,
arbre a chat de 2 metres,,0,,0.00,
arbre a chat de 3m,,0,,0.00,
arbre a chat de 4 metres,,0,,0.00,
arbre a chat de 5 kilos,,0,,0.00,
arbre a chat de 5kg,,0,,0.00,
arbre a chat de coin,,0,,0.00,
arbre a chat de couleur rose,,0,,0.00,
arbre a chat de fenetre,,0,,0.00,
arbre a chat de fou,,0,,0.00,
arbre a chat de grande taille,,0,,0.00,
arbre a chat de jardin,,0,,0.00,
arbre a chat de justice montreal,,0,,0.00,
arbre a chat de l'emission la vie secrète des chats,,0,,0.00,
arbre a chat de la vie secrete des chats,,0,,0.00,
arbre a chat de luxe kitty cat,,0,,0.00,
arbre a chat de monsieur bricolo,,0,,0.00,
arbre a chat de petite taille,,0,,0.00,
arbre a chat de qualite,,0,,0.39,
arbre a chat de qualite professionnel,,0,,0.00,
arbre a chat de qualité et pas cher,,0,,0.00,
arbre a chat de qualité pas cher,,0,,0.00,
arbre a chat de qualité solide,,0,,0.00,
arbre a chat de radiateur,,0,,0.00,
arbre a chat de richard saunders,,0,,0.00,
arbre a chat de richard saunders des photos,,0,,0.00,
arbre a chat de royal canin,,0,,0.00,
arbre a chat de suisse,,0,,0.00,
arbre a chat de suisse present au foire,,0,,0.00,
arbre a chat de suisse present au foire de colmar,,0,,0.00,
arbre a chat de1 10,,0,,0.00,
arbre a chat de1 m 10,,0,,0.00,
arbre a chat deant xxl,,0,,0.00,
arbre a chat deco zen,,0,,0.00,
arbre a chat decoration interieur,,0,,0.00,
arbre a chat decoration nature,,0,,0.00,
arbre a chat dehors,,0,,0.00,
arbre a chat dehoussable avec gros tronc,,0,,0.00,
arbre a chat dehoussable solide,,0,,0.00,
arbre a chat dehoussable tronc en bois,,0,,0.00,
arbre a chat dehoussable zoomalia,,0,,0.00,
arbre a chat deisgn,,0,,0.00,
arbre a chat deisgn cilindre,,0,,0.00,
arbre a chat deja monte,,0,,0.00,
arbre a chat delbard le creusot,,0,,0.00,
arbre a chat demontable amovible,,0,,0.00,
arbre a chat denver voir disponibilite,,0,,0.00,
arbre a chat derba,,0,,0.00,
arbre a chat dereve,,0,,0.00,
arbre a chat des,,0,,0.00,
arbre a chat desgn,,0,,0.00,
arbre a chat desifb,,0,,0.00,
arbre a chat design 1.80,,0,,0.00,
arbre a chat design 93 cm,,0,,0.00,
arbre a chat design a faire soiu meme,,0,,0.00,
arbre a chat design allemand,,0,,0.00,
arbre a chat design amazone,,0,,0.00,
arbre a chat design arbre,,0,,0.00,
arbre a chat design bildergalerie ideen,,0,,0.00,
arbre a chat design bois flotte,,0,,0.00,
arbre a chat design bois grandeur nature,,0,,0.00,
arbre a chat design boule,,0,,0.00,
arbre a chat design by lotte,,0,,0.00,
arbre a chat design cactus,,0,,0.00,
arbre a chat design carton ikea,,0,,0.00,
arbre a chat design cdiscount,,0,,0.00,
arbre a chat design contemporain,,0,,0.00,
arbre a chat design cylindre,,0,,0.00,
arbre a chat design deco,,0,,0.00,
arbre a chat design diy,,0,,0.00,
arbre a chat design en bois - modèle cozywood reviews,,0,,0.00,
arbre a chat design en forme de lettre,,0,,0.00,
arbre a chat design exterieur,,0,,0.00,
arbre a chat design feuilles,,0,,0.00,
arbre a chat design foirfouille,,0,,0.00,
arbre a chat design garfield,,0,,0.00,
arbre a chat design grand,,0,,0.00,
arbre a chat design grand chat,,0,,0.00,
arbre a chat design gris,,0,,0.00,
arbre a chat design haut,,0,,0.00,
arbre a chat design ikea,,0,,0.00,
arbre a chat design luxe scandinave,,0,,0.00,
arbre a chat design lyon,,0,,0.00,
arbre a chat design manomano,,0,,0.00,
arbre a chat design moderne meyou,,0,,0.00,
arbre a chat design nature,,0,,0.00,
arbre a chat design noir et blanc,,0,,0.00,
arbre a chat design occasion,,0,,0.00,
arbre a chat design paris,,0,,0.00,
arbre a chat design pas cher grand,,0,,0.00,
arbre a chat design petit,,0,,0.00,
arbre a chat design pinterest,,0,,0.00,
arbre a chat design plans,,0,,0.00,
arbre a chat design pour grand chat,,0,,0.00,
arbre a chat design prix,,0,,0.00,
arbre a chat design promo,,0,,0.00,
arbre a chat design quebec,,0,,0.00,
arbre a chat design rond,,0,,0.00,
arbre a chat design rouge,,0,,0.00,
arbre a chat design soldes,,0,,0.00,
arbre a chat design suisse,,0,,0.00,
arbre a chat design vesper 1.80,,0,,0.00,
arbre a chat design zooplus,,0,,0.00,
arbre a chat designe,,0,,0.28,
arbre a chat desin,,0,,0.00,
arbre a chat desinge,,0,,0.00,
arbre a chat desjardins trouville alliquerville,,0,,0.00,
arbre a chat desogn,,0,,0.28,
arbre a chat dessign,,0,,0.00,
arbre a chat dessin couleur,,0,,0.00,
arbre a chat dessing,,0,,0.00,
arbre a chat detroit,,0,,0.00,
arbre a chat deux,,0,,0.00,
arbre a chat deux chat,,0,,0.00,
arbre a chat deux etages,,0,,0.00,
arbre a chat deux parties angle,,0,,0.00,
arbre a chat deux plateaux et perchoir base triangle,,0,,0.00,
arbre a chat deux plateformes,,0,,0.00,
arbre a chat devant.un chauffage,,0,,0.00,
arbre a chat dextérieur,,0,,0.00,
arbre a chat diablo,,0,,0.00,
arbre a chat diabolo,,0,,0.00,
arbre a chat dierenvilla,,0,,0.00,
arbre a chat dierenvilla.nl,,0,,0.00,
arbre a chat diffus diffus'agri,,0,,0.00,
arbre a chat dige amazon,,0,,0.00,
arbre a chat dige ii amazon,,0,,0.00,
arbre a chat digue 2,,0,,0.00,
arbre a chat digue 2 blanc,,0,,0.00,
arbre a chat digue amazon,,0,,0.00,
arbre a chat digue ii,,0,,0.00,
arbre a chat digue ii blanc,,0,,0.00,
arbre a chat digue ii comparatif prix,,0,,0.00,
arbre a chat digue ii paiement plusieurs fois,,0,,0.00,
arbre a chat dijon,,0,,0.00,
arbre a chat dimendion,,0,,0.00,
arbre a chat dimensions,,0,,0.00,
arbre a chat dina,,0,,0.00,
arbre a chat dinausore,,0,,0.00,
arbre a chat dinterieur,,0,,0.00,
arbre a chat diogene,,0,,0.00,
arbre a chat disagne,,0,,0.00,
arbre a chat discet,,0,,0.00,
arbre a chat disign,,0,,0.28,
arbre a chat dising,,0,,0.00,
arbre a chat dit,,0,,0.00,
arbre a chat divan,,0,,0.00,
arbre a chat diy carton,,0,,0.00,
arbre a chat diy escabeau,,0,,0.00,
arbre a chat diy ikea,,0,,0.00,
arbre a chat diy leroy merlin,,0,,0.00,
arbre a chat diy pinterest,,0,,0.00,
arbre a chat docamor,,0,,0.00,
arbre a chat doccasio 76,,0,,0.00,
arbre a chat doccasion,,0,,0.09,
arbre a chat doccasion 76,,0,,0.00,
arbre a chat doccasion 76 rakuten,,0,,0.00,
arbre a chat doctissimo,,0,,0.00,
arbre a chat dodo,,0,,0.00,
arbre a chat doggy,,0,,0.00,
arbre a chat doggy & co,,0,,0.00,
arbre a chat doggy & co 143cm,,0,,0.00,
arbre a chat doggy & co montage,,0,,0.00,
arbre a chat doggy gifi,,0,,0.00,
arbre a chat dolomit xl,,0,,0.00,
arbre a chat dolomite,,0,,0.00,
arbre a chat dolomoite,,0,,0.00,
arbre a chat dome,,0,,0.00,
arbre a chat dominik beige,,0,,0.00,
arbre a chat dominique beige,,0,,0.00,
arbre a chat domus,,0,,0.00,
arbre a chat donjon,,0,,0.00,
arbre a chat dortoir,,0,,0.00,
arbre a chat doube,,0,,0.00,
arbre a chat double colonne,,0,,0.00,
arbre a chat double perchoir,,0,,0.00,
arbre a chat double vesper,,0,,0.00,
arbre a chat doux,,0,,0.00,
arbre a chat drakapi,,0,,0.00,
arbre a chat drapaki,,0,,0.00,
arbre a chat dream catcher,,0,,0.00,
arbre a chat dream catcher noir,,0,,0.00,
arbre a chat droit avec boite,,0,,0.00,
arbre a chat droit avec panier,,0,,0.00,
arbre a chat drôle,,0,,0.00,
arbre a chat du sol au plafond en bois,,0,,0.00,
arbre a chat duki,,0,,0.00,
arbre a chat dumbo,,0,,0.00,
arbre a chat dunkerque,,0,,0.00,
arbre a chat duponzoo,,0,,0.00,
arbre a chat dya,,0,,0.00,
arbre a chat dya shopping,,0,,0.00,
arbre a chat dyi,,0,,0.00,
arbre a chat dysagne,,0,,0.00,
arbre a chat dyu,,0,,0.00,
arbre a chat déco,,0,,0.00,
arbre a chat découpe laser,,0,,0.00,
arbre a chat déhoussable,,0,,0.00,
arbre a chat déhoussable xxl,,0,,0.00,
arbre a chat déstockage,,0,,0.00,
arbre a chat e,,0,,0.00,
arbre a chat e bois,,0,,0.00,
arbre a chat e carton,,0,,0.00,
arbre a chat e2127,,0,,0.00,
arbre a chat easypet,,0,,0.00,
arbre a chat ebay allemagne,,0,,0.00,
arbre a chat ebay canada,,0,,0.00,
arbre a chat ebay xxl,,0,,0.00,
arbre a chat ebay xxl amadeus,,0,,0.00,
arbre a chat ebay.fr,,0,,0.00,
arbre a chat ebi a jardiland,,0,,0.00,
arbre a chat ebi amazon,,0,,0.00,
arbre a chat ebi classic box step,,0,,0.00,
arbre a chat ebi classic box step pieces de rechange,,0,,0.00,
arbre a chat ebi dream catcher,,0,,0.00,
arbre a chat ebi gris,,0,,0.00,
arbre a chat ebi jardiland,,0,,0.00,
arbre a chat ebi loona,,0,,0.00,
arbre a chat ebi louna,,0,,0.00,
arbre a chat ebi new jersey,,0,,0.00,
arbre a chat ebi noir,,0,,0.00,
arbre a chat ebi plafond,,0,,0.00,
arbre a chat ebi promotion,,0,,0.00,
arbre a chat echelle happypet,,0,,0.00,
arbre a chat eco responsable,,0,,0.00,
arbre a chat ecolo,,0,,0.00,
arbre a chat ecologique,,0,,0.00,
arbre a chat ecossais,,0,,0.00,
arbre a chat ecru,,0,,0.00,
arbre a chat edi,,0,,0.00,
arbre a chat effet,,0,,0.00,
arbre a chat effet arbre,,0,,0.00,
arbre a chat efficace,,0,,0.00,
arbre a chat eiffel,,0,,0.00,
arbre a chat eiffel tunnel,,0,,0.00,
arbre a chat einspreis,,0,,0.00,
arbre a chat einspreiss,,0,,0.00,
arbre a chat eldi,,0,,0.00,
arbre a chat eleclerc,,0,,0.00,
arbre a chat electronique,,0,,0.00,
arbre a chat elm,,0,,0.00,
arbre a chat elora,,0,,0.00,
arbre a chat emil,,0,,0.00,
arbre a chat emilian,,0,,0.00,
arbre a chat emission,,0,,0.00,
arbre a chat emission la vie de mon chat,,0,,0.00,
arbre a chat emission tf1,,0,,0.00,
arbre a chat emprise au sol inférieur a 48 cm,,0,,0.00,
arbre a chat emprise au sol inférieur a 48cm,,0,,0.00,
arbre a chat en 2 parties,,0,,0.00,
arbre a chat en allemand,,0,,0.00,
arbre a chat en anglais traduction,,0,,0.00,
arbre a chat en angle pour maine coon,,0,,0.00,
arbre a chat en arbre bao,,0,,0.00,
arbre a chat en bananier,,0,,0.00,
arbre a chat en bananier hauteur 1 mètre,,0,,0.00,
arbre a chat en boid clair,,0,,0.00,
arbre a chat en bois 180,,0,,0.00,
arbre a chat en bois a amiens,,0,,0.00,
arbre a chat en bois amazon,,0,,0.00,
arbre a chat en bois blanc,,0,,0.00,
arbre a chat en bois botanic,,0,,0.00,
arbre a chat en bois cdiscount,,0,,0.00,
arbre a chat en bois ces'art,,0,,0.00,
arbre a chat en bois clair,,0,,0.00,
arbre a chat en bois d olivier,,0,,0.24,
arbre a chat en bois d& 39,,0,,0.00,
arbre a chat en bois deesign,,0,,0.00,
arbre a chat en bois design,,0,,0.00,
arbre a chat en bois dolivier,,0,,0.00,
arbre a chat en bois en escalier,,0,,0.00,
arbre a chat en bois extérieur,,0,,0.00,
arbre a chat en bois faire soi meme,,0,,0.00,
arbre a chat en bois fait main,,0,,0.00,
arbre a chat en bois flottant,,0,,0.00,
arbre a chat en bois flottés,,0,,0.00,
arbre a chat en bois hetre,,0,,0.00,
arbre a chat en bois lavable,,0,,0.00,
arbre a chat en bois naturel et plantes,,0,,0.00,
arbre a chat en bois neutre,,0,,0.00,
arbre a chat en bois occasion,,0,,0.00,
arbre a chat en bois pas cher,,0,,0.00,
arbre a chat en bois pas cher pour 2 chats,,0,,0.00,
arbre a chat en bois pour maine coon,,0,,0.00,
arbre a chat en bois sur mesure bois massif,,0,,0.00,
arbre a chat en bois tuto,,0,,0.00,
arbre a chat en bois veritable,,0,,0.00,
arbre a chat en bois vesper,,0,,0.00,
arbre a chat en bos lavable,,0,,0.00,
arbre a chat en bous,,0,,0.23,
arbre a chat en c,,0,,0.00,
arbre a chat en caisse,,0,,0.00,
arbre a chat en caisse a vin,,0,,0.00,
arbre a chat en caisse d'angle,,0,,0.00,
arbre a chat en carton diy,,0,,0.00,
arbre a chat en carton fabriquer,,0,,0.00,
arbre a chat en carton facile a faire,,0,,0.00,
arbre a chat en carton fait maison,,0,,0.00,
arbre a chat en casa,,0,,0.00,
arbre a chat en cassa,,0,,0.00,
arbre a chat en cassa amazon,,0,,0.00,
arbre a chat en chene,,0,,0.00,
arbre a chat en chene liege,,0,,0.00,
arbre a chat en cube design,,0,,0.00,
arbre a chat en cubes,,0,,0.00,
arbre a chat en englaus,,0,,0.00,
arbre a chat en escalier,,0,,0.00,
arbre a chat en espagnol,,0,,0.00,
arbre a chat en feuille de bananier,,0,,0.00,
arbre a chat en forme d& 39,,0,,0.00,
arbre a chat en forme d'arbres,,0,,0.00,
arbre a chat en forme darbre,,0,,0.00,
arbre a chat en forme de cactus,,0,,0.00,
arbre a chat en forme de chateau,,0,,0.00,
arbre a chat en forme de fleur,,0,,0.00,
arbre a chat en forme de palmier,,0,,0.00,
arbre a chat en forme de tabouret,,0,,0.00,
arbre a chat en forme sapin,,0,,0.00,
arbre a chat en hauteur avec cachette,,0,,0.00,
arbre a chat en hauteur diy,,0,,0.00,
arbre a chat en jacinthe d eau,,0,,0.00,
arbre a chat en jacinthe deau,,0,,0.00,
arbre a chat en jknc de mer,,0,,0.00,
arbre a chat en jonc,,0,,0.00,
arbre a chat en jonc de mer,,0,,0.00,
arbre a chat en kiy,,0,,0.00,
arbre a chat en l'air,,0,,0.00,
arbre a chat en l'air au mur,,0,,0.00,
arbre a chat en largeur,,0,,0.00,
arbre a chat en largeur ebay,,0,,0.00,
arbre a chat en lettre,,0,,0.00,
arbre a chat en liege,,0,,0.00,
arbre a chat en noisetier,,0,,0.00,
arbre a chat en osier truffaut,,0,,0.00,
arbre a chat en palette de bois,,0,,0.00,
arbre a chat en palette mode d'emploie,,0,,0.00,
arbre a chat en palettes,,0,,0.00,
arbre a chat en pallete,,0,,0.00,
arbre a chat en pallette,,0,,0.00,
arbre a chat en palmier,,0,,0.00,
arbre a chat en peluche sisal,,0,,0.00,
arbre a chat en planche,,0,,0.00,
arbre a chat en promo 1m35,,0,,0.00,
arbre a chat en pvc,,0,,0.00,
arbre a chat en solde 173 cm,,0,,0.00,
arbre a chat en special,,0,,0.00,
arbre a chat en tablette,,0,,0.00,
arbre a chat en tablette mural,,0,,0.00,
arbre a chat en tissu,,0,,0.00,
arbre a chat en toile de jute,,0,,0.00,
arbre a chat en touret,,0,,0.00,
arbre a chat en tronc,,0,,0.00,
arbre a chat en tube en carton,,0,,0.00,
arbre a chat en tutau pvc,,0,,0.00,
arbre a chat en tuyau pvc,,0,,0.00,
arbre a chat en u,,0,,0.00,
arbre a chat en vois,,0,,0.00,
arbre a chat en vrai arbre,,0,,0.00,
arbre a chat en.angle,,0,,0.00,
arbre a chat en.angle fait maison,,0,,0.00,
arbre a chat en.angle maison,,0,,0.00,
arbre a chat en.bois,,0,,0.23,
arbre a chat en.casa,,0,,0.00,
arbre a chat enbosier,,0,,0.00,
arbre a chat encastrer,,0,,0.00,
arbre a chat enio,,0,,0.00,
arbre a chat escabeau ikea,,0,,0.00,
arbre a chat esign,,0,,0.00,
arbre a chat espace vivant,,0,,0.00,
arbre a chat espagne,,0,,0.00,
arbre a chat est il indispensable,,0,,0.00,
arbre a chat esthétique,,0,,0.00,
arbre a chat et accessoires,,0,,0.00,
arbre a chat et cabane exterieur,,0,,0.00,
arbre a chat et couchage chien deux en un,,0,,0.00,
arbre a chat et couchette chien deux en un,,0,,0.00,
arbre a chat et odeurs,,0,,0.00,
arbre a chat et rose,,0,,0.00,
arbre a chat etagetr,,0,,0.00,
arbre a chat ethique,,0,,0.00,
arbre a chat eti,,0,,0.00,
arbre a chat etitement,,0,,0.00,
arbre a chat etroit hauteur,,0,,0.00,
arbre a chat eugen,,0,,0.00,
arbre a chat europe bernina,,0,,0.00,
arbre a chat europet bernina cat tower,,0,,0.00,
arbre a chat europetbernina,,0,,0.00,
arbre a chat euros,,0,,0.00,
arbre a chat everland,,0,,0.00,
arbre a chat evolutif,,0,,0.00,
arbre a chat evreux,,0,,0.00,
arbre a chat exercice,,0,,0.00,
arbre a chat exotus,,0,,0.00,
arbre a chat exterieor,,0,,0.00,
arbre a chat exterieur c discount,,0,,0.00,
arbre a chat exterieur cdiscount,,0,,0.00,
arbre a chat exterieur facile a faire,,0,,0.00,
arbre a chat exterieur fait maison,,0,,0.00,
arbre a chat exterieur plastique,,0,,0.00,
arbre a chat exterieur plastique et niche,,0,,0.00,
arbre a chat exterieur zooplus,,0,,0.00,
arbre a chat exterrieur,,0,,0.00,
arbre a chat extra large,,0,,0.00,
arbre a chat extraordinaire,,0,,0.00,
arbre a chat extérieur zooplus,,0,,0.00,
arbre a chat eyepower 2.15m,,0,,0.00,
arbre a chat eysy,,0,,0.00,
arbre a chat ezconditionné,,0,,0.00,
arbre a chat fabrication allemande karzen,,0,,0.00,
arbre a chat fabrication pays bas,,0,,0.00,
arbre a chat fabrication pologne,,0,,0.00,
arbre a chat fabriqier,,0,,0.00,
arbre a chat fabriquer du carton,,0,,0.00,
arbre a chat fabriquer en carton,,0,,0.00,
arbre a chat fabriquer soi meme,,0,,0.00,
arbre a chat fabriqueé en carton,,0,,0.00,
arbre a chat facebook,,0,,0.00,
arbre a chat facile a fabriquer,,0,,0.00,
arbre a chat facile a faire diy,,0,,0.00,
arbre a chat facile botanical,,0,,0.00,
arbre a chat faible encombrement,,0,,0.00,
arbre a chat fair maison,,0,,0.00,
arbre a chat faire,,0,,0.00,
arbre a chat fais maison,,0,,0.08,
arbre a chat fais mison,,0,,0.00,
arbre a chat fait,,0,,0.00,
arbre a chat fait avec des meubles,,0,,0.00,
arbre a chat fait avec etagere,,0,,0.00,
arbre a chat fait avec un tronc d arbre,,0,,0.00,
arbre a chat fait avec une chaise,,0,,0.00,
arbre a chat fait caisse en bois,,0,,0.00,
arbre a chat fait diy,,0,,0.00,
arbre a chat fait maison avec tronc,,0,,0.00,
arbre a chat fait maison avec tronc d'arbre,,0,,0.00,
arbre a chat fait maison avec une palette,,0,,0.00,
arbre a chat fait maison carton,,0,,0.00,
arbre a chat fait maison cube,,0,,0.00,
arbre a chat fait maison en branches,,0,,0.00,
arbre a chat fait maison en palette,,0,,0.00,
arbre a chat fait maison en tube,,0,,0.00,
arbre a chat fait maison industrielle,,0,,0.00,
arbre a chat fait maison instagram,,0,,0.00,
arbre a chat fait maison loft,,0,,0.00,
arbre a chat fait maison pinterest,,0,,0.00,
arbre a chat fait maison pvc,,0,,0.00,
arbre a chat fait maison youtube,,0,,0.00,
arbre a chat fait maisonc cdiscount,,0,,0.00,
arbre a chat fait mison,,0,,0.00,
arbre a chat fait soi meme dehors,,0,,0.00,
arbre a chat fait soi meme en carton,,0,,0.00,
arbre a chat fait soi meme exterieur,,0,,0.00,
arbre a chat fait soit meme,,0,,0.00,
arbre a chat fait soit meme boite,,0,,0.00,
arbre a chat faitmaison,,0,,0.00,
arbre a chat falco amazon,,0,,0.00,
arbre a chat falcon,,0,,0.00,
arbre a chat fallout 76,,0,,0.00,
arbre a chat family pet,,0,,0.00,
arbre a chat favenec,,0,,0.00,
arbre a chat favennec,,0,,0.00,
arbre a chat fds,,0,,0.00,
arbre a chat fe and rea,,0,,0.00,
arbre a chat fe10,,0,,0.00,
arbre a chat feandrac,,0,,0.00,
arbre a chat feandrea 152,,0,,0.00,
arbre a chat feandrea 84 cm,,0,,0.00,
arbre a chat feandrea manomano,,0,,0.00,
arbre a chat feandrea pas cher,,0,,0.00,
arbre a chat feandrea pct25g,,0,,0.00,
arbre a chat feandrea pct61w,,0,,0.00,
arbre a chat feandrea xxl soldes,,0,,0.00,
arbre a chat feandreatre,,0,,0.00,
arbre a chat feant,,0,,0.00,
arbre a chat feliway,,0,,0.00,
arbre a chat felix beige,,0,,0.00,
arbre a chat femelle solde,,0,,0.00,
arbre a chat femelle solde prune,,0,,0.00,
arbre a chat fer,,0,,0.00,
arbre a chat ferendea,,0,,0.00,
arbre a chat ferendrea,,0,,0.00,
arbre a chat ferme des animaux,,0,,0.00,
arbre a chat fermer,,0,,0.00,
arbre a chat fermer jika,,0,,0.00,
arbre a chat ferribiella,,0,,0.00,
arbre a chat feuillage nature,,0,,0.00,
arbre a chat feuille 100 cm,,0,,0.00,
arbre a chat feuille bananier,,0,,0.00,
arbre a chat feuille bananier gain de place,,0,,0.00,
arbre a chat feuille de banane,,0,,0.00,
arbre a chat feuille occasion,,0,,0.00,
arbre a chat fibre de banane,,0,,0.00,
arbre a chat ficelle de qualite,,0,,0.00,
arbre a chat figo,,0,,0.00,
arbre a chat filanima,,0,,0.00,
arbre a chat filippo trixie,,0,,0.00,
arbre a chat filou xxl,,0,,0.00,
arbre a chat finether avis,,0,,0.00,
arbre a chat finether beige,,0,,0.00,
arbre a chat finistere,,0,,0.00,
arbre a chat fippi notice,,0,,0.00,
arbre a chat fippi notice montage,,0,,0.00,
arbre a chat fippi notice montage pdf,,0,,0.00,
arbre a chat fippi pdf,,0,,0.00,
arbre a chat fiwationb mur,,0,,0.00,
arbre a chat fixation,,0,,0.00,
arbre a chat fixation au plafond,,0,,0.00,
arbre a chat fixation au plafond montage,,0,,0.00,
arbre a chat fixation murale tronc 15 cm,,0,,0.00,
arbre a chat fixation plafond cdiscount,,0,,0.00,
arbre a chat fixation plafond pas cher,,0,,0.00,
arbre a chat fixation plate forme,,0,,0.00,
arbre a chat fixation plate forme do it youself,,0,,0.00,
arbre a chat flafond,,0,,0.00,
arbre a chat flamingo lotusµ,,0,,0.00,
arbre a chat fleur action,,0,,0.00,
arbre a chat fleur blanche,,0,,0.27,
arbre a chat fleur design,,0,,0.00,
arbre a chat fleur et plante du lac,,0,,0.00,
arbre a chat fleur zooplus,,0,,0.00,
arbre a chat fleuri,,0,,0.00,
arbre a chat flexible,,0,,0.00,
arbre a chat flipo,,0,,0.00,
arbre a chat floralux,,0,,0.00,
arbre a chat florence,,0,,0.00,
arbre a chat fluffy 1,,0,,0.00,
arbre a chat fluffy 2,,0,,0.00,
arbre a chat fluffy ii,,0,,0.00,
arbre a chat fluffy poids,,0,,0.00,
arbre a chat fluffy prix mini,,0,,0.00,
arbre a chat foir fouille aire sur la lys,,0,,0.00,
arbre a chat foir'fouille dijon,,0,,0.00,
arbre a chat foire foire fouille,,0,,0.00,
arbre a chat foirfouilles,,0,,0.00,
arbre a chat foix,,0,,0.00,
arbre a chat fonctionnel,,0,,0.00,
arbre a chat fontaine intégrée,,0,,0.00,
arbre a chat format tour,,0,,0.00,
arbre a chat forme chat,,0,,0.00,
arbre a chat forme chateau,,0,,0.00,
arbre a chat forme cylindrique pas cher,,0,,0.00,
arbre a chat forme d'arbre,,0,,0.00,
arbre a chat forme de cochon,,0,,0.00,
arbre a chat forme de cochon leclerc,,0,,0.00,
arbre a chat forme de patte,,0,,0.00,
arbre a chat forme escalier,,0,,0.00,
arbre a chat forme maison,,0,,0.00,
arbre a chat forme mouton,,0,,0.00,
arbre a chat forme tonneaux,,0,,0.00,
arbre a chat forteresse,,0,,0.00,
arbre a chat forum,,0,,0.00,
arbre a chat fourrure marron,,0,,0.00,
arbre a chat frais de port gratuit,,0,,0.00,
arbre a chat franklin,,0,,0.00,
arbre a chat fred et,,0,,0.00,
arbre a chat fred et rita,,0,,0.00,
arbre a chat french days,,0,,0.00,
arbre a chat fridolin,,0,,0.00,
arbre a chat frixi,,0,,0.00,
arbre a chat fruit,,0,,0.00,
arbre a chat fs1036,,0,,0.00,
arbre a chat fuji smooz,,0,,0.00,
arbre a chat fun,,0,,0.00,
arbre a chat furet,,0,,0.00,
arbre a chat fusée,,0,,0.00,
arbre a chat félix,,0,,0.00,
arbre a chat galaxus,,0,,0.00,
arbre a chat galaxy,,0,,0.00,
arbre a chat gam vert,,0,,0.00,
arbre a chat game vers,,0,,0.00,
arbre a chat game vert,,0,,0.00,
arbre a chat gamevert,,0,,0.00,
arbre a chat gamm botanic,,0,,0.00,
arbre a chat gamm delbard,,0,,0.00,
arbre a chat gamm vert pithiviers,,0,,0.00,
arbre a chat gamm vert saint eloy les mines,,0,,0.00,
arbre a chat gamme vert,,0,,0.08,
arbre a chat gammvert,,0,,0.00,
arbre a chat gamvert,,0,,0.00,
arbre a chat gandia,,0,,0.00,
arbre a chat garden price,,0,,0.00,
arbre a chat gaya avis,,0,,0.00,
arbre a chat gaya de 1 78m,,0,,0.00,
arbre a chat gaya de 1 78m le moins cher,,0,,0.00,
arbre a chat gaya de hamiform,,0,,0.00,
arbre a chat gaya de norman,,0,,0.00,
arbre a chat gaya en hauteur bois,,0,,0.00,
arbre a chat gaya maxi zoo,,0,,0.00,
arbre a chat gaya montage,,0,,0.00,
arbre a chat gaya noti,,0,,0.00,
arbre a chat gaya notice,,0,,0.00,
arbre a chat gaya references,,0,,0.00,
arbre a chat gaya truffaut,,0,,0.00,
arbre a chat gd84869,,0,,0.00,
arbre a chat geanr,,0,,0.00,
arbre a chat geant 186,,0,,0.00,
arbre a chat geant a plus de mille euros,,0,,0.00,
arbre a chat geant a vendre,,0,,0.00,
arbre a chat geant adulte,,0,,0.00,
arbre a chat geant allemagne,,0,,0.00,
arbre a chat geant allemand,,0,,0.00,
arbre a chat geant amazon 180 cm,,0,,0.00,
arbre a chat geant amazon 180 cm wish,,0,,0.00,
arbre a chat geant animalerie st brieuc,,0,,0.00,
arbre a chat geant animalis,,0,,0.00,
arbre a chat geant belgique,,0,,0.00,
arbre a chat geant botanic,,0,,0.00,
arbre a chat geant c discount,,0,,0.00,
arbre a chat geant casino,,0,,0.00,
arbre a chat geant cdiscount promo,,0,,0.00,
arbre a chat geant chinois,,0,,0.00,
arbre a chat geant d& 39,,0,,0.00,
arbre a chat geant design,,0,,0.00,
arbre a chat geant design pour chat lourd,,0,,0.00,
arbre a chat geant discount,,0,,0.00,
arbre a chat geant diy,,0,,0.00,
arbre a chat geant ebay,,0,,0.00,
arbre a chat geant en bois,,0,,0.00,
arbre a chat geant en solde,,0,,0.00,
arbre a chat geant et solide,,0,,0.00,
arbre a chat geant extérieur palette,,0,,0.00,
arbre a chat geant fabriquer,,0,,0.00,
arbre a chat geant fait maison,,0,,0.00,
arbre a chat geant fixation plafond,,0,,0.00,
arbre a chat geant fixation plafond pas cher,,0,,0.00,
arbre a chat geant gifi,,0,,0.00,
arbre a chat geant hamac,,0,,0.00,
arbre a chat geant jardiland,,0,,0.00,
arbre a chat geant kbd005 2,,0,,0.00,
arbre a chat geant kilimand jaro pour gros chat,,0,,0.00,
arbre a chat geant leopet,,0,,0.00,
arbre a chat geant maine coon xxl,,0,,0.00,
arbre a chat geant maison,,0,,0.00,
arbre a chat geant noir,,0,,0.00,
arbre a chat geant original,,0,,0.00,
arbre a chat geant osier,,0,,0.00,
arbre a chat geant palette,,0,,0.00,
arbre a chat geant palmier,,0,,0.00,
arbre a chat geant parcoure,,0,,0.00,
arbre a chat geant pas cher 200,,0,,0.00,
arbre a chat geant pour dormir,,0,,0.00,
arbre a chat geant pour gros chat,,0,,0.00,
arbre a chat geant pour gros chat animauxvilla.com,,0,,0.00,
arbre a chat geant pour maine coon,,0,,0.00,
arbre a chat geant solde,,0,,0.00,
arbre a chat geant soldes,,0,,0.00,
arbre a chat geant tek kale,,0,,0.00,
arbre a chat geant tekekale,,0,,0.00,
arbre a chat gemo,,0,,0.00,
arbre a chat genial,,0,,0.00,
arbre a chat gent,,0,,0.00,
arbre a chat gi,,0,,0.00,
arbre a chat gi fi,,0,,0.00,
arbre a chat gida,,0,,0.00,
arbre a chat gidi,,0,,0.00,
arbre a chat gif,,0,,0.00,
arbre a chat giffi tarbes,,0,,0.00,
arbre a chat gifi 28200,,0,,0.00,
arbre a chat gifi 29 euros,,0,,0.00,
arbre a chat gifi 35,,0,,0.00,
arbre a chat gifi 35 cm montage,,0,,0.00,
arbre a chat gifi 35 euros,,0,,0.00,
arbre a chat gifi 39,,0,,0.00,
arbre a chat gifi 89 euros,,0,,0.00,
arbre a chat gifi acccasion,,0,,0.00,
arbre a chat gifi alesia,,0,,0.00,
arbre a chat gifi brive,,0,,0.00,
arbre a chat gifi cactus,,0,,0.00,
arbre a chat gifi comment le monter,,0,,0.00,
arbre a chat gifi condom 32,,0,,0.00,
arbre a chat gifi ecole valentin,,0,,0.00,
arbre a chat gifi granville promos j'usquau 4 09,,0,,0.00,
arbre a chat gifi le mans,,0,,0.00,
arbre a chat gifi licorne,,0,,0.00,
arbre a chat gifi lille,,0,,0.00,
arbre a chat gifi longpont-sur-orge,,0,,0.00,
arbre a chat gifi lourdes,,0,,0.00,
arbre a chat gifi main coon,,0,,0.00,
arbre a chat gifi marmande 47200,,0,,0.00,
arbre a chat gifi marmande 47200 prix,,0,,0.00,
arbre a chat gifi mode d& 39,,0,,0.00,
arbre a chat gifi mode d'emploi,,0,,0.00,
arbre a chat gifi mulsanne,,0,,0.00,
arbre a chat gifi ou foir'fouille,,0,,0.00,
arbre a chat gifi ou foirfouille,,0,,0.00,
arbre a chat gifi pontarlier,,0,,0.00,
arbre a chat gifi pub,,0,,0.00,
arbre a chat gifi soldes,,0,,0.00,
arbre a chat gifi verveine,,0,,0.00,
arbre a chat gifi vip,,0,,0.00,
arbre a chat gifioccasion,,0,,0.00,
arbre a chat gig,,0,,0.00,
arbre a chat girafe orange,,0,,0.00,
arbre a chat giuseppe,,0,,0.00,
arbre a chat gizinski,,0,,0.00,
arbre a chat gizmo,,0,,0.00,
arbre a chat gloria anthracite 109cm,,0,,0.00,
arbre a chat glow elegant,,0,,0.00,
arbre a chat glowelegant,,0,,0.00,
arbre a chat gofi,,0,,0.00,
arbre a chat goldaze,,0,,0.00,
arbre a chat goran,,0,,0.00,
arbre a chat goya,,0,,0.00,
arbre a chat gps group,,0,,0.00,
arbre a chat gps p'5000,,0,,0.00,
arbre a chat gps p'5000 montage,,0,,0.00,
arbre a chat grace paradisio,,0,,0.00,
arbre a chat graine dans la terre ou au dessus,,0,,0.00,
arbre a chat granada,,0,,0.00,
arbre a chat grand chat d'angle,,0,,0.00,
arbre a chat grand chat maine coon zolux,,0,,0.00,
arbre a chat grand chat mainecoon 50x40x84,,0,,0.00,
arbre a chat grand chat mainecoon zolux,,0,,0.00,
arbre a chat grand chat modulable,,0,,0.00,
arbre a chat grand chat xxl,,0,,0.00,
arbre a chat grand e taille,,0,,0.00,
arbre a chat grand et costaud,,0,,0.00,
arbre a chat grand et pas tros cher,,0,,0.00,
arbre a chat grand et solide,,0,,0.00,
arbre a chat grand format,,0,,0.00,
arbre a chat grand format pas cher,,0,,0.00,
arbre a chat grand gabarit,,0,,0.00,
arbre a chat grand grattoir,,0,,0.00,
arbre a chat grand grattoir corde,,0,,0.00,
arbre a chat grand hamac,,0,,0.00,
arbre a chat grand modelr amazon,,0,,0.00,
arbre a chat grand panier,,0,,0.00,
arbre a chat grand plateau 110,,0,,0.00,
arbre a chat grand plateforme,,0,,0.00,
arbre a chat grand poteau,,0,,0.00,
arbre a chat grand solide,,0,,0.00,
arbre a chat grand taille,,0,,0.00,
arbre a chat grand vendre,,0,,0.00,
arbre a chat grandchat,,0,,0.00,
arbre a chat grande capacité,,0,,0.00,
arbre a chat grande dimension,,0,,0.00,
arbre a chat grande niche,,0,,0.00,
arbre a chat grande plateforme 60 cm,,0,,0.00,
arbre a chat grande platforme,,0,,0.00,
arbre a chat grande surface,,0,,0.00,
arbre a chat grandeur nature,,0,,0.00,
arbre a chat grant,,0,,0.00,
arbre a chat grattoir aliexpress,,0,,0.00,
arbre a chat grattoir incline,,0,,0.00,
arbre a chat grenada,,0,,0.00,
arbre a chat grenanda,,0,,0.00,
arbre a chat grenoble,,0,,0.00,
arbre a chat grey,,0,,0.00,
arbre a chat griffoir 10 cm,,0,,0.00,
arbre a chat griffoir 10 cm de luxe en solde,,0,,0.00,
arbre a chat griffoir 10cm,,0,,0.00,
arbre a chat griffoir 115 cm,,0,,0.00,
arbre a chat griffoir 12 cm de diamètre,,0,,0.00,
arbre a chat griffoir 200 cm beige,,0,,0.00,
arbre a chat griffoir 255 cm,,0,,0.00,
arbre a chat griffoir 8 cm,,0,,0.00,
arbre a chat griffoir 8cm,,0,,0.00,
arbre a chat griffoir amazon,,0,,0.00,
arbre a chat griffoir amelie,,0,,0.00,
arbre a chat griffoir angle,,0,,0.00,
arbre a chat griffoir angle gris,,0,,0.00,
arbre a chat griffoir bleu,,0,,0.00,
arbre a chat griffoir carton,,0,,0.00,
arbre a chat griffoir d'angle 200cm,,0,,0.00,
arbre a chat griffoir grattoir,,0,,0.00,
arbre a chat griffoir grattoir geant,,0,,0.00,
arbre a chat griffoir gris noir,,0,,0.00,
arbre a chat griffoir incline,,0,,0.00,
arbre a chat griffoir noir,,0,,0.00,
arbre a chat griffoir pour tres grand chat,,0,,0.00,
arbre a chat griffoir simple poteau 44cm,,0,,0.00,
arbre a chat griffoir sisal,,0,,0.00,
arbre a chat griffoir sisal 65 cm,,0,,0.00,
arbre a chat griffoir tonneau,,0,,0.00,
arbre a chat griffoir vague,,0,,0.00,
arbre a chat grifgoir,,0,,0.00,
arbre a chat gris aliaba,,0,,0.00,
arbre a chat gris amazon,,0,,0.00,
arbre a chat gris animalerie leclerc,,0,,0.00,
arbre a chat gris animalerie leclerc lisieux,,0,,0.00,
arbre a chat gris ant,,0,,0.00,
arbre a chat gris anthracite 1 etage,,0,,0.00,
arbre a chat gris anthracite hamac,,0,,0.00,
arbre a chat gris anthracite large,,0,,0.00,
arbre a chat gris avec griffoir,,0,,0.00,
arbre a chat gris blanc bleu,,0,,0.00,
arbre a chat gris cdiscount,,0,,0.00,
arbre a chat gris design,,0,,0.00,
arbre a chat gris et beige,,0,,0.00,
arbre a chat gris et rose,,0,,0.00,
arbre a chat gris et rouge,,0,,0.00,
arbre a chat gris fonce,,0,,0.00,
arbre a chat gris grand format,,0,,0.00,
arbre a chat gris leclerc promo,,0,,0.00,
arbre a chat gris leclerc promo a lisieux,,0,,0.00,
arbre a chat gris me526992 vidal,,0,,0.00,
arbre a chat gris moderne,,0,,0.00,
arbre a chat gris panier,,0,,0.00,
arbre a chat gris pas cher minimum 120 cm,,0,,0.00,
arbre a chat gris pas leclerc,,0,,0.00,
arbre a chat gris patte de chat pas cher,,0,,0.00,
arbre a chat gris promo,,0,,0.00,
arbre a chat gris tissus,,0,,0.00,
arbre a chat gris tom and co,,0,,0.00,
arbre a chat gris zooplus,,0,,0.00,
arbre a chat gris.coupole grand format,,0,,0.00,
arbre a chat gro tron,,0,,0.00,
arbre a chat groisy 74,,0,,0.00,
arbre a chat groot,,0,,0.00,
arbre a chat gros chat cdiscount,,0,,0.00,
arbre a chat gros chat solide,,0,,0.00,
arbre a chat gros chat xl,,0,,0.00,
arbre a chat gros chats,,0,,0.00,
arbre a chat gros diametre,,0,,0.00,
arbre a chat gros gabarit 7pas cher,,0,,0.00,
arbre a chat gros gabarit pas cher,,0,,0.00,
arbre a chat gros gabarit xxl,,0,,0.00,
arbre a chat gros griffoir,,0,,0.00,
arbre a chat gros matou,,0,,0.00,
arbre a chat gros minou noir et beige,,0,,0.00,
arbre a chat gros pied,,0,,0.00,
arbre a chat gros poteau 30 cm de diamètre,,0,,0.00,
arbre a chat gros troinc,,0,,0.00,
arbre a chat grotte,,0,,0.00,
arbre a chat groupon toulouse,,0,,0.00,
arbre a chat gruyere,,0,,0.00,
arbre a chat gré chat cdiscount,,0,,0.00,
arbre a chat gugus,,0,,0.00,
arbre a chat guide,,0,,0.00,
arbre a chat guirlande,,0,,0.00,
arbre a chat gwen,,0,,0.00,
arbre a chat géant bois,,0,,0.00,
arbre a chat géant maine coon,,0,,0.00,
arbre a chat géant mano mano,,0,,0.00,
arbre a chat h 145 cm,,0,,0.00,
arbre a chat h 150,,0,,0.00,
arbre a chat h. 145 cm,,0,,0.00,
arbre a chat haamc,,0,,0.00,
arbre a chat hack ikea,,0,,0.00,
arbre a chat hacks,,0,,0.00,
arbre a chat hamac 4o cm,,0,,0.00,
arbre a chat hamac amazon,,0,,0.00,
arbre a chat hamac baza,,0,,0.00,
arbre a chat hamac cdiscount,,0,,0.00,
arbre a chat hamac centrakor,,0,,0.00,
arbre a chat hamac geant,,0,,0.00,
arbre a chat hamac gris,,0,,0.00,
arbre a chat hamac ne pas derenger,,0,,0.00,
arbre a chat hamac pau,,0,,0.00,
arbre a chat hamac trixie,,0,,0.00,
arbre a chat hamac zolux,,0,,0.00,
arbre a chat hamax,,0,,0.00,
arbre a chat hami,,0,,0.00,
arbre a chat hami form gaya,,0,,0.00,
arbre a chat hamiform azkara,,0,,0.00,
arbre a chat hamiform gaya,,0,,0.00,
arbre a chat hamiform jalna,,0,,0.00,
arbre a chat hamis gaya,,0,,0.00,
arbre a chat hangout,,0,,0.00,
arbre a chat hans cdiscount,,0,,0.00,
arbre a chat hansi gris,,0,,0.00,
arbre a chat happypet cat 021,,0,,0.00,
arbre a chat happypet geant,,0,,0.00,
arbre a chat harry potter chateau,,0,,0.00,
arbre a chat harvey,,0,,0.00,
arbre a chat haur 170,,0,,0.00,
arbre a chat haut 1 50,,0,,0.00,
arbre a chat haut avec plateforme,,0,,0.00,
arbre a chat haut bois,,0,,0.00,
arbre a chat haut branche,,0,,0.00,
arbre a chat haut cdiscount,,0,,0.00,
arbre a chat haut de gamme amazon,,0,,0.00,
arbre a chat haut design,,0,,0.00,
arbre a chat haut du sol au plafond,,0,,0.00,
arbre a chat haut duponzoo,,0,,0.00,
arbre a chat haut et pas large,,0,,0.00,
arbre a chat haut jusqu'au plafond,,0,,0.00,
arbre a chat haut jusqu'au plafond en magasin,,0,,0.00,
arbre a chat haut pas cher sans moquette,,0,,0.00,
arbre a chat haut pas chere,,0,,0.00,
arbre a chat haut plafond,,0,,0.00,
arbre a chat haut rhin,,0,,0.00,
arbre a chat haut vesper zooplus,,0,,0.00,
arbre a chat haute,,0,,0.00,
arbre a chat haute et fin,,0,,0.00,
arbre a chat haute qualité,,0,,0.00,
arbre a chat haute savoie,,0,,0.00,
arbre a chat haute taille,,0,,0.00,
arbre a chat hauteur 0.98,,0,,0.00,
arbre a chat hauteur 1 90m,,0,,0.00,
arbre a chat hauteur 1 m,,0,,0.00,
arbre a chat hauteur 1 m10,,0,,0.00,
arbre a chat hauteur 1.00ml,,0,,0.00,
arbre a chat hauteur 140 cm,,0,,0.00,
arbre a chat hauteur 150 cm de haut,,0,,0.00,
arbre a chat hauteur 160,,0,,0.00,
arbre a chat hauteur 180cm,,0,,0.00,
arbre a chat hauteur 1m,,0,,0.00,
arbre a chat hauteur 2m,,0,,0.00,
arbre a chat hauteur 2m50,,0,,0.00,
arbre a chat hauteur 2m70,,0,,0.00,
arbre a chat hauteur 50 cm,,0,,0.00,
arbre a chat hauteur 60 cm,,0,,0.00,
arbre a chat hauteur 65 cm,,0,,0.00,
arbre a chat hauteur 70 cm,,0,,0.00,
arbre a chat hauteur 93 cm,,0,,0.00,
arbre a chat hauteur fenetre,,0,,0.00,
arbre a chat hauteur sous plafond,,0,,0.00,
arbre a chat hauteur sous plafond design,,0,,0.00,
arbre a chat heart totail,,0,,0.00,
arbre a chat heaven,,0,,0.00,
arbre a chat heaven 3,,0,,0.00,
arbre a chat heaven ii,,0,,0.00,
arbre a chat heaven iii,,0,,0.00,
arbre a chat heracles,,0,,0.00,
arbre a chat herbe,,0,,0.00,
arbre a chat hideaway,,0,,0.00,
arbre a chat himalaya,,0,,0.00,
arbre a chat hogarden,,0,,0.00,
arbre a chat home made,,0,,0.00,
arbre a chat home payable en plusieurs fois,,0,,0.00,
arbre a chat homemade meuble,,0,,0.00,
arbre a chat hoop,,0,,0.00,
arbre a chat hornbach,,0,,0.00,
arbre a chat hotel,,0,,0.00,
arbre a chat hotel chat paris,,0,,0.00,
arbre a chat htr,,0,,0.00,
arbre a chat hugo,,0,,0.00,
arbre a chat huile d& 39,,0,,0.00,
arbre a chat huile essentielle,,0,,0.00,
arbre a chat humain,,0,,0.00,
arbre a chat hygienique,,0,,0.00,
arbre a chat hyper solide,,0,,0.00,
arbre a chat héraclès,,0,,0.00,
arbre a chat ier,,0,,0.00,
arbre a chat igloo,,0,,0.00,
arbre a chat ikaros,,0,,0.00,
arbre a chat ikea diy,,0,,0.00,
arbre a chat ikea diy printerst,,0,,0.00,
arbre a chat ikea fabriquer,,0,,0.00,
arbre a chat ikea hacker,,0,,0.00,
arbre a chat ikea noel,,0,,0.00,
arbre a chat ikea stolmen,,0,,0.00,
arbre a chat ikea transformation,,0,,0.00,
arbre a chat ikea zolux,,0,,0.00,
arbre a chat ile,,0,,0.00,
arbre a chat ile de la reunion,,0,,0.00,
arbre a chat immence,,0,,0.00,
arbre a chat immeuble,,0,,0.00,
arbre a chat imperial,,0,,0.00,
arbre a chat impermeable,,0,,0.00,
arbre a chat indispensable,,0,,0.00,
arbre a chat indra,,0,,0.00,
arbre a chat infesté de vers,,0,,0.00,
arbre a chat inox,,0,,0.00,
arbre a chat instable,,0,,0.00,
arbre a chat instagram,,0,,0.00,
arbre a chat integre dans un meuble,,0,,0.00,
arbre a chat interactif,,0,,0.00,
arbre a chat interet,,0,,0.00,
arbre a chat interieur naturel,,0,,0.00,
arbre a chat interieure pour maison,,0,,0.00,
arbre a chat interieure pour maison pour couchage,,0,,0.00,
arbre a chat intermarche,,0,,0.00,
arbre a chat invisible,,0,,0.00,
arbre a chat iriginal,,0,,0.00,
arbre a chat isaba trixie,,0,,0.00,
arbre a chat isère,,0,,0.00,
arbre a chat ivan et tic tac youtube,,0,,0.00,
arbre a chat j ai plus de croquettes,,0,,0.00,
arbre a chat j'ai plus de croquette,,0,,0.00,
arbre a chat jacinthe,,0,,0.00,
arbre a chat jacinthe aliexpress,,0,,0.00,
arbre a chat jacinthe d eau,,0,,0.21,
arbre a chat jacinthe d eau c discount,,0,,0.00,
arbre a chat jacinthe d eau pas cher,,0,,0.00,
arbre a chat jacinthe d'eau le moins cher,,0,,0.00,
arbre a chat jacques by karlie,,0,,0.00,
arbre a chat jade,,0,,0.00,
arbre a chat jade pro,,0,,0.00,
arbre a chat jago,,0,,0.00,
arbre a chat jaguar,,0,,0.00,
arbre a chat jaipur,,0,,0.00,
arbre a chat jakocat,,0,,0.00,
arbre a chat jalna,,0,,0.00,
arbre a chat japonnais,,0,,0.00,
arbre a chat jardi,,0,,0.00,
arbre a chat jardi noyon,,0,,0.00,
arbre a chat jardiland 9,,0,,0.00,
arbre a chat jardiland botanic,,0,,0.00,
arbre a chat jardiland botanic villechetif,,0,,0.00,
arbre a chat jardiland bouguenais,,0,,0.00,
arbre a chat jardiland calais,,0,,0.00,
arbre a chat jardiland chateaudun 28,,0,,0.00,
arbre a chat jardiland cholet,,0,,0.00,
arbre a chat jardiland cormontreuil,,0,,0.00,
arbre a chat jardiland dieppe,,0,,0.00,
arbre a chat jardiland evreux,,0,,0.00,
arbre a chat jardiland grande synthe,,0,,0.00,
arbre a chat jardiland le mans,,0,,0.00,
arbre a chat jardiland limoges,,0,,0.00,
arbre a chat jardiland mably,,0,,0.00,
arbre a chat jardiland metz,,0,,0.00,
arbre a chat jardiland montauban,,0,,0.00,
arbre a chat jardiland nice,,0,,0.00,
arbre a chat jardiland nimes,,0,,0.00,
arbre a chat jardiland pontivy,,0,,0.00,
arbre a chat jardiland soignies,,0,,0.00,
arbre a chat jardiland soissons,,0,,0.00,
arbre a chat jardiland st germain du puy,,0,,0.00,
arbre a chat jardiland tarbes,,0,,0.00,
arbre a chat jardiland thillois,,0,,0.00,
arbre a chat jardiland trignac 12 90,,0,,0.00,
arbre a chat jardiland troyes,,0,,0.00,
arbre a chat jardiland vannes,,0,,0.00,
arbre a chat jardiland vernouillet,,0,,0.00,
arbre a chat jardilandbouguenais,,0,,0.00,
arbre a chat jardilland,,0,,0.00,
arbre a chat jardin des plantes,,0,,0.00,
arbre a chat jardinerie a brest,,0,,0.00,
arbre a chat jardinerie leclerc,,0,,0.00,
arbre a chat jardinerie tarnaise,,0,,0.00,
arbre a chat jardizoo,,0,,0.00,
arbre a chat jarfiland,,0,,0.00,
arbre a chat jasper 40 x 40 x 114 cm,,0,,0.00,
arbre a chat jennifer,,0,,0.00,
arbre a chat jerry,,0,,0.00,
arbre a chat jimeta,,0,,0.00,
arbre a chat joe,,0,,0.00,
arbre a chat joe 40x40x114cm gris,,0,,0.00,
arbre a chat joe gris,,0,,0.00,
arbre a chat joe gris 40x40 19 euro 99,,0,,0.00,
arbre a chat joinville le pont,,0,,0.00,
arbre a chat joli fait main,,0,,0.00,
arbre a chat jonah 2,,0,,0.00,
arbre a chat jonah 3,,0,,0.00,
arbre a chat jonah 4,,0,,0.00,
arbre a chat jonas,,0,,0.00,
arbre a chat jopnah,,0,,0.00,
arbre a chat josefa,,0,,0.00,
arbre a chat jouet sisal 96cm beige,,0,,0.00,
arbre a chat joy titicatz,,0,,0.00,
arbre a chat joy titicatzs,,0,,0.00,
arbre a chat julia,,0,,0.00,
arbre a chat julie,,0,,0.00,
arbre a chat juliette petfun,,0,,0.00,
arbre a chat julio,,0,,0.00,
arbre a chat jumbo,,0,,0.00,
arbre a chat jump,,0,,0.00,
arbre a chat jupiter,,0,,0.00,
arbre a chat jusqu& 39,,0,,0.00,
arbre a chat jusquau plafond,,0,,0.00,
arbre a chat jute,,0,,0.00,
arbre a chat jute poe h143 gr,,0,,0.00,
arbre a chat jute pura coffee,,0,,0.00,
arbre a chat jute pura coffee gris,,0,,0.00,
arbre a chat kaili,,0,,0.00,
arbre a chat kalia,,0,,0.00,
arbre a chat kalya,,0,,0.00,
arbre a chat kamina,,0,,0.00,
arbre a chat kandy aire sur la lys,,0,,0.00,
arbre a chat karli,,0,,0.00,
arbre a chat karlie banana,,0,,0.00,
arbre a chat karlie banana leaf paradise,,0,,0.00,
arbre a chat karlie big cat,,0,,0.00,
arbre a chat karlie numéro d'article 602987,,0,,0.00,
arbre a chat karlie occasion,,0,,0.00,
arbre a chat karlie outdoor,,0,,0.00,
arbre a chat karlie trackid sp-006,,0,,0.00,
arbre a chat katzen deko occasion,,0,,0.00,
arbre a chat katzy,,0,,0.00,
arbre a chat kea,,0,,0.00,
arbre a chat kea large,,0,,0.00,
arbre a chat kea meduim,,0,,0.00,
arbre a chat kea zolux,,0,,0.00,
arbre a chat kea zolux medium,,0,,0.00,
arbre a chat kentzel,,0,,0.00,
arbre a chat kenzen,,0,,0.00,
arbre a chat kerbl ambiente,,0,,0.00,
arbre a chat kiara,,0,,0.00,
arbre a chat kijiji,,0,,0.00,
arbre a chat kijiji sherbrooke,,0,,0.00,
arbre a chat kikou,,0,,0.00,
arbre a chat kilimandjaro de luxe cream,,0,,0.00,
arbre a chat kingdom elite,,0,,0.00,
arbre a chat kira,,0,,0.00,
arbre a chat kira truffaut,,0,,0.00,
arbre a chat kit,,0,,0.00,
arbre a chat kitt 3,,0,,0.00,
arbre a chat kitty,,0,,0.00,
arbre a chat kitty city,,0,,0.00,
arbre a chat klara,,0,,0.00,
arbre a chat klebel,,0,,0.00,
arbre a chat knuti,,0,,0.00,
arbre a chat kub,,0,,0.00,
arbre a chat kube t xl,,0,,0.00,
arbre a chat kubu bitiba,,0,,0.00,
arbre a chat l,,0,,0.00,
arbre a chat l eclerc,,0,,0.00,
arbre a chat l incroyable,,0,,0.00,
arbre a chat l site zooplus.fr,,0,,0.00,
arbre a chat l'animalerie 34170,,0,,0.00,
arbre a chat la compagnie des animaux,,0,,0.00,
arbre a chat la corde sans le pétrole,,0,,0.00,
arbre a chat la croquetterie,,0,,0.00,
arbre a chat la digue 2 beige,,0,,0.00,
arbre a chat la digue 2 ecru,,0,,0.00,
arbre a chat la digue 2 ecru blanc,,0,,0.00,
arbre a chat la digue 2 noir,,0,,0.00,
arbre a chat la digue ii,,0,,0.00,
arbre a chat la digue ii blanc,,0,,0.00,
arbre a chat la digue ii ecru,,0,,0.00,
arbre a chat la digue ii solde,,0,,0.00,
arbre a chat la digue iui,,0,,0.00,
arbre a chat la digue noir,,0,,0.00,
arbre a chat la dique,,0,,0.00,
arbre a chat la farfouille,,0,,0.00,
arbre a chat la foir fouille 25 euro,,0,,0.00,
arbre a chat la foirefoille brive,,0,,0.00,
arbre a chat la foirfouille,,0,,0.00,
arbre a chat la garde,,0,,0.00,
arbre a chat la gifi,,0,,0.00,
arbre a chat la ligue,,0,,0.00,
arbre a chat la marche cassé,,0,,0.00,
arbre a chat la roche sur yon,,0,,0.00,
arbre a chat la rochelle,,0,,0.00,
arbre a chat la vie de mon chat,,0,,0.00,
arbre a chat la vie secrete des chats,,0,,0.00,
arbre a chat la vie secrète de nos chats,,0,,0.00,
arbre a chat la villa des animaux,,0,,0.00,
arbre a chat labvable,,0,,0.00,
arbre a chat lacerta,,0,,0.00,
arbre a chat lafoirfouille,,0,,0.00,
arbre a chat lamelles,,0,,0.00,
arbre a chat lannion,,0,,0.00,
arbre a chat lanny,,0,,0.00,
arbre a chat lanny paradise,,0,,0.00,
arbre a chat lapin nain,,0,,0.00,
arbre a chat laredoute,,0,,0.00,
arbre a chat largz,,0,,0.00,
arbre a chat larissa,,0,,0.00,
arbre a chat laroy,,0,,0.00,
arbre a chat laser gifi,,0,,0.00,
arbre a chat lavable ama,,0,,0.00,
arbre a chat lavable finistere,,0,,0.00,
arbre a chat lavable natural xxl,,0,,0.00,
arbre a chat lavaur,,0,,0.00,
arbre a chat lavinia,,0,,0.00,
arbre a chat le bon bon coin charente maritime,,0,,0.00,
arbre a chat le bon coin 02,,0,,0.00,
arbre a chat le bon coin 21,,0,,0.00,
arbre a chat le bon coin 29,,0,,0.00,
arbre a chat le bon coin 35,,0,,0.00,
arbre a chat le bon coin 93,,0,,0.00,
arbre a chat le bon coin alsace,,0,,0.00,
arbre a chat le bon coin aquitaine,,0,,0.00,
arbre a chat le bon coin bourgogne,,0,,0.00,
arbre a chat le bon coin corse,,0,,0.00,
arbre a chat le bon coin finistere,,0,,0.00,
arbre a chat le bon coin gironde,,0,,0.00,
arbre a chat le bon coin isere,,0,,0.00,
arbre a chat le bon coin lorraine,,0,,0.00,
arbre a chat le bon coin lyon,,0,,0.00,
arbre a chat le bon coin marseille,,0,,0.00,
arbre a chat le bon coin nancy,,0,,0.00,
arbre a chat le bon coin nord,,0,,0.00,
arbre a chat le bon coin oise,,0,,0.00,
arbre a chat le bon coin paris,,0,,0.00,
arbre a chat le bon coin rhone alpes,,0,,0.00,
arbre a chat le bon coin toulouse,,0,,0.00,
arbre a chat le bon coin var,,0,,0.00,
arbre a chat le bon coin49,,0,,0.00,
arbre a chat le boncoin,,0,,0.00,
arbre a chat le grimpeur,,0,,0.00,
arbre a chat le lann,,0,,0.00,
arbre a chat le lerc,,0,,0.00,
arbre a chat le magique,,0,,0.00,
arbre a chat le magique cdiscount,,0,,0.00,
arbre a chat le magique montage,,0,,0.00,
arbre a chat le magique montage youtube,,0,,0.00,
arbre a chat le mans,,0,,0.00,
arbre a chat le pet,,0,,0.00,
arbre a chat le plus efficace,,0,,0.00,
arbre a chat le rendre attractif,,0,,0.00,
arbre a chat le songe de penelope,,0,,0.00,
arbre a chat leader price,,0,,0.00,
arbre a chat leandra,,0,,0.00,
arbre a chat leapet,,0,,0.00,
arbre a chat leboncoin toulouse,,0,,0.00,
arbre a chat leboncon,,0,,0.00,
arbre a chat leclerc 29 euros,,0,,0.00,
arbre a chat leclerc animalerie bourg les valence,,0,,0.00,
arbre a chat leclerc animalerie bur les valence,,0,,0.00,
arbre a chat leclerc carpentras,,0,,0.00,
arbre a chat leclerc champfleury,,0,,0.00,
arbre a chat leclerc clermont,,0,,0.00,
arbre a chat leclerc wattrelos,,0,,0.00,
arbre a chat leclercq,,0,,0.00,
arbre a chat leclers,,0,,0.00,
arbre a chat leclrrc carpentras,,0,,0.00,
arbre a chat lefelin,,0,,0.00,
arbre a chat lego friends,,0,,0.00,
arbre a chat lelcerc,,0,,0.00,
arbre a chat leopet amazon,,0,,0.00,
arbre a chat leopet blanc,,0,,0.00,
arbre a chat leopet kbd009,,0,,0.00,
arbre a chat leopet kbm 009,,0,,0.00,
arbre a chat leopet kbm009,,0,,0.00,
arbre a chat leoptet kbd009,,0,,0.00,
arbre a chat lequek cgoisir pour deuc chats,,0,,0.00,
arbre a chat lequel choisir,,0,,0.00,
arbre a chat leroy,,0,,0.00,
arbre a chat les plus robustes,,0,,0.00,
arbre a chat les types,,0,,0.00,
arbre a chat leshp,,0,,0.00,
arbre a chat lespac,,0,,0.00,
arbre a chat lessivable,,0,,0.00,
arbre a chat lesure,,0,,0.00,
arbre a chat letourneau,,0,,0.00,
arbre a chat levis,,0,,0.00,
arbre a chat liam,,0,,0.00,
arbre a chat liane,,0,,0.00,
arbre a chat liddl septembre2019,,0,,0.00,
arbre a chat lidl 2013,,0,,0.00,
arbre a chat lidl 2014,,0,,0.00,
arbre a chat lidl 2016,,0,,0.00,
arbre a chat lidl 2017,,0,,0.00,
arbre a chat lidl 2018,,0,,0.00,
arbre a chat lidl 2019,,0,,0.00,
arbre a chat lidl 2020,,0,,0.00,
arbre a chat lidl 2021,,0,,0.00,
arbre a chat lidl 2022,,0,,0.00,
arbre a chat lidl 2023,,0,,0.00,
arbre a chat lidl 35 e,,0,,0.00,
arbre a chat lidl aout 2017,,0,,0.00,
arbre a chat lidl av,,0,,0.00,
arbre a chat lidl beige 2019,,0,,0.00,
arbre a chat lidl beziers,,0,,0.00,
arbre a chat lidl decembre 2019,,0,,0.00,
arbre a chat lidl dimension,,0,,0.00,
arbre a chat lidl fevrier 2020,,0,,0.00,
arbre a chat lidl france,,0,,0.00,
arbre a chat lidl juillet 2017,,0,,0.00,
arbre a chat lidl juin 2015,,0,,0.00,
arbre a chat lidl juin 2020,,0,,0.00,
arbre a chat lidl mars 2017,,0,,0.00,
arbre a chat lidl mars 2020,,0,,0.00,
arbre a chat lidl novembre 2017,,0,,0.00,
arbre a chat lidl novembre 2019,,0,,0.00,
arbre a chat lidl novembre 2021,,0,,0.00,
arbre a chat lidl octobre 2019,,0,,0.00,
arbre a chat lidl octobre 2021,,0,,0.00,
arbre a chat lidl octobre 2022,,0,,0.00,
arbre a chat lidl ou aldi,,0,,0.00,
arbre a chat lidl septembre 2016,,0,,0.00,
arbre a chat lidl septembre 2018,,0,,0.00,
arbre a chat lidl septembre 2019,,0,,0.00,
arbre a chat lidl septembre 2020,,0,,0.00,
arbre a chat lidl shop,,0,,0.00,
arbre a chat lidle,,0,,0.12,
arbre a chat lilly,,0,,0.00,
arbre a chat lilly anione,,0,,0.00,
arbre a chat lilou xxl,,0,,0.00,
arbre a chat lily,,0,,0.00,
arbre a chat limoges,,0,,0.00,
arbre a chat lincoln,,0,,0.00,
arbre a chat lincroyable,,0,,0.00,
arbre a chat lindy,,0,,0.00,
arbre a chat linus,,0,,0.00,
arbre a chat liquidation,,0,,0.00,
arbre a chat lisieux,,0,,0.00,
arbre a chat lissom,,0,,0.00,
arbre a chat litiere integre,,0,,0.15,
arbre a chat litiere intégré amazone,,0,,0.00,
arbre a chat little petshop,,0,,0.00,
arbre a chat little petshop amazon,,0,,0.00,
arbre a chat littlest petshop amazon,,0,,0.00,
arbre a chat livraison belgique,,0,,0.00,
arbre a chat livraison portugal,,0,,0.00,
arbre a chat livré rapidement,,0,,0.00,
arbre a chat liyndi,,0,,0.00,
arbre a chat lnincroyable,,0,,0.00,
arbre a chat lolipet,,0,,0.00,
arbre a chat long et fin design,,0,,0.00,
arbre a chat long et fin design gris,,0,,0.00,
arbre a chat long et fin disign,,0,,0.00,
arbre a chat long et grand,,0,,0.00,
arbre a chat longueur,,0,,0.00,
arbre a chat lotte,,0,,0.00,
arbre a chat lotus,,0,,0.00,
arbre a chat louise,,0,,0.00,
arbre a chat lucano trixie,,0,,0.00,
arbre a chat lucy,,0,,0.00,
arbre a chat ludique,,0,,0.00,
arbre a chat lugo,,0,,0.00,
arbre a chat luigi,,0,,0.00,
arbre a chat lumineux,,0,,0.00,
arbre a chat luna zolia,,0,,0.00,
arbre a chat luxe allemagne,,0,,0.00,
arbre a chat luxe amazn,,0,,0.00,
arbre a chat luxembourg,,0,,0.00,
arbre a chat luxor,,0,,0.00,
arbre a chat luxor chateau,,0,,0.00,
arbre a chat luxor fantasia bleu,,0,,0.00,
arbre a chat luxueux,,0,,0.00,
arbre a chat lyon pas chere,,0,,0.00,
arbre a chat m pets,,0,,0.00,
arbre a chat ma campagne,,0,,0.00,
arbre a chat ma jardinerie,,0,,0.00,
arbre a chat ma jardinerie arc les gray,,0,,0.00,
arbre a chat mac haus,,0,,0.00,
arbre a chat made for home,,0,,0.00,
arbre a chat made in eu,,0,,0.00,
arbre a chat made in europe,,0,,0.00,
arbre a chat made in germany,,0,,0.00,
arbre a chat made.com,,0,,0.00,
arbre a chat made4home,,0,,0.00,
arbre a chat madrid brun,,0,,0.00,
arbre a chat maerte anione,,0,,0.00,
arbre a chat mafait maison,,0,,0.00,
arbre a chat magasin babou,,0,,0.00,
arbre a chat magasin espace vivant,,0,,0.00,
arbre a chat magasin gifi,,0,,0.00,
arbre a chat magasin menin,,0,,0.00,
arbre a chat magasin paris,,0,,0.00,
arbre a chat magasin saran,,0,,0.00,
arbre a chat magasin suisse,,0,,0.00,
arbre a chat magasin trafic,,0,,0.00,
arbre a chat magasin truffaut,,0,,0.00,
arbre a chat magnifique,,0,,0.00,
arbre a chat main coo,,0,,0.00,
arbre a chat main coon cdiscount,,0,,0.00,
arbre a chat main coon jena,,0,,0.00,
arbre a chat main coon lounge,,0,,0.00,
arbre a chat main coon occasion,,0,,0.00,
arbre a chat main coon soldes,,0,,0.00,
arbre a chat main coon vs arbre a chat,,0,,0.00,
arbre a chat maincoon simple,,0,,0.00,
arbre a chat maine coon allemagne,,0,,0.00,
arbre a chat maine coon animalis,,0,,0.00,
arbre a chat maine coon animalis perigueux,,0,,0.00,
arbre a chat maine coon appartement,,0,,0.00,
arbre a chat maine coon avec litiere,,0,,0.00,
arbre a chat maine coon be,,0,,0.00,
arbre a chat maine coon belgique,,0,,0.00,
arbre a chat maine coon cdiscount,,0,,0.00,
arbre a chat maine coon diy,,0,,0.00,
arbre a chat maine coon ebi,,0,,0.00,
arbre a chat maine coon en allemagne,,0,,0.00,
arbre a chat maine coon fait maison,,0,,0.00,
arbre a chat maine coon fantasy,,0,,0.00,
arbre a chat maine coon forum,,0,,0.00,
arbre a chat maine coon gris,,0,,0.00,
arbre a chat maine coon jardiland perigueux,,0,,0.00,
arbre a chat maine coon lounge,,0,,0.00,
arbre a chat maine coon maxi chalons en champagne,,0,,0.00,
arbre a chat maine coon noir,,0,,0.00,
arbre a chat maine coon paiement en 3 fois,,0,,0.00,
arbre a chat maine coon petrebels,,0,,0.00,
arbre a chat maine coon rhrquality,,0,,0.00,
arbre a chat maine coon simple,,0,,0.00,
arbre a chat maine coon tower,,0,,0.00,
arbre a chat maine coon truffaut,,0,,0.00,
arbre a chat maine coon tube,,0,,0.00,
arbre a chat maine coon xxl aliexpress,,0,,0.00,
arbre a chat maine coon xxl bibita,,0,,0.00,
arbre a chat maine coon xxl cedicoun,,0,,0.00,
arbre a chat maine coon xxl rhrquality,,0,,0.00,
arbre a chat maine coon.de,,0,,0.00,
arbre a chat mainr coon paiement 4 fois,,0,,0.00,
arbre a chat mainxoon,,0,,0.00,
arbre a chat mais,,0,,0.00,
arbre a chat maison acheter,,0,,0.00,
arbre a chat maison arbre,,0,,0.00,
arbre a chat maison avec une branche,,0,,0.00,
arbre a chat maison brancje,,0,,0.00,
arbre a chat maison cdiscount,,0,,0.00,
arbre a chat maison en pain d épice,,0,,0.00,
arbre a chat maison en pain d épice xxl,,0,,0.00,
arbre a chat maison en pain d& 39,,0,,0.00,
arbre a chat maison facile,,0,,0.00,
arbre a chat maison gris et violet,,0,,0.00,
arbre a chat maison home,,0,,0.00,
arbre a chat maison ikea,,0,,0.00,
arbre a chat maison jardiland,,0,,0.00,
arbre a chat maison leroymerlin,,0,,0.00,
arbre a chat maison mural,,0,,0.00,
arbre a chat maison pain d& 39,,0,,0.00,
arbre a chat maison pain d'épice,,0,,0.00,
arbre a chat maison petit espace,,0,,0.00,
arbre a chat maison pinterest,,0,,0.00,
arbre a chat maison prix,,0,,0.00,
arbre a chat maisonnette,,0,,0.00,
arbre a chat maja,,0,,0.00,
arbre a chat make it yourself,,0,,0.00,
arbre a chat makro,,0,,0.00,
arbre a chat malaga,,0,,0.00,
arbre a chat malaga beige,,0,,0.00,
arbre a chat malte,,0,,0.00,
arbre a chat mambo,,0,,0.00,
arbre a chat manga,,0,,0.00,
arbre a chat maqueda,,0,,0.00,
arbre a chat marcel avis,,0,,0.00,
arbre a chat marcel gris,,0,,0.00,
arbre a chat marcel k1225,,0,,0.00,
arbre a chat marcel plan,,0,,0.00,
arbre a chat marcela 60 cm gris,,0,,0.00,
arbre a chat marcela trixie,,0,,0.00,
arbre a chat marcela wanimo,,0,,0.00,
arbre a chat mardid,,0,,0.00,
arbre a chat mariela,,0,,0.00,
arbre a chat mario brod,,0,,0.00,
arbre a chat marissa,,0,,0.00,
arbre a chat marlena,,0,,0.00,
arbre a chat marmande 47200,,0,,0.00,
arbre a chat marque allemande 200 euro,,0,,0.00,
arbre a chat marque anione,,0,,0.00,
arbre a chat marque scandi,,0,,0.00,
arbre a chat marrant,,0,,0.00,
arbre a chat mars residence,,0,,0.00,
arbre a chat martin sellier bambou,,0,,0.00,
arbre a chat martin sellier cherry king,,0,,0.00,
arbre a chat martin sellier corde,,0,,0.00,
arbre a chat martin sellier corde rechange,,0,,0.00,
arbre a chat martin sellier rechange,,0,,0.00,
arbre a chat martin.sellier wildcat,,0,,0.00,
arbre a chat martini,,0,,0.00,
arbre a chat martinique,,0,,0.00,
arbre a chat master cat zolux,,0,,0.00,
arbre a chat mastercat,,0,,0.00,
arbre a chat mat,,0,,0.00,
arbre a chat matal,,0,,0.00,
arbre a chat materiaux,,0,,0.00,
arbre a chat matiere naturelle,,0,,0.00,
arbre a chat matière naturel,,0,,0.00,
arbre a chat mature,,0,,0.00,
arbre a chat mature en sisal,,0,,0.00,
arbre a chat maud 60x30x86 beige,,0,,0.00,
arbre a chat mawi zoo,,0,,0.00,
arbre a chat maxi zoo bassens,,0,,0.00,
arbre a chat maxi zoo catalogue,,0,,0.00,
arbre a chat maxi zoo prix saint dizier,,0,,0.00,
arbre a chat maxi zoo prix trackid sp-006,,0,,0.00,
arbre a chat maxi zoo reims,,0,,0.00,
arbre a chat maxi zoo saint martind'heres,,0,,0.00,
arbre a chat maxi zoo shop,,0,,0.00,
arbre a chat maxi zoo solde,,0,,0.00,
arbre a chat maxi zoo st memmie,,0,,0.00,
arbre a chat maxi zoost memmie,,0,,0.00,
arbre a chat maxi.zoo suisse,,0,,0.00,
arbre a chat maxibazar,,0,,0.00,
arbre a chat maxizoo evreux,,0,,0.00,
arbre a chat maxizoo nantes,,0,,0.00,
arbre a chat maxizoo prix,,0,,0.00,
arbre a chat mc star,,0,,0.00,
arbre a chat mchaus,,0,,0.00,
arbre a chat mctech avis,,0,,0.00,
arbre a chat medici,,0,,0.00,
arbre a chat meilleur,,0,,0.00,
arbre a chat meilleur prix,,0,,0.00,
arbre a chat meme servi a donner,,0,,0.00,
arbre a chat menkoon,,0,,0.00,
arbre a chat merignac,,0,,0.00,
arbre a chat merveil,,0,,0.00,
arbre a chat metjae,,0,,0.00,
arbre a chat metz,,0,,0.00,
arbre a chat meuble bois,,0,,0.00,
arbre a chat meuble tour,,0,,0.00,
arbre a chat meuble tv,,0,,0.00,
arbre a chat meyou,,0,,0.00,
arbre a chat meyou paris,,0,,0.00,
arbre a chat mia cara,,0,,0.00,
arbre a chat miaoubox,,0,,0.00,
arbre a chat micha,,0,,0.00,
arbre a chat micha duponzoo,,0,,0.00,
arbre a chat micki,,0,,0.00,
arbre a chat mieze,,0,,0.00,
arbre a chat migros,,0,,0.00,
arbre a chat mijas,,0,,0.00,
arbre a chat millanimo,,0,,0.00,
arbre a chat mimi gris,,0,,0.00,
arbre a chat mimi grks,,0,,0.00,
arbre a chat mimi noir et gris,,0,,0.00,
arbre a chat miniature,,0,,0.00,
arbre a chat minka,,0,,0.00,
arbre a chat miss carturday,,0,,0.00,
arbre a chat mitkau,,0,,0.00,
arbre a chat miu,,0,,0.00,
arbre a chat moa,,0,,0.00,
arbre a chat mobilier,,0,,0.00,
arbre a chat moche,,0,,0.00,
arbre a chat modele arbre,,0,,0.00,
arbre a chat modele baza h 50 cm,,0,,0.00,
arbre a chat modele caprice,,0,,0.00,
arbre a chat moderne amazon,,0,,0.00,
arbre a chat moderne design haut,,0,,0.00,
arbre a chat moderne ebay,,0,,0.00,
arbre a chat moderne en acier,,0,,0.00,
arbre a chat moderne en metale,,0,,0.00,
arbre a chat moderne metal et bois,,0,,0.00,
arbre a chat moderne solde,,0,,0.00,
arbre a chat modulable carrefour,,0,,0.00,
arbre a chat modulable carrefour kitty,,0,,0.00,
arbre a chat modulable catrix,,0,,0.00,
arbre a chat modulable design,,0,,0.00,
arbre a chat modulable explication,,0,,0.00,
arbre a chat modulable trixie,,0,,0.00,
arbre a chat modulaire,,0,,0.32,
arbre a chat modulaire home,,0,,0.00,
arbre a chat modulaire katt3,,0,,0.00,
arbre a chat moi s cherz,,0,,0.00,
arbre a chat moins d un metre de haut,,0,,0.00,
arbre a chat moins de 10 euros,,0,,0.00,
arbre a chat moins de 20 euros,,0,,0.00,
arbre a chat moins de 30 euros,,0,,0.00,
arbre a chat moins de 50 euros,,0,,0.00,
arbre a chat moins de trente euro,,0,,0.00,
arbre a chat monopoteau,,0,,0.00,
arbre a chat monsieur bricolage,,0,,0.00,
arbre a chat mont blanc,,0,,0.00,
arbre a chat mont de marsan,,0,,0.00,
arbre a chat montable carrefour,,0,,0.00,
arbre a chat montagne,,0,,0.00,
arbre a chat montauban,,0,,0.00,
arbre a chat montgolfiere,,0,,0.00,
arbre a chat montoro,,0,,0.00,
arbre a chat moquette,,0,,0.00,
arbre a chat more 4,,0,,0.00,
arbre a chat more 4 cats charlie,,0,,0.00,
arbre a chat more 4 cats charlie beige,,0,,0.00,
arbre a chat more 4 charlie,,0,,0.00,
arbre a chat more for,,0,,0.00,
arbre a chat more for cats,,0,,0.00,
arbre a chat more perreo,,0,,0.00,
arbre a chat more rock,,0,,0.00,
arbre a chat more4 cats,,0,,0.00,
arbre a chat more4 for cats and dogs,,0,,0.00,
arbre a chat morella,,0,,0.00,
arbre a chat moriles,,0,,0.00,
arbre a chat morteau,,0,,0.00,
arbre a chat motif chat,,0,,0.00,
arbre a chat motifs pattes,,0,,0.00,
arbre a chat moustache,,0,,0.00,
arbre a chat mouton amazon,,0,,0.00,
arbre a chat mouton gris,,0,,0.00,
arbre a chat mowgli,,0,,0.00,
arbre a chat mowgli mano mano,,0,,0.00,
arbre a chat moyen black friday,,0,,0.00,
arbre a chat moyen noir,,0,,0.00,
arbre a chat moyen pas cher amazon,,0,,0.00,
arbre a chat moyen pour maine coon,,0,,0.00,
arbre a chat moyen zoomalia,,0,,0.00,
arbre a chat mr big,,0,,0.00,
arbre a chat mual,,0,,0.00,
arbre a chat mudcat,,0,,0.00,
arbre a chat mulrale balcon,,0,,0.00,
arbre a chat multi tiers,,0,,0.00,
arbre a chat multiple,,0,,0.00,
arbre a chat munchkin,,0,,0.00,
arbre a chat munhckin,,0,,0.00,
arbre a chat mur d escalade,,0,,0.00,
arbre a chat mur d& 39,,0,,0.00,
arbre a chat mur d'escalade,,0,,0.00,
arbre a chat mur descalade,,0,,0.00,
arbre a chat mur en bois,,0,,0.00,
arbre a chat mur en bois avis,,0,,0.00,
arbre a chat mur entier,,0,,0.00,
arbre a chat mur kerbl avis,,0,,0.00,
arbre a chat mur nouveau,,0,,0.00,
arbre a chat mura,,0,,0.00,
arbre a chat mural a vendre,,0,,0.00,
arbre a chat mural amazone,,0,,0.00,
arbre a chat mural animalis,,0,,0.00,
arbre a chat mural avec palettes,,0,,0.00,
arbre a chat mural belgique,,0,,0.00,
arbre a chat mural bois massif,,0,,0.00,
arbre a chat mural branche,,0,,0.00,
arbre a chat mural branche bois,,0,,0.00,
arbre a chat mural cdiscount,,0,,0.00,
arbre a chat mural coin,,0,,0.00,
arbre a chat mural coin design,,0,,0.00,
arbre a chat mural coin x,,0,,0.00,
arbre a chat mural complet,,0,,0.00,
arbre a chat mural d'angle,,0,,0.00,
arbre a chat mural dans veranda,,0,,0.00,
arbre a chat mural de luxe,,0,,0.00,
arbre a chat mural ebay,,0,,0.00,
arbre a chat mural echelle,,0,,0.00,
arbre a chat mural en bois dans veranda,,0,,0.00,
arbre a chat mural en bois horizontal,,0,,0.00,
arbre a chat mural en bois naturel,,0,,0.00,
arbre a chat mural en forme d arbre,,0,,0.00,
arbre a chat mural exterieur,,0,,0.00,
arbre a chat mural fait maison pintrest,,0,,0.00,
arbre a chat mural francesco,,0,,0.00,
arbre a chat mural geant,,0,,0.00,
arbre a chat mural géant,,0,,0.00,
arbre a chat mural ikea,,0,,0.00,
arbre a chat mural kaat,,0,,0.00,
arbre a chat mural kerbl avis,,0,,0.00,
arbre a chat mural kerbl dolomit tofana,,0,,0.00,
arbre a chat mural kerbl tofana,,0,,0.00,
arbre a chat mural la vie secrete des chats,,0,,0.00,
arbre a chat mural mario,,0,,0.00,
arbre a chat mural mario bros,,0,,0.00,
arbre a chat mural naturel,,0,,0.00,
arbre a chat mural nouveau,,0,,0.00,
arbre a chat mural original,,0,,0.00,
arbre a chat mural passerelle,,0,,0.00,
arbre a chat mural pieces,,0,,0.00,
arbre a chat mural pinterest,,0,,0.00,
arbre a chat mural promo,,0,,0.00,
arbre a chat mural sans percer,,0,,0.00,
arbre a chat mural silvio design,,0,,0.00,
arbre a chat mural solide,,0,,0.00,
arbre a chat mural solide pour main coon,,0,,0.00,
arbre a chat mural suisse,,0,,0.00,
arbre a chat mural trixie,,0,,0.00,
arbre a chat mural trxie,,0,,0.00,
arbre a chat mural xxl,,0,,0.00,
arbre a chat mural zoo,,0,,0.00,
arbre a chat mural zool,,0,,0.00,
arbre a chat mural zoolm,,0,,0.00,
arbre a chat murale avec palette,,0,,0.00,
arbre a chat murale balcon,,0,,0.00,
arbre a chat murale en bois naturel,,0,,0.00,
arbre a chat muraux,,0,,0.28,
arbre a chat murl,,0,,0.00,
arbre a chat muscat palmier,,0,,0.00,
arbre a chat muscat vert et rose,,0,,0.00,
arbre a chat mvfait maison,,0,,0.00,
arbre a chat myrtille,,0,,0.00,
arbre a chat métal,,0,,0.00,
arbre a chat métalique,,0,,0.00,
arbre a chat nagure,,0,,0.00,
arbre a chat nancy,,0,,0.00,
arbre a chat nanook holiday,,0,,0.00,
arbre a chat nanook stable,,0,,0.00,
arbre a chat napoleon,,0,,0.00,
arbre a chat napoleon leclerc,,0,,0.00,
arbre a chat napoleon promo,,0,,0.00,
arbre a chat naryra,,0,,0.00,
arbre a chat natrel bois,,0,,0.00,
arbre a chat natu,,0,,0.00,
arbre a chat natuiral paradise l,,0,,0.00,
arbre a chat natura,,0,,0.00,
arbre a chat natural digue,,0,,0.00,
arbre a chat natural grand,,0,,0.00,
arbre a chat natural harmony,,0,,0.00,
arbre a chat natural heaven,,0,,0.00,
arbre a chat natural heaven 2,,0,,0.00,
arbre a chat natural heaven 3,,0,,0.00,
arbre a chat natural heaven 3 poids,,0,,0.00,
arbre a chat natural heaven ii,,0,,0.00,
arbre a chat natural heaven iii,,0,,0.00,
arbre a chat natural heaven iv,,0,,0.00,
arbre a chat natural home 1,,0,,0.00,
arbre a chat natural home amazon,,0,,0.00,
arbre a chat natural home ii,,0,,0.00,
arbre a chat natural home iii,,0,,0.00,
arbre a chat natural home iv,,0,,0.00,
arbre a chat natural home solde,,0,,0.00,
arbre a chat natural home v,,0,,0.00,
arbre a chat natural paradise avec halc,,0,,0.00,
arbre a chat natural paradise creme,,0,,0.00,
arbre a chat natural paradise en magasin,,0,,0.00,
arbre a chat natural paradise mini,,0,,0.00,
arbre a chat natural paradise quadra,,0,,0.00,
arbre a chat natural paradise xl compact,,0,,0.00,
arbre a chat natural paradise xl premium,,0,,0.00,
arbre a chat natural paradise xl standard,,0,,0.00,
arbre a chat natural paradise xxl bitiba,,0,,0.00,
arbre a chat natural paradise zooplus,,0,,0.00,
arbre a chat natural sur printerest,,0,,0.00,
arbre a chat natureal heaven iii,,0,,0.00,
arbre a chat naturel 90 cm,,0,,0.00,
arbre a chat naturel a vendre,,0,,0.00,
arbre a chat naturel amazon,,0,,0.00,
arbre a chat naturel athene,,0,,0.00,
arbre a chat naturel bois le bon coin,,0,,0.00,
arbre a chat naturel chat,,0,,0.00,
arbre a chat naturel design,,0,,0.00,
arbre a chat naturel gris,,0,,0.00,
arbre a chat naturel home,,0,,0.00,
arbre a chat naturel paradise,,0,,0.00,
arbre a chat naturel paradise avec halc,,0,,0.00,
arbre a chat naturel paradise xxl,,0,,0.00,
arbre a chat naturel ruben,,0,,0.00,
arbre a chat naturel trixie,,0,,0.00,
arbre a chat naturelle,,0,,0.00,
arbre a chat naturiou,,0,,0.00,
arbre a chat naturpark zoolux,,0,,0.00,
arbre a chat nayra,,0,,0.00,
arbre a chat ne pas deranger,,0,,0.00,
arbre a chat nelly 204,,0,,0.00,
arbre a chat netto,,0,,0.00,
arbre a chat nettoyable,,0,,0.00,
arbre a chat neuf grand,,0,,0.00,
arbre a chat neuf odeur,,0,,0.00,
arbre a chat neuf playmobil,,0,,0.00,
arbre a chat nevada,,0,,0.00,
arbre a chat ni vu ni connu j't'embrouille,,0,,0.00,
arbre a chat niche osier surelevée,,0,,0.00,
arbre a chat nikki,,0,,0.00,
arbre a chat nilufar colmar,,0,,0.00,
arbre a chat nobby cdiscount,,0,,0.00,
arbre a chat nobby design,,0,,0.00,
arbre a chat nobby montega,,0,,0.00,
arbre a chat nobby motega,,0,,0.00,
arbre a chat noel action,,0,,0.00,
arbre a chat noir avec deux niches pour deux chats,,0,,0.00,
arbre a chat noir et blanc angle,,0,,0.00,
arbre a chat noir et chêne,,0,,0.00,
arbre a chat noir et gris,,0,,0.00,
arbre a chat noir et gris de chez gifi,,0,,0.00,
arbre a chat noir et orange,,0,,0.00,
arbre a chat noir et rouge,,0,,0.00,
arbre a chat noir flexible,,0,,0.00,
arbre a chat noir hamac,,0,,0.00,
arbre a chat noir jardiland,,0,,0.00,
arbre a chat noir main coon,,0,,0.00,
arbre a chat noir pas cher,,0,,0.00,
arbre a chat noir vesper,,0,,0.00,
arbre a chat noiret chêne,,0,,0.00,
arbre a chat nois flotté,,0,,0.00,
arbre a chat noix de coco,,0,,0.00,
arbre a chat non pelucheux,,0,,0.00,
arbre a chat nora,,0,,0.00,
arbre a chat noragami nope,,0,,0.00,
arbre a chat norma,,0,,0.00,
arbre a chat normal et murale,,0,,0.00,
arbre a chat north dacota,,0,,0.00,
arbre a chat norvegieb,,0,,0.00,
arbre a chat norveigien,,0,,0.00,
arbre a chat norvégien,,0,,0.00,
arbre a chat nougat,,0,,0.00,
arbre a chat nourriture,,0,,0.00,
arbre a chat nouveaute,,0,,0.00,
arbre a chat nouveauté,,0,,0.00,
arbre a chat noël,,0,,0.00,
arbre a chat nul,,0,,0.00,
arbre a chat nécessaire,,0,,0.00,
arbre a chat o maley cdiscount,,0,,0.00,
arbre a chat o malley,,0,,0.00,
arbre a chat oanier,,0,,0.00,
arbre a chat oas chet,,0,,0.00,
arbre a chat oase,,0,,0.00,
arbre a chat obese,,0,,0.00,
arbre a chat obligatoir,,0,,0.00,
arbre a chat obligatoire ou pas,,0,,0.00,
arbre a chat obligatorie,,0,,0.00,
arbre a chat ocation,,0,,0.00,
arbre a chat occase,,0,,0.00,
arbre a chat occasion alsace,,0,,0.00,
arbre a chat occasion avis,,0,,0.00,
arbre a chat occasion belgique,,0,,0.00,
arbre a chat occasion charleroi,,0,,0.00,
arbre a chat occasion desinfeceter,,0,,0.00,
arbre a chat occasion désinfecter,,0,,0.00,
arbre a chat occasion ebay,,0,,0.00,
arbre a chat occasion eure,,0,,0.00,
arbre a chat occasion gard,,0,,0.00,
arbre a chat occasion hainaut,,0,,0.00,
arbre a chat occasion ile de france,,0,,0.00,
arbre a chat occasion le bon coin 76,,0,,0.00,
arbre a chat occasion le bon coin nievre,,0,,0.00,
arbre a chat occasion le bon coin27,,0,,0.00,
arbre a chat occasion leboncoin,,0,,0.00,
arbre a chat occasion liege,,0,,0.00,
arbre a chat occasion lyon,,0,,0.00,
arbre a chat occasion montpellier,,0,,0.00,
arbre a chat occasion nantes,,0,,0.00,
arbre a chat occasion pas cher,,0,,0.00,
arbre a chat occasion vaucluse,,0,,0.00,
arbre a chat occasion vesper,,0,,0.00,
arbre a chat occasions,,0,,0.00,
arbre a chat occsion,,0,,0.00,
arbre a chat odeur,,0,,0.00,
arbre a chat oeoginal,,0,,0.00,
arbre a chat oldie,,0,,0.00,
arbre a chat oldie kerbl,,0,,0.00,
arbre a chat olympe,,0,,0.00,
arbre a chat olympe dimensions,,0,,0.00,
arbre a chat omaley cdiscounthttps www.google.fr,,0,,0.00,
arbre a chat ooccasion,,0,,0.00,
arbre a chat or rose,,0,,0.00,
arbre a chat orginal,,0,,0.00,
arbre a chat original artisanal,,0,,0.00,
arbre a chat original bois,,0,,0.00,
arbre a chat original cdiscount,,0,,0.00,
arbre a chat original forme casquette,,0,,0.00,
arbre a chat originaux,,0,,0.23,
arbre a chat originql,,0,,0.00,
arbre a chat orion,,0,,0.00,
arbre a chat orleans,,0,,0.00,
arbre a chat orlene trixie jorge,,0,,0.00,
arbre a chat orlene trxxie jorge,,0,,0.00,
arbre a chat osb,,0,,0.00,
arbre a chat osief,,0,,0.00,
arbre a chat osier amazon,,0,,0.00,
arbre a chat osier bulle,,0,,0.00,
arbre a chat osier grand,,0,,0.00,
arbre a chat osier griffoir,,0,,0.00,
arbre a chat osier gris,,0,,0.00,
arbre a chat osier malte,,0,,0.00,
arbre a chat osier noir,,0,,0.00,
arbre a chat osier xl,,0,,0.00,
arbre a chat ossature bois,,0,,0.00,
arbre a chat otiginal,,0,,0.00,
arbre a chat otto's,,0,,0.00,
arbre a chat ou es tu,,0,,0.00,
arbre a chat ou grattoir,,0,,0.00,
arbre a chat ou griffoir,,0,,0.00,
arbre a chat ou la corde sans le pétrole,,0,,0.00,
arbre a chat ou non,,0,,0.00,
arbre a chat ou on enlève le cousin pour laver,,0,,0.00,
arbre a chat ou pas,,0,,0.00,
arbre a chat ou tour à griffer,,0,,0.00,
arbre a chat ou tronc à griffer,,0,,0.00,
arbre a chat ouf,,0,,0.00,
arbre a chat outlet,,0,,0.00,
arbre a chat oviedo,,0,,0.00,
arbre a chat ovonni,,0,,0.00,
arbre a chat pa stables,,0,,0.00,
arbre a chat pad cher,,0,,0.00,
arbre a chat paiement en 4 fois,,0,,0.00,
arbre a chat paiement en plusieurs fois carte electron,,0,,0.00,
arbre a chat paille,,0,,0.00,
arbre a chat pain d epice,,0,,0.00,
arbre a chat pain d épice,,0,,0.00,
arbre a chat pain d'épice construction,,0,,0.00,
arbre a chat pain d'épice xxl,,0,,0.00,
arbre a chat pain d'épices xxl,,0,,0.00,
arbre a chat palace ebi,,0,,0.00,
arbre a chat palais gris zolux,,0,,0.00,
arbre a chat palais zolux,,0,,0.00,
arbre a chat palermo,,0,,0.00,
arbre a chat palette diy,,0,,0.00,
arbre a chat palmie,,0,,0.00,
arbre a chat palmier pas cher,,0,,0.00,
arbre a chat pamiers,,0,,0.00,
arbre a chat pandora,,0,,0.00,
arbre a chat panier amazon,,0,,0.00,
arbre a chat panier geant,,0,,0.00,
arbre a chat panier main voon,,0,,0.00,
arbre a chat panier souple,,0,,0.00,
arbre a chat panier suspendu,,0,,0.00,
arbre a chat paola,,0,,0.00,
arbre a chat paola tarif,,0,,0.00,
arbre a chat papier maché,,0,,0.00,
arbre a chat papillon,,0,,0.00,
arbre a chat papyrus,,0,,0.00,
arbre a chat par des suisses,,0,,0.00,
arbre a chat paradis cdiscount,,0,,0.00,
arbre a chat paradis des jardins,,0,,0.00,
arbre a chat paradis xl,,0,,0.00,
arbre a chat paradise amazone,,0,,0.00,
arbre a chat paradise island,,0,,0.00,
arbre a chat paradise l,,0,,0.00,
arbre a chat paradise naturel pas cher xxl,,0,,0.00,
arbre a chat paradise xl compact,,0,,0.00,
arbre a chat paradisio xxl,,0,,0.00,
arbre a chat parcours mur,,0,,0.00,
arbre a chat parcours mural,,0,,0.00,
arbre a chat parcourt,,0,,0.00,
arbre a chat parcourt complet,,0,,0.00,
arbre a chat paris gris,,0,,0.00,
arbre a chat park,,0,,0.00,
arbre a chat particulier,,0,,0.00,
arbre a chat paruvendu aube,,0,,0.00,
arbre a chat pas amazon,,0,,0.00,
arbre a chat pas ch,,0,,0.00,
arbre a chat pas che,,0,,0.00,
arbre a chat pas cheer,,0,,0.00,
arbre a chat pas cher 1m,,0,,0.00,
arbre a chat pas cher 1m50,,0,,0.00,
arbre a chat pas cher 250 260,,0,,0.00,
arbre a chat pas cher 90 cm de hauteur,,0,,0.00,
arbre a chat pas cher a l'etranger,,0,,0.00,
arbre a chat pas cher accessoire,,0,,0.00,
arbre a chat pas cher allemagne,,0,,0.00,
arbre a chat pas cher aube,,0,,0.00,
arbre a chat pas cher avec hamac,,0,,0.00,
arbre a chat pas cher babou,,0,,0.00,
arbre a chat pas cher bayeux,,0,,0.00,
arbre a chat pas cher botanic,,0,,0.00,
arbre a chat pas cher brest,,0,,0.00,
arbre a chat pas cher bricomarche,,0,,0.00,
arbre a chat pas cher cagnes sur mer,,0,,0.00,
arbre a chat pas cher chat de luxe,,0,,0.00,
arbre a chat pas cher chat de mluxe,,0,,0.00,
arbre a chat pas cher chine,,0,,0.00,
arbre a chat pas cher clermont ferrand,,0,,0.00,
arbre a chat pas cher cora,,0,,0.00,
arbre a chat pas cher de 110 cm,,0,,0.00,
arbre a chat pas cher de 110 cm minimum,,0,,0.00,
arbre a chat pas cher design,,0,,0.00,
arbre a chat pas cher design creation,,0,,0.00,
arbre a chat pas cher douvres la delivrande,,0,,0.00,
arbre a chat pas cher ebay,,0,,0.00,
arbre a chat pas cher en ligne,,0,,0.00,
arbre a chat pas cher en magasin,,0,,0.00,
arbre a chat pas cher en sisal - pattedouce reviews,,0,,0.00,
arbre a chat pas cher en solde,,0,,0.00,
arbre a chat pas cher et haut,,0,,0.00,
arbre a chat pas cher et livraison gratuite,,0,,0.00,
arbre a chat pas cher feandra,,0,,0.00,
arbre a chat pas cher fr,,0,,0.00,
arbre a chat pas cher fressnap 57600,,0,,0.00,
arbre a chat pas cher gam vert,,0,,0.00,
arbre a chat pas cher gamm vert,,0,,0.00,
arbre a chat pas cher gifi plerin,,0,,0.00,
arbre a chat pas cher gris et noir,,0,,0.00,
arbre a chat pas cher jardiland promotions,,0,,0.00,
arbre a chat pas cher jmt,,0,,0.00,
arbre a chat pas cher la foir fouille,,0,,0.00,
arbre a chat pas cher la foir& 39,,0,,0.00,
arbre a chat pas cher la foirfouille,,0,,0.00,
arbre a chat pas cher maxi 20 euros,,0,,0.00,
arbre a chat pas cher maxi ééé2,,0,,0.00,
arbre a chat pas cher mural bois - cheminfélin reviews,,0,,0.00,
arbre a chat pas cher nantes,,0,,0.00,
arbre a chat pas cher naturel,,0,,0.00,
arbre a chat pas cher occasion,,0,,0.00,
arbre a chat pas cher occasion 20,,0,,0.00,
arbre a chat pas cher occasion 6,,0,,0.00,
arbre a chat pas cher paris,,0,,0.00,
arbre a chat pas cher payer en plusieurs fois,,0,,0.00,
arbre a chat pas cher peitt,,0,,0.00,
arbre a chat pas cher plus d'un 170m,,0,,0.00,
arbre a chat pas cher poteau 15 cm,,0,,0.00,
arbre a chat pas cher pour 2 chats,,0,,0.00,
arbre a chat pas cher pour grand chat,,0,,0.00,
arbre a chat pas cher pour maine coon,,0,,0.00,
arbre a chat pas cher pour manger,,0,,0.00,
arbre a chat pas cher promo,,0,,0.00,
arbre a chat pas cher rennes,,0,,0.00,
arbre a chat pas cher rouge 1m50,,0,,0.00,
arbre a chat pas cher sans frais de port,,0,,0.00,
arbre a chat pas cher soldes,,0,,0.00,
arbre a chat pas cher suisse,,0,,0.00,
arbre a chat pas cher sur dunkerque,,0,,0.00,
arbre a chat pas cher tati,,0,,0.00,
arbre a chat pas cher tectake,,0,,0.00,
arbre a chat pas cher truffau,,0,,0.00,
arbre a chat pas cher truffaut,,0,,0.00,
arbre a chat pas cher vaucluse,,0,,0.00,
arbre a chat pas cher wish,,0,,0.00,
arbre a chat pas cher xxl,,0,,0.14,
arbre a chat pas cher.fr,,0,,0.00,
arbre a chat pas cher.r,,0,,0.00,
arbre a chat pas cheraube,,0,,0.00,
arbre a chat pas chercdiscout,,0,,0.00,
arbre a chat pas chere et sans fourrure,,0,,0.00,
arbre a chat pas chere et sans fourrure 69009,,0,,0.00,
arbre a chat pas chere nantes,,0,,0.00,
arbre a chat pas chere pour main coon,,0,,0.00,
arbre a chat pas cherfr,,0,,0.00,
arbre a chat pas cherhttps www.sfr.fr,,0,,0.00,
arbre a chat pas chers,,0,,0.38,
arbre a chat pas chet,,0,,0.00,
arbre a chat pas chete,,0,,0.00,
arbre a chat pas chr solde,,0,,0.00,
arbre a chat pas chzez,,0,,0.00,
arbre a chat pas chére,,0,,0.00,
arbre a chat pas fabriquer,,0,,0.00,
arbre a chat pas her,,0,,0.00,
arbre a chat pas large,,0,,0.00,
arbre a chat pas stables,,0,,0.00,
arbre a chat pas tres large,,0,,0.00,
arbre a chat pas trop cher,,0,,0.00,
arbre a chat pas trop moche,,0,,0.00,
arbre a chat pas v,,0,,0.00,
arbre a chat pasc,,0,,0.00,
arbre a chat pascher,,0,,0.00,
arbre a chat passerelle,,0,,0.00,
arbre a chat passion,,0,,0.00,
arbre a chat patchwork,,0,,0.00,
arbre a chat patoune,,0,,0.00,
arbre a chat patoune truffaut,,0,,0.00,
arbre a chat patricia,,0,,0.00,
arbre a chat patricia de trixie,,0,,0.00,
arbre a chat patricia trixie,,0,,0.00,
arbre a chat patte,,0,,0.00,
arbre a chat patte courte,,0,,0.00,
arbre a chat pawzroad,,0,,0.00,
arbre a chat pax cher,,0,,0.00,
arbre a chat payable en 4 fois,,0,,0.00,
arbre a chat payer en 3 fois,,0,,0.00,
arbre a chat pct 866,,0,,0.00,
arbre a chat pct866,,0,,0.00,
arbre a chat peanut,,0,,0.00,
arbre a chat pedy,,0,,0.00,
arbre a chat pedy 2 paniers,,0,,0.00,
arbre a chat peek a boo,,0,,0.00,
arbre a chat pegasus,,0,,0.00,
arbre a chat peinture pinterest,,0,,0.00,
arbre a chat penelope gris,,0,,0.00,
arbre a chat pension,,0,,0.00,
arbre a chat pepiniere de bavent,,0,,0.00,
arbre a chat perchoir,,0,,0.00,
arbre a chat perpignan,,0,,0.00,
arbre a chat perroquet,,0,,0.00,
arbre a chat personalisé,,0,,0.00,
arbre a chat personnalis,,0,,0.00,
arbre a chat personnalise,,0,,0.00,
arbre a chat personnalisé bricolé,,0,,0.00,
arbre a chat personnalisé en bois flotté,,0,,0.00,
arbre a chat pertuis,,0,,0.00,
arbre a chat pet,,0,,0.00,
arbre a chat pet fun iris,,0,,0.00,
arbre a chat pet fun joy,,0,,0.00,
arbre a chat pet fun lisa,,0,,0.00,
arbre a chat pet fun occasion,,0,,0.00,
arbre a chat pet fun pas cher,,0,,0.00,
arbre a chat pet fun paula,,0,,0.00,
arbre a chat pet pets,,0,,0.00,
arbre a chat pet play,,0,,0.00,
arbre a chat pet rebels,,0,,0.00,
arbre a chat pet ville,,0,,0.00,
arbre a chat petfun maincoon,,0,,0.00,
arbre a chat petir,,0,,0.00,
arbre a chat petit amazon,,0,,0.00,
arbre a chat petit budget,,0,,0.00,
arbre a chat petit encombrement,,0,,0.00,
arbre a chat petit gifi,,0,,0.00,
arbre a chat petit model studio,,0,,0.00,
arbre a chat petit ou grand,,0,,0.00,
arbre a chat petit prix promo,,0,,0.00,
arbre a chat petita saint malo,,0,,0.00,
arbre a chat petite annonce,,0,,0.00,
arbre a chat petite largeur,,0,,0.00,
arbre a chat petlicity,,0,,0.00,
arbre a chat petrebels charlotte,,0,,0.00,
arbre a chat petrebels lucky bastards mainstreet,,0,,0.00,
arbre a chat petrebels mainstreet,,0,,0.00,
arbre a chat petrebels mainstreet 200,,0,,0.00,
arbre a chat petshops,,0,,0.00,
arbre a chat petshops chez leclerc,,0,,0.00,
arbre a chat petsun,,0,,0.00,
arbre a chat pey fun,,0,,0.00,
arbre a chat pharos,,0,,0.00,
arbre a chat philanima,,0,,0.00,
arbre a chat phill,,0,,0.00,
arbre a chat phéromones,,0,,0.00,
arbre a chat pieces rechange,,0,,0.00,
arbre a chat pietro,,0,,0.00,
arbre a chat pilar,,0,,0.00,
arbre a chat pilier,,0,,0.00,
arbre a chat pin depice,,0,,0.00,
arbre a chat pinterest peinture porcelaine,,0,,0.00,
arbre a chat pixies,,0,,0.00,
arbre a chat pladond,,0,,0.00,
arbre a chat plafnd,,0,,0.00,
arbre a chat plafond allemand,,0,,0.00,
arbre a chat plafond beige,,0,,0.00,
arbre a chat plafond beige bois,,0,,0.00,
arbre a chat plafond beige maxizoo,,0,,0.00,
arbre a chat plafond bois blanc,,0,,0.00,
arbre a chat plafond chat grand,,0,,0.00,
arbre a chat plafond comment est il accroche,,0,,0.00,
arbre a chat plafond maxizoo,,0,,0.00,
arbre a chat plafond solide,,0,,0.00,
arbre a chat plafonnier,,0,,0.00,
arbre a chat plaid,,0,,0.00,
arbre a chat plan de campagne,,0,,0.00,
arbre a chat plan de construction,,0,,0.00,
arbre a chat plan de construction carton,,0,,0.00,
arbre a chat plan grattoir incline,,0,,0.00,
arbre a chat plan griffoir incline,,0,,0.00,
arbre a chat plancher plafond,,0,,0.00,
arbre a chat plante afrdisiaque,,0,,0.00,
arbre a chat plante aphrodisiaque,,0,,0.00,
arbre a chat plantes,,0,,0.00,
arbre a chat plaque noire derriere,,0,,0.00,
arbre a chat plastique pvc,,0,,0.00,
arbre a chat plat,,0,,0.00,
arbre a chat plate forme,,0,,0.00,
arbre a chat plateau 100 cms 60 60,,0,,0.00,
arbre a chat plateau 68 cm,,0,,0.00,
arbre a chat plateau 68 cm carefour,,0,,0.00,
arbre a chat plateau griffoir,,0,,0.00,
arbre a chat plateau rond,,0,,0.00,
arbre a chat plateau rond imitation arbre,,0,,0.00,
arbre a chat plateforme 60 cm,,0,,0.00,
arbre a chat plateforme de repos pour chat,,0,,0.00,
arbre a chat plateforme large,,0,,0.00,
arbre a chat plateforme panoramique,,0,,0.00,
arbre a chat plateforme unique,,0,,0.00,
arbre a chat playmobil cdiscount,,0,,0.00,
arbre a chat playmoibil,,0,,0.00,
arbre a chat playmoibil joue club,,0,,0.00,
arbre a chat plot,,0,,0.00,
arbre a chat plus 2m,,0,,0.00,
arbre a chat plus de 180,,0,,0.00,
arbre a chat plus de 1m60,,0,,0.00,
arbre a chat plus de 2m,,0,,0.00,
arbre a chat plus de 2m a vendre,,0,,0.00,
arbre a chat plus de 6 kg,,0,,0.00,
arbre a chat plus de 7 kg,,0,,0.00,
arbre a chat plus griffoir,,0,,0.00,
arbre a chat plus griffoire,,0,,0.00,
arbre a chat plus litiere ferme,,0,,0.00,
arbre a chat plus vrai que nature,,0,,0.00,
arbre a chat pluschi,,0,,0.00,
arbre a chat plusieur poteau,,0,,0.00,
arbre a chat plusieurs,,0,,0.00,
arbre a chat plusieurs chat,,0,,0.00,
arbre a chat plymobil,,0,,0.00,
arbre a chat pocket camp,,0,,0.00,
arbre a chat poil et plume le magique,,0,,0.00,
arbre a chat poil et plume notice,,0,,0.00,
arbre a chat poil long,,0,,0.00,
arbre a chat poils,,0,,0.00,
arbre a chat point dog,,0,,0.00,
arbre a chat point vert falaise,,0,,0.00,
arbre a chat poir gros chat,,0,,0.00,
arbre a chat poirier,,0,,0.00,
arbre a chat poisson,,0,,0.00,
arbre a chat poisson noir,,0,,0.00,
arbre a chat polonais,,0,,0.00,
arbre a chat polytrans,,0,,0.00,
arbre a chat pomme,,0,,0.00,
arbre a chat pompon 2,,0,,0.00,
arbre a chat pompon2 40x40x114cm beige mid,,0,,0.00,
arbre a chat pompon2 40x40x114cm gris mid,,0,,0.00,
arbre a chat pont suspendu diy,,0,,0.00,
arbre a chat pont suspendu suisse,,0,,0.00,
arbre a chat por coin,,0,,0.00,
arbre a chat pornic,,0,,0.00,
arbre a chat pose sur canape,,0,,0.00,
arbre a chat potaux tres epais,,0,,0.00,
arbre a chat poteau 11 cm,,0,,0.00,
arbre a chat poteau 11cm,,0,,0.00,
arbre a chat poteau 1m2,,0,,0.00,
arbre a chat poteau 1m20,,0,,0.00,
arbre a chat poteau 1m50,,0,,0.00,
arbre a chat poteau 9cm,,0,,0.00,
arbre a chat poteau a griffer,,0,,0.00,
arbre a chat poteau en plastique,,0,,0.00,
arbre a chat poteau plafond,,0,,0.00,
arbre a chat poteau rechange,,0,,0.00,
arbre a chat poteau rechange 7 5 cm,,0,,0.00,
arbre a chat poteau vis 7,,0,,0.00,
arbre a chat poteau à griffer,,0,,0.00,
arbre a chat poteau à griffer l40x,,0,,0.00,
arbre a chat poteau à griffer l40xl34xh230,,0,,0.00,
arbre a chat poteaux 12 cm,,0,,0.00,
arbre a chat poteaux 15 cm,,0,,0.00,
arbre a chat poteaux 60 cm,,0,,0.00,
arbre a chat poteaux tres epais,,0,,0.00,
arbre a chat poteux 9cm,,0,,0.00,
arbre a chat poubelle,,0,,0.00,
arbre a chat pouf,,0,,0.00,
arbre a chat pour 2 chat,,0,,0.00,
arbre a chat pour 2 chats adulte,,0,,0.00,
arbre a chat pour 2 chats adultes,,0,,0.00,
arbre a chat pour 2 chats amazon,,0,,0.00,
arbre a chat pour 2 chats fait maison,,0,,0.00,
arbre a chat pour 4 chats,,0,,0.00,
arbre a chat pour 4 chats avis,,0,,0.00,
arbre a chat pour a attacher au balcon,,0,,0.00,
arbre a chat pour adulte pas cher,,0,,0.00,
arbre a chat pour appartement,,0,,0.00,
arbre a chat pour british shorthair,,0,,0.00,
arbre a chat pour chartreux,,0,,0.00,
arbre a chat pour chat,,0,,0.00,
arbre a chat pour chat 5 kg,,0,,0.00,
arbre a chat pour chat 5 kilos,,0,,0.00,
arbre a chat pour chat adulte c discount,,0,,0.00,
arbre a chat pour chat adulte c discount france,,0,,0.00,
arbre a chat pour chat adulte cdiscount france,,0,,0.00,
arbre a chat pour chat adulte costaud,,0,,0.00,
arbre a chat pour chat adulte de 5 kg,,0,,0.00,
arbre a chat pour chat age,,0,,0.00,
arbre a chat pour chat agé,,0,,0.00,
arbre a chat pour chat de 10 kgs,,0,,0.00,
arbre a chat pour chat de 7 kg,,0,,0.00,
arbre a chat pour chat dee 10 ans,,0,,0.00,
arbre a chat pour chat lourd marque trixie,,0,,0.00,
arbre a chat pour chat norvegien,,0,,0.00,
arbre a chat pour chat xxl,,0,,0.00,
arbre a chat pour chatons,,0,,0.00,
arbre a chat pour chats lourds,,0,,0.00,
arbre a chat pour chinchilla,,0,,0.00,
arbre a chat pour coin,,0,,0.00,
arbre a chat pour dehors,,0,,0.00,
arbre a chat pour deux,,0,,0.00,
arbre a chat pour enclos,,0,,0.00,
arbre a chat pour espace confiné,,0,,0.00,
arbre a chat pour europeen,,0,,0.00,
arbre a chat pour ext2rieur,,0,,0.00,
arbre a chat pour exterieur jardin,,0,,0.00,
arbre a chat pour faire ses griffes,,0,,0.00,
arbre a chat pour furet,,0,,0.00,
arbre a chat pour grand chat bordeaux,,0,,0.00,
arbre a chat pour grimper,,0,,0.00,
arbre a chat pour gros cha,,0,,0.00,
arbre a chat pour gros chat beige,,0,,0.00,
arbre a chat pour gros chat cdiscount,,0,,0.00,
arbre a chat pour gros chat maine coon,,0,,0.00,
arbre a chat pour gros chat marque ebi,,0,,0.00,
arbre a chat pour gros chat soldes,,0,,0.00,
arbre a chat pour gros gabarit,,0,,0.00,
arbre a chat pour gros gabarit soldes,,0,,0.00,
arbre a chat pour grs chat,,0,,0.00,
arbre a chat pour hauteur fenetre,,0,,0.00,
arbre a chat pour homme,,0,,0.00,
arbre a chat pour interieur vintage,,0,,0.00,
arbre a chat pour l extérieur,,0,,0.12,
arbre a chat pour lapin nain,,0,,0.00,
arbre a chat pour lextérieur,,0,,0.00,
arbre a chat pour maiain conn black friday,,0,,0.00,
arbre a chat pour main coon adulte,,0,,0.24,
arbre a chat pour main coon pas cher,,0,,0.00,
arbre a chat pour maincoon,,0,,0.00,
arbre a chat pour maine coon a faire soi meme,,0,,0.00,
arbre a chat pour maine coon avis,,0,,0.00,
arbre a chat pour maine coon zooplus,,0,,0.00,
arbre a chat pour mainecoon,,0,,0.00,
arbre a chat pour manger,,0,,0.00,
arbre a chat pour mette dans un coin,,0,,0.00,
arbre a chat pour obese,,0,,0.00,
arbre a chat pour petits espace,,0,,0.00,
arbre a chat pour peu de place,,0,,0.00,
arbre a chat pour plus de 7 kg,,0,,0.00,
arbre a chat pour poser litiere deqsus,,0,,0.00,
arbre a chat pour poser litiere dessus,,0,,0.00,
arbre a chat pour radgoll,,0,,0.00,
arbre a chat pour sacre de birmanie,,0,,0.00,
arbre a chat pour se faire c'est griffe,,0,,0.00,
arbre a chat pour senior grand coussin,,0,,0.00,
arbre a chat pour senior grand coussin zoopl,,0,,0.00,
arbre a chat pour siberien,,0,,0.00,
arbre a chat pour sweet home 3d,,0,,0.00,
arbre a chat pour terrasse,,0,,0.00,
arbre a chat pour terrasse appartement,,0,,0.00,
arbre a chat pour tres grand chat,,0,,0.00,
arbre a chat pour un chat pas cher,,0,,0.00,
arbre a chat pour un chien,,0,,0.00,
arbre a chat pourquoi,,0,,0.00,
arbre a chat pparu vendu aube,,0,,0.00,
arbre a chat ppour gros chat,,0,,0.00,
arbre a chat prairie,,0,,0.00,
arbre a chat premier prix,,0,,0.00,
arbre a chat premium xl,,0,,0.00,
arbre a chat prenium,,0,,0.00,
arbre a chat price minister,,0,,0.00,
arbre a chat priceminister,,0,,0.00,
arbre a chat pricesse,,0,,0.00,
arbre a chat prix bas,,0,,0.00,
arbre a chat prix discount,,0,,0.00,
arbre a chat prix leclerc,,0,,0.00,
arbre a chat prix maroc,,0,,0.00,
arbre a chat prix maxi zoo,,0,,0.00,
arbre a chat pro,,0,,0.00,
arbre a chat procès chatte,,0,,0.00,
arbre a chat prodiges,,0,,0.00,
arbre a chat produit,,0,,0.00,
arbre a chat promo carrefour,,0,,0.00,
arbre a chat promo joom,,0,,0.00,
arbre a chat promo joom prix,,0,,0.00,
arbre a chat promo leclerc prix,,0,,0.00,
arbre a chat promo zoomalia,,0,,0.00,
arbre a chat promotions,,0,,0.00,
arbre a chat proo,,0,,0.00,
arbre a chat provins,,0,,0.00,
arbre a chat prox,,0,,0.00,
arbre a chat ps cher,,0,,0.00,
arbre a chat ptc90,,0,,0.00,
arbre a chat ptrixie,,0,,0.00,
arbre a chat punky,,0,,0.00,
arbre a chat pure family,,0,,0.00,
arbre a chat qmazon,,0,,0.00,
arbre a chat qualiré,,0,,0.00,
arbre a chat qualite,,0,,0.44,
arbre a chat qualié,,0,,0.00,
arbre a chat que choisir,,0,,0.00,
arbre a chat quetigny,,0,,0.00,
arbre a chat qui bouge,,0,,0.00,
arbre a chat qui pue,,0,,0.00,
arbre a chat qui ressemble a un arbre,,0,,0.00,
arbre a chat qui s accroche au mur,,0,,0.00,
arbre a chat qui s'accroche a la porte,,0,,0.00,
arbre a chat qui touche le plafond,,0,,0.00,
arbre a chat r qualité,,0,,0.00,
arbre a chat r r qualité,,0,,0.00,
arbre a chat radiateur sans fixation,,0,,0.00,
arbre a chat raduiateur,,0,,0.00,
arbre a chat rat,,0,,0.00,
arbre a chat rayma,,0,,0.00,
arbre a chat realisation,,0,,0.00,
arbre a chat rechange,,0,,0.00,
arbre a chat rechange 80 cm,,0,,0.00,
arbre a chat rechange 80cm,,0,,0.00,
arbre a chat reconditionné,,0,,0.00,
arbre a chat recyclage,,0,,0.00,
arbre a chat ref 201557,,0,,0.00,
arbre a chat ref 504103,,0,,0.00,
arbre a chat reference 2h 0015lq,,0,,0.00,
arbre a chat reglement paypal,,0,,0.00,
arbre a chat reims,,0,,0.00,
arbre a chat remarquable,,0,,0.00,
arbre a chat renforcé songsmix,,0,,0.00,
arbre a chat reparer sisal,,0,,0.00,
arbre a chat residence,,0,,0.00,
arbre a chat residence 0a21558,,0,,0.00,
arbre a chat residence 98 cm,,0,,0.00,
arbre a chat residence c 0a21558,,0,,0.00,
arbre a chat resistance,,0,,0.00,
arbre a chat resistant,,0,,0.28,
arbre a chat resize 2,,0,,0.00,
arbre a chat resize 2 doctissimo,,0,,0.00,
arbre a chat resort plafond,,0,,0.00,
arbre a chat ressort,,0,,0.00,
arbre a chat ressort plafond,,0,,0.00,
arbre a chat retro,,0,,0.00,
arbre a chat revetement,,0,,0.00,
arbre a chat rezee,,0,,0.00,
arbre a chat rhiqualit,,0,,0.00,
arbre a chat rhr quality cdiscount,,0,,0.00,
arbre a chat rhr quality main coon cdiscount,,0,,0.00,
arbre a chat rhr quality rhr315,,0,,0.00,
arbre a chat rhr qualité.com,,0,,0.00,
arbre a chat rhrquality avis,,0,,0.00,
arbre a chat rhrquality cdiscount,,0,,0.00,
arbre a chat rhrquality main coon cdiscount,,0,,0.00,
arbre a chat rhru qualité.com,,0,,0.00,
arbre a chat ridiculise,,0,,0.00,
arbre a chat riga auchan,,0,,0.00,
arbre a chat rigolos,,0,,0.00,
arbre a chat rn bois,,0,,0.00,
arbre a chat roasted beans creative blend,,0,,0.00,
arbre a chat robert,,0,,0.00,
arbre a chat robin des bois,,0,,0.00,
arbre a chat rock n roll,,0,,0.00,
arbre a chat rock western inn,,0,,0.00,
arbre a chat roe,,0,,0.00,
arbre a chat roja,,0,,0.00,
arbre a chat roja de trixie,,0,,0.00,
arbre a chat romantique,,0,,0.00,
arbre a chat romantique caisse a vin,,0,,0.00,
arbre a chat romantique shabby chic,,0,,0.00,
arbre a chat romd,,0,,0.00,
arbre a chat rond design amazon,,0,,0.00,
arbre a chat rond en bois,,0,,0.00,
arbre a chat rond et large,,0,,0.00,
arbre a chat rond pas cher,,0,,0.00,
arbre a chat rondin,,0,,0.00,
arbre a chat rondin de bois,,0,,0.00,
arbre a chat rose et gris,,0,,0.00,
arbre a chat rose et noir,,0,,0.00,
arbre a chat rose fushia,,0,,0.00,
arbre a chat rose geant,,0,,0.00,
arbre a chat rose gifi,,0,,0.00,
arbre a chat rose la foir fouille,,0,,0.00,
arbre a chat rose sisal,,0,,0.00,
arbre a chat rotin marron,,0,,0.00,
arbre a chat rotin pas cher,,0,,0.00,
arbre a chat rotterdan,,0,,0.00,
arbre a chat roue et noir,,0,,0.00,
arbre a chat rouge amazon,,0,,0.00,
arbre a chat rouge cdiscount,,0,,0.00,
arbre a chat rouge et beige,,0,,0.00,
arbre a chat rouge et blanc,,0,,0.00,
arbre a chat rouge et gris,,0,,0.00,
arbre a chat rouge hamac,,0,,0.00,
arbre a chat rouge leshp,,0,,0.00,
arbre a chat rouge rose,,0,,0.00,
arbre a chat rouge rose hamac,,0,,0.00,
arbre a chat rouleau,,0,,0.00,
arbre a chat rouleau de cisal,,0,,0.00,
arbre a chat royal,,0,,0.00,
arbre a chat royal palace,,0,,0.00,
arbre a chat royal silver,,0,,0.00,
arbre a chat royal woods,,0,,0.00,
arbre a chat royalty plus,,0,,0.00,
arbre a chat roypet,,0,,0.00,
arbre a chat rrixie,,0,,0.00,
arbre a chat rubin,,0,,0.00,
arbre a chat rubuxte,,0,,0.00,
arbre a chat rue du commerce,,0,,0.00,
arbre a chat runesol,,0,,0.00,
arbre a chat réponse,,0,,0.00,
arbre a chat résine,,0,,0.00,
arbre a chat résine nature,,0,,0.00,
arbre a chat résistant,,0,,0.00,
arbre a chat s,,0,,0.00,
arbre a chat sac hamac,,0,,0.00,
arbre a chat safari,,0,,0.00,
arbre a chat saffron,,0,,0.00,
arbre a chat saguenay,,0,,0.00,
arbre a chat saint andre des eaux,,0,,0.00,
arbre a chat saint bernard,,0,,0.00,
arbre a chat saint bernard prix,,0,,0.00,
arbre a chat saint clair de la tour,,0,,0.00,
arbre a chat saint etienne,,0,,0.00,
arbre a chat saint nazaire,,0,,0.00,
arbre a chat sale,,0,,0.00,
arbre a chat salem,,0,,0.00,
arbre a chat salle d'attente vétérinaire,,0,,0.00,
arbre a chat saltato,,0,,0.00,
arbre a chat samy,,0,,0.00,
arbre a chat san fernando,,0,,0.00,
arbre a chat sanders,,0,,0.00,
arbre a chat sans echelle,,0,,0.00,
arbre a chat sans fixatiin,,0,,0.00,
arbre a chat sans fixation,,0,,0.00,
arbre a chat sans fourrure site lyon,,0,,0.00,
arbre a chat sans grotte,,0,,0.00,
arbre a chat sans niche,,0,,0.00,
arbre a chat sans tissus,,0,,0.00,
arbre a chat sapin de noel action,,0,,0.00,
arbre a chat sasu,,0,,0.00,
arbre a chat sasu paris,,0,,0.00,
arbre a chat sasu rue d'alleray,,0,,0.00,
arbre a chat sauvage,,0,,0.00,
arbre a chat saveri,,0,,0.00,
arbre a chat savon noir,,0,,0.00,
arbre a chat sbe 932 francais,,0,,0.00,
arbre a chat scandy,,0,,0.00,
arbre a chat scandy xl,,0,,0.00,
arbre a chat scraper,,0,,0.00,
arbre a chat scratchers dream,,0,,0.00,
arbre a chat sculpture,,0,,0.00,
arbre a chat se paul les dax,,0,,0.00,
arbre a chat secteur bayeux,,0,,0.00,
arbre a chat seigneur des anneaux,,0,,0.00,
arbre a chat sellier,,0,,0.00,
arbre a chat sellier corde,,0,,0.00,
arbre a chat selon la taille du chat,,0,,0.00,
arbre a chat sergio,,0,,0.00,
arbre a chat seulement avec bois,,0,,0.00,
arbre a chat shabby,,0,,0.00,
arbre a chat shabby chic,,0,,0.00,
arbre a chat shabby chic prix,,0,,0.00,
arbre a chat sherbrooke,,0,,0.00,
arbre a chat shop,,0,,0.00,
arbre a chat showroom,,0,,0.00,
arbre a chat silide poue deux chats,,0,,0.00,
arbre a chat silvia,,0,,0.00,
arbre a chat silvia couleur,,0,,0.00,
arbre a chat silvia ginisky,,0,,0.00,
arbre a chat silvia gizinski,,0,,0.00,
arbre a chat silvia tec take,,0,,0.00,
arbre a chat silvia tectake,,0,,0.00,
arbre a chat simona,,0,,0.00,
arbre a chat simple 130 cm,,0,,0.00,
arbre a chat simple 2 plateforma,,0,,0.00,
arbre a chat simple bazarland,,0,,0.00,
arbre a chat simple entretien,,0,,0.00,
arbre a chat simple entretien avec hamac,,0,,0.00,
arbre a chat simple et solide pour gros chat,,0,,0.00,
arbre a chat simple prix,,0,,0.00,
arbre a chat simple trixie,,0,,0.00,
arbre a chat sippi,,0,,0.00,
arbre a chat sippy,,0,,0.00,
arbre a chat sisal 11mm,,0,,0.00,
arbre a chat sisal centrakor,,0,,0.00,
arbre a chat sisal naturel,,0,,0.00,
arbre a chat sisal noir,,0,,0.00,
arbre a chat sisasal adulte,,0,,0.00,
arbre a chat site,,0,,0.00,
arbre a chat site animalier,,0,,0.00,
arbre a chat site bricomarche.com,,0,,0.00,
arbre a chat site cato,,0,,0.00,
arbre a chat site fr,,0,,0.00,
arbre a chat site gammvert.fr,,0,,0.00,
arbre a chat site gifi.fr,,0,,0.00,
arbre a chat site jardiland.com,,0,,0.00,
arbre a chat site magasin,,0,,0.00,
arbre a chat site magazin,,0,,0.00,
arbre a chat site numero 1,,0,,0.00,
arbre a chat site rueducommerce.fr,,0,,0.00,
arbre a chat site zooplus.fr,,0,,0.00,
arbre a chat skyline 185,,0,,0.00,
arbre a chat skyline 185 pet rebels,,0,,0.00,
arbre a chat skyline 185 petrebels,,0,,0.00,
arbre a chat smaragd,,0,,0.00,
arbre a chat smooz aac fuji,,0,,0.00,
arbre a chat sobre,,0,,0.00,
arbre a chat sodipar,,0,,0.00,
arbre a chat sodipar rethel,,0,,0.00,
arbre a chat sofa,,0,,0.00,
arbre a chat sogmics,,0,,0.00,
arbre a chat sol au plafond mano mano,,0,,0.00,
arbre a chat sol au plafond manomano,,0,,0.00,
arbre a chat sol et mur,,0,,0.00,
arbre a chat sol plafond 240 260,,0,,0.00,
arbre a chat sol plafond sans trou,,0,,0.00,
arbre a chat soldd,,0,,0.00,
arbre a chat solde gifi,,0,,0.00,
arbre a chat solde tres grand,,0,,0.00,
arbre a chat solder,,0,,0.00,
arbre a chat soldes gifi,,0,,0.00,
arbre a chat soldé,,0,,0.22,
arbre a chat soldé hauteur1.80 m,,0,,0.00,
arbre a chat solidde,,0,,0.00,
arbre a chat solide amazon,,0,,0.00,
arbre a chat solide avis,,0,,0.00,
arbre a chat solide bois,,0,,0.16,
arbre a chat solide cdiscount,,0,,0.00,
arbre a chat solide en bois et peu encombrant,,0,,0.00,
arbre a chat solide en bois rt peu encombrant,,0,,0.00,
arbre a chat solide en solde,,0,,0.00,
arbre a chat solide et beau,,0,,0.00,
arbre a chat solide et de bonnes qualite,,0,,0.00,
arbre a chat solide et esthetique,,0,,0.00,
arbre a chat solide et stable en osier,,0,,0.00,
arbre a chat solide et stable trackid sp-006,,0,,0.00,
arbre a chat solide hans,,0,,0.00,
arbre a chat solide maine coon simple d'1m70,,0,,0.00,
arbre a chat solide marcel,,0,,0.00,
arbre a chat solide paiement par paypal,,0,,0.00,
arbre a chat solide poue deux chats,,0,,0.00,
arbre a chat solide pour gros chat,,0,,0.17,
arbre a chat solide robuste pour chat tres joueur,,0,,0.00,
arbre a chat solidr,,0,,0.00,
arbre a chat songmics 140 cm,,0,,0.00,
arbre a chat songmics 154,,0,,0.00,
arbre a chat songmics amazon,,0,,0.00,
arbre a chat songmics avis,,0,,0.00,
arbre a chat songmics design,,0,,0.00,
arbre a chat songmics feandrea,,0,,0.00,
arbre a chat songmics pct 86g,,0,,0.00,
arbre a chat songmics pct83g,,0,,0.00,
arbre a chat songmics pct86g,,0,,0.00,
arbre a chat songmics pct86g promotion,,0,,0.00,
arbre a chat songmics pct86m,,0,,0.00,
arbre a chat sonotube,,0,,0.00,
arbre a chat sophie,,0,,0.00,
arbre a chat sophie i kerbi,,0,,0.00,
arbre a chat souche de bois,,0,,0.00,
arbre a chat souris prix,,0,,0.00,
arbre a chat sous escalier,,0,,0.00,
arbre a chat sous mansarde,,0,,0.00,
arbre a chat sous pente,,0,,0.00,
arbre a chat spa dijon,,0,,0.00,
arbre a chat special camping car,,0,,0.00,
arbre a chat special chaton,,0,,0.00,
arbre a chat special coon,,0,,0.00,
arbre a chat special grands chats,,0,,0.00,
arbre a chat special main coon,,0,,0.00,
arbre a chat special maine coon bitiba,,0,,0.00,
arbre a chat spectaculaire,,0,,0.00,
arbre a chat sphynx,,0,,0.00,
arbre a chat spécial gros chats,,0,,0.00,
arbre a chat spécial main coon,,0,,0.00,
arbre a chat squeezie,,0,,0.00,
arbre a chat stable maine coon,,0,,0.00,
arbre a chat stockley,,0,,0.00,
arbre a chat stokomani caen,,0,,0.00,
arbre a chat stolmen,,0,,0.00,
arbre a chat storaddict,,0,,0.00,
arbre a chat structure en metal,,0,,0.00,
arbre a chat style animaux,,0,,0.00,
arbre a chat style avec des palmiers,,0,,0.00,
arbre a chat style colonial,,0,,0.00,
arbre a chat suedois,,0,,0.00,
arbre a chat sunny,,0,,0.00,
arbre a chat sunny anione,,0,,0.00,
arbre a chat super crack,,0,,0.00,
arbre a chat super minou,,0,,0.00,
arbre a chat super resistant,,0,,0.00,
arbre a chat sur amazonr prime,,0,,0.00,
arbre a chat sur barre centrale métallique,,0,,0.00,
arbre a chat sur cdiscount,,0,,0.00,
arbre a chat sur ebay belgique,,0,,0.00,
arbre a chat sur facture,,0,,0.00,
arbre a chat sur le bon coin centre,,0,,0.00,
arbre a chat sur le bon coin loiret,,0,,0.00,
arbre a chat sur les murs maison,,0,,0.00,
arbre a chat sur mesure suisse,,0,,0.00,
arbre a chat sur pied,,0,,0.00,
arbre a chat sur pilier,,0,,0.00,
arbre a chat sur pilotis,,0,,0.00,
arbre a chat sur wish,,0,,0.00,
arbre a chat surface repos,,0,,0.00,
arbre a chat surgeres,,0,,0.00,
arbre a chat suspendue,,0,,0.00,
arbre a chat suzanna,,0,,0.00,
arbre a chat sylvia,,0,,0.00,
arbre a chat sylvia noir,,0,,0.00,
arbre a chat sylvio design rouge,,0,,0.00,
arbre a chat synonyme,,0,,0.00,
arbre a chat syper minou,,0,,0.00,
arbre a chat table de nuit,,0,,0.00,
arbre a chat tadeco,,0,,0.00,
arbre a chat taiga,,0,,0.00,
arbre a chat taille humaine,,0,,0.00,
arbre a chat taille minimum,,0,,0.00,
arbre a chat taille xxl,,0,,0.00,
arbre a chat taluta,,0,,0.00,
arbre a chat taniere d'ours comparatif,,0,,0.00,
arbre a chat taniere d'ours comparatif le moins cher,,0,,0.00,
arbre a chat tanière d'ours,,0,,0.00,
arbre a chat tank,,0,,0.00,
arbre a chat tanniere d'ours,,0,,0.00,
arbre a chat tanniere d'ours gris,,0,,0.00,
arbre a chat tarbes,,0,,0.00,
arbre a chat tardifs plan,,0,,0.00,
arbre a chat tardis,,0,,0.00,
arbre a chat tardis pinterest,,0,,0.00,
arbre a chat tardis plan,,0,,0.00,
arbre a chat tardis plan de construction,,0,,0.00,
arbre a chat tarifs,,0,,0.00,
arbre a chat tasseaux,,0,,0.00,
arbre a chat tati,,0,,0.00,
arbre a chat tec take,,0,,0.00,
arbre a chat teck,,0,,0.24,
arbre a chat teckake,,0,,0.00,
arbre a chat tecktake,,0,,0.00,
arbre a chat tectake avis m,,0,,0.00,
arbre a chat tectake duki,,0,,0.00,
arbre a chat tectake minka,,0,,0.00,
arbre a chat tectake nelly,,0,,0.00,
arbre a chat tectake prix,,0,,0.00,
arbre a chat teddy,,0,,0.00,
arbre a chat teddygr,,0,,0.00,
arbre a chat teixie,,0,,0.00,
arbre a chat tek,,0,,0.00,
arbre a chat tekari,,0,,0.00,
arbre a chat teki,,0,,0.00,
arbre a chat tekki,,0,,0.00,
arbre a chat temu avis,,0,,0.00,
arbre a chat terrasse,,0,,0.00,
arbre a chat test et avis,,0,,0.00,
arbre a chat tete de chat,,0,,0.00,
arbre a chat tete de lion,,0,,0.00,
arbre a chat tete de mort,,0,,0.00,
arbre a chat texier,,0,,0.00,
arbre a chat the catoff,,0,,0.00,
arbre a chat the doterra,,0,,0.00,
arbre a chat the one,,0,,0.00,
arbre a chat thiais village,,0,,0.00,
arbre a chat thionville,,0,,0.00,
arbre a chat thonon,,0,,0.00,
arbre a chat thorben pas cher,,0,,0.00,
arbre a chat tiago,,0,,0.00,
arbre a chat tictac,,0,,0.00,
arbre a chat tiffy,,0,,0.00,
arbre a chat tiga,,0,,0.00,
arbre a chat tiger's place,,0,,0.00,
arbre a chat tigger's,,0,,0.00,
arbre a chat tigre geant,,0,,0.00,
arbre a chat timeo,,0,,0.00,
arbre a chat timéo,,0,,0.00,
arbre a chat timéo caractéristique,,0,,0.00,
arbre a chat timéo caractéristique dimension,,0,,0.00,
arbre a chat timéo carateristique,,0,,0.00,
arbre a chat timéo hauteur,,0,,0.00,
arbre a chat timéo hauteur largeur,,0,,0.00,
arbre a chat timéo hauteur largeur longueur,,0,,0.00,
arbre a chat timéo taille,,0,,0.00,
arbre a chat tipie,,0,,0.00,
arbre a chat tiragami,,0,,0.00,
arbre a chat tiragami nope,,0,,0.00,
arbre a chat tissu lisse,,0,,0.00,
arbre a chat titanic,,0,,0.00,
arbre a chat titicatz,,0,,0.00,
arbre a chat tivcrea gris bleu et blanc,,0,,0.00,
arbre a chat tixie,,0,,0.00,
arbre a chat tl solde,,0,,0.00,
arbre a chat todeco,,0,,0.00,
arbre a chat todeco 100c,,0,,0.00,
arbre a chat todeco 100cm,,0,,0.00,
arbre a chat todeco paypal,,0,,0.00,
arbre a chat toile de jute,,0,,0.00,
arbre a chat tom co saint herblain,,0,,0.00,
arbre a chat tommy,,0,,0.00,
arbre a chat tommy amazon,,0,,0.00,
arbre a chat tonneau gifi,,0,,0.00,
arbre a chat tonneau sisal,,0,,0.00,
arbre a chat tonneau à pied,,0,,0.00,
arbre a chat top,,0,,0.00,
arbre a chat top 10,,0,,0.00,
arbre a chat top marque,,0,,0.00,
arbre a chat top site,,0,,0.00,
arbre a chat totem,,0,,0.00,
arbre a chat totoro,,0,,0.00,
arbre a chat toul,,0,,0.00,
arbre a chat toulon,,0,,0.00,
arbre a chat tour 175,,0,,0.00,
arbre a chat tour 1m80,,0,,0.00,
arbre a chat tour a griffer trixie,,0,,0.00,
arbre a chat tour carree,,0,,0.00,
arbre a chat tour cdiscount,,0,,0.00,
arbre a chat tour de garde,,0,,0.00,
arbre a chat tour de un metre de haut,,0,,0.00,
arbre a chat tour eiffel,,0,,0.00,
arbre a chat tour et plateforme,,0,,0.00,
arbre a chat tour geant,,0,,0.00,
arbre a chat tour marron,,0,,0.00,
arbre a chat tour pas cher,,0,,0.00,
arbre a chat tour sisal,,0,,0.00,
arbre a chat tourcoing,,0,,0.00,
arbre a chat touret de cable,,0,,0.00,
arbre a chat tournai,,0,,0.00,
arbre a chat tourniquet,,0,,0.00,
arbre a chat tourville,,0,,0.00,
arbre a chat tout doux,,0,,0.00,
arbre a chat tower carrefour,,0,,0.00,
arbre a chat trackid sp 006,,0,,0.00,
arbre a chat traduction,,0,,0.00,
arbre a chat traduction allemand,,0,,0.00,
arbre a chat traduction anglais,,0,,0.00,
arbre a chat traduction en espagnol,,0,,0.00,
arbre a chat trafic 2018,,0,,0.00,
arbre a chat trafic 2019,,0,,0.00,
arbre a chat trafic 2020,,0,,0.00,
arbre a chat train ou chateau,,0,,0.00,
arbre a chat transparent,,0,,0.00,
arbre a chat transportable,,0,,0.00,
arbre a chat trefle vert,,0,,0.00,
arbre a chat trend palm,,0,,0.00,
arbre a chat tres beaux,,0,,0.00,
arbre a chat tres confort,,0,,0.00,
arbre a chat tres confortable,,0,,0.00,
arbre a chat tres grand et tres solide,,0,,0.00,
arbre a chat tres h,,0,,0.00,
arbre a chat tres haut beige,,0,,0.00,
arbre a chat tres resistant,,0,,0.00,
arbre a chat tres solide et grand,,0,,0.00,
arbre a chat tres stable et resistant,,0,,0.00,
arbre a chat tres stable et resistant pour grand chat,,0,,0.00,
arbre a chat tres stable hauteur 1.20 m,,0,,0.00,
arbre a chat tres stable hauteur 1.20 m animo,,0,,0.00,
arbre a chat tres stable hauteur 1.20 m maxi zoo,,0,,0.00,
arbre a chat tresse,,0,,0.00,
arbre a chat triangle clavier,,0,,0.00,
arbre a chat triga,,0,,0.00,
arbre a chat trisie,,0,,0.00,
arbre a chat trivit,,0,,0.00,
arbre a chat triwie,,0,,0.00,
arbre a chat trixi,,0,,0.00,
arbre a chat trixi marbela,,0,,0.00,
arbre a chat trixi marbella,,0,,0.00,
arbre a chat trixie 109 cm,,0,,0.00,
arbre a chat trixie 200cm,,0,,0.00,
arbre a chat trixie 43867,,0,,0.00,
arbre a chat trixie 80 cm,,0,,0.00,
arbre a chat trixie abele,,0,,0.00,
arbre a chat trixie adiva,,0,,0.00,
arbre a chat trixie alicante,,0,,0.00,
arbre a chat trixie amadeus,,0,,0.00,
arbre a chat trixie ava,,0,,0.00,
arbre a chat trixie be nordic,,0,,0.00,
arbre a chat trixie black friday,,0,,0.00,
arbre a chat trixie carlos,,0,,0.00,
arbre a chat trixie cat select,,0,,0.00,
arbre a chat trixie elia,,0,,0.00,
arbre a chat trixie elsa,,0,,0.00,
arbre a chat trixie emil,,0,,0.00,
arbre a chat trixie en bois,,0,,0.00,
arbre a chat trixie en kit,,0,,0.00,
arbre a chat trixie eneas,,0,,0.00,
arbre a chat trixie eneas avis,,0,,0.00,
arbre a chat trixie espejos,,0,,0.00,
arbre a chat trixie falcon,,0,,0.00,
arbre a chat trixie falo,,0,,0.00,
arbre a chat trixie federico,,0,,0.00,
arbre a chat trixie geant,,0,,0.00,
arbre a chat trixie giada,,0,,0.00,
arbre a chat trixie gris,,0,,0.00,
arbre a chat trixie hamac,,0,,0.00,
arbre a chat trixie jade,,0,,0.00,
arbre a chat trixie jade pro,,0,,0.00,
arbre a chat trixie jorge,,0,,0.00,
arbre a chat trixie jorje,,0,,0.00,
arbre a chat trixie julio,,0,,0.00,
arbre a chat trixie krasbaumes,,0,,0.00,
arbre a chat trixie kratzbaum,,0,,0.00,
arbre a chat trixie lavinia,,0,,0.00,
arbre a chat trixie lavinia jardiland,,0,,0.00,
arbre a chat trixie leila,,0,,0.00,
arbre a chat trixie marcela,,0,,0.00,
arbre a chat trixie maria,,0,,0.00,
arbre a chat trixie maxi zoo,,0,,0.00,
arbre a chat trixie montage,,0,,0.00,
arbre a chat trixie nigelle,,0,,0.00,
arbre a chat trixie oviedo,,0,,0.00,
arbre a chat trixie pièces détachées pour,,0,,0.00,
arbre a chat trixie poteau 70cm,,0,,0.00,
arbre a chat trixie raul,,0,,0.00,
arbre a chat trixie rouge,,0,,0.00,
arbre a chat trixie réf 44437,,0,,0.00,
arbre a chat trixie tracks,,0,,0.00,
arbre a chat trixie triangulaire,,0,,0.00,
arbre a chat trixie wanimo,,0,,0.00,
arbre a chat trixie xxl pietro,,0,,0.00,
arbre a chat trixie zina,,0,,0.00,
arbre a chat trixie zita,,0,,0.00,
arbre a chat trixxie,,0,,0.00,
arbre a chat trois place,,0,,0.00,
arbre a chat trois place style osiuer,,0,,0.00,
arbre a chat trois place style osiur,,0,,0.00,
arbre a chat trois poteaux,,0,,0.00,
arbre a chat trois rivieres,,0,,0.00,
arbre a chat trois-rivieres,,0,,0.00,
arbre a chat tron 8,,0,,0.00,
arbre a chat tronc 10 cm,,0,,0.00,
arbre a chat tronc 11 cm,,0,,0.00,
arbre a chat tronc 12 cm,,0,,0.00,
arbre a chat tronc 15 cm,,0,,0.00,
arbre a chat tronc arbre,,0,,0.00,
arbre a chat tronc avec plateau,,0,,0.00,
arbre a chat tronc d arbre,,0,,0.00,
arbre a chat tronc d& 39,,0,,0.00,
arbre a chat tronc darbre,,0,,0.00,
arbre a chat tronc de bois massif de 10 cm,,0,,0.00,
arbre a chat tronc de bois massif de 10cm,,0,,0.00,
arbre a chat tronc de bois massif de cm,,0,,0.00,
arbre a chat tronc en bois,,0,,0.00,
arbre a chat tronc large,,0,,0.00,
arbre a chat tronc métal,,0,,0.00,
arbre a chat tronc naturel,,0,,0.00,
arbre a chat troncon,,0,,0.00,
arbre a chat trop petit,,0,,0.00,
arbre a chat trou au milieu,,0,,0.00,
arbre a chat troufault,,0,,0.00,
arbre a chat trufault,,0,,0.00,
arbre a chat trufaut,,0,,0.00,
arbre a chat truffaud,,0,,0.00,
arbre a chat truffault,,0,,0.00,
arbre a chat truffault farfouille,,0,,0.00,
arbre a chat truffault nantes,,0,,0.00,
arbre a chat truffaut longueau,,0,,0.00,
arbre a chat truffaut prix,,0,,0.00,
arbre a chat truffaut sait brice sous foret,,0,,0.00,
arbre a chat ts,,0,,0.00,
arbre a chat tube 2 etage,,0,,0.00,
arbre a chat tube de coffrage,,0,,0.00,
arbre a chat tube de rechange,,0,,0.00,
arbre a chat tube de rechange 39cm,,0,,0.00,
arbre a chat tube galvanise,,0,,0.00,
arbre a chat tube industrielle,,0,,0.00,
arbre a chat tube jardiland,,0,,0.00,
arbre a chat tube métalique,,0,,0.00,
arbre a chat tube métalique de chauffage,,0,,0.00,
arbre a chat tube traduction,,0,,0.00,
arbre a chat tube traduction anglais,,0,,0.00,
arbre a chat tubulaire,,0,,0.00,
arbre a chat tulipe,,0,,0.00,
arbre a chat tunel plateau 68 cm,,0,,0.00,
arbre a chat tunisie - tayara,,0,,0.00,
arbre a chat tunisie tayara,,0,,0.00,
arbre a chat tuyau griffoir,,0,,0.00,
arbre a chat tuyau tour,,0,,0.00,
arbre a chat type industriel,,0,,0.00,
arbre a chat tyrol,,0,,0.00,
arbre a chat ubaldi,,0,,0.00,
arbre a chat uk,,0,,0.00,
arbre a chat umi,,0,,0.00,
arbre a chat un metre de hauteur 100 cm,,0,,0.00,
arbre a chat un niveau,,0,,0.00,
arbre a chat un panier,,0,,0.00,
arbre a chat un peu costaud,,0,,0.00,
arbre a chat un seul plateau,,0,,0.00,
arbre a chat une passerelle,,0,,0.00,
arbre a chat unique facebook,,0,,0.00,
arbre a chat utile,,0,,0.00,
arbre a chat utile ou non,,0,,0.00,
arbre a chat v tour,,0,,0.00,
arbre a chat vadulte,,0,,0.00,
arbre a chat vague,,0,,0.00,
arbre a chat vajra,,0,,0.00,
arbre a chat valence,,0,,0.00,
arbre a chat valencia 60 40 116,,0,,0.00,
arbre a chat valise,,0,,0.00,
arbre a chat van cranenbroek,,0,,0.00,
arbre a chat vbase haute noyer,,0,,0.00,
arbre a chat veber,,0,,0.00,
arbre a chat vebster,,0,,0.00,
arbre a chat vedia,,0,,0.00,
arbre a chat veerle,,0,,0.00,
arbre a chat veerli,,0,,0.00,
arbre a chat vegetalis,,0,,0.00,
arbre a chat vendu aux expositions,,0,,0.00,
arbre a chat vendu en salon,,0,,0.00,
arbre a chat vente en ligne,,0,,0.00,
arbre a chat vente flash,,0,,0.00,
arbre a chat vente prive,,0,,0.00,
arbre a chat vente privee,,0,,0.00,
arbre a chat ventouze,,0,,0.00,
arbre a chat verger,,0,,0.00,
arbre a chat vergez,,0,,0.00,
arbre a chat vert cactus,,0,,0.00,
arbre a chat vert pomme,,0,,0.00,
arbre a chat vertical sans niche,,0,,0.00,
arbre a chat vespee,,0,,0.00,
arbre a chat vesper 120,,0,,0.00,
arbre a chat vesper 120 noyer,,0,,0.00,
arbre a chat vesper 1m50,,0,,0.00,
arbre a chat vesper avis,,0,,0.00,
arbre a chat vesper base noir,,0,,0.00,
arbre a chat vesper blanc,,0,,0.00,
arbre a chat vesper blanco,,0,,0.00,
arbre a chat vesper botanic,,0,,0.00,
arbre a chat vesper catit,,0,,0.00,
arbre a chat vesper design,,0,,0.00,
arbre a chat vesper double noir,,0,,0.00,
arbre a chat vesper double noyer,,0,,0.00,
arbre a chat vesper grand,,0,,0.00,
arbre a chat vesper grande taille,,0,,0.00,
arbre a chat vesper hagen,,0,,0.00,
arbre a chat vesper haut,,0,,0.00,
arbre a chat vesper haut noyer,,0,,0.00,
arbre a chat vesper haute,,0,,0.00,
arbre a chat vesper haute savoie,,0,,0.00,
arbre a chat vesper high,,0,,0.00,
arbre a chat vesper inbox,,0,,0.00,
arbre a chat vesper lounge,,0,,0.00,
arbre a chat vesper noir amazon,,0,,0.00,
arbre a chat vesper noir prix,,0,,0.00,
arbre a chat vesper noyer noir,,0,,0.00,
arbre a chat vesper occasion,,0,,0.00,
arbre a chat vesper pas cher,,0,,0.00,
arbre a chat vesper promo,,0,,0.00,
arbre a chat vesper rouge,,0,,0.00,
arbre a chat vesper solde,,0,,0.00,
arbre a chat vesper soldes,,0,,0.00,
arbre a chat vesper top,,0,,0.00,
arbre a chat vesper top noir,,0,,0.00,
arbre a chat vesper tour,,0,,0.00,
arbre a chat vesper truffaut,,0,,0.00,
arbre a chat vesper v,,0,,0.00,
arbre a chat vesper v base,,0,,0.00,
arbre a chat vesper v base haute noyer h120cm,,0,,0.00,
arbre a chat vesper v double noyer,,0,,0.00,
arbre a chat vesper v high,,0,,0.00,
arbre a chat vesper v tower,,0,,0.00,
arbre a chat vesper wanimo,,0,,0.00,
arbre a chat vesper zooplus,,0,,0.00,
arbre a chat vespert,,0,,0.00,
arbre a chat vidaxl 170142,,0,,0.00,
arbre a chat vidaxl 60 cm,,0,,0.00,
arbre a chat vidaxl 60cm,,0,,0.00,
arbre a chat vide,,0,,0.00,
arbre a chat video,,0,,0.00,
arbre a chat vie secrète des chats,,0,,0.00,
arbre a chat vilaverde,,0,,0.00,
arbre a chat villa air,,0,,0.00,
arbre a chat villa oak,,0,,0.00,
arbre a chat villa verde,,0,,0.00,
arbre a chat villa verde dimension 1 m 20,,0,,0.00,
arbre a chat villaoak,,0,,0.00,
arbre a chat villaverde pierry,,0,,0.00,
arbre a chat villaverde promotion,,0,,0.00,
arbre a chat villaverdé 30,,0,,0.00,
arbre a chat villeneuve d'ascq,,0,,0.00,
arbre a chat violet pas cher,,0,,0.00,
arbre a chat vision,,0,,0.00,
arbre a chat vitakraft,,0,,0.00,
arbre a chat vivastreet,,0,,0.00,
arbre a chat vrai,,0,,0.00,
arbre a chat vrai tronc,,0,,0.00,
arbre a chat vrai tronc d'arbre,,0,,0.00,
arbre a chat vraie branche,,0,,0.00,
arbre a chat vraie tronc,,0,,0.00,
arbre a chat vraies braches,,0,,0.00,
arbre a chat végétal,,0,,0.00,
arbre a chat wago,,0,,0.00,
arbre a chat walk discount,,0,,0.00,
arbre a chat walkdiscount,,0,,0.00,
arbre a chat walmart,,0,,0.00,
arbre a chat wamiz,,0,,0.00,
arbre a chat wattrelos leclerc,,0,,0.00,
arbre a chat wave,,0,,0.00,
arbre a chat wave medium beige,,0,,0.00,
arbre a chat wayfair,,0,,0.00,
arbre a chat whate tiger xxl,,0,,0.00,
arbre a chat wheel boo martin sellier,,0,,0.00,
arbre a chat white tiger xxl blanc,,0,,0.00,
arbre a chat whomes,,0,,0.00,
arbre a chat wiki,,0,,0.00,
arbre a chat wikipedia,,0,,0.00,
arbre a chat wildcat,,0,,0.00,
arbre a chat wildcat gris,,0,,0.00,
arbre a chat wildcat gris taille,,0,,0.00,
arbre a chat willow,,0,,0.00,
arbre a chat winterfell,,0,,0.00,
arbre a chat wish avis,,0,,0.00,
arbre a chat woopy,,0,,0.00,
arbre a chat woopy 1 etage,,0,,0.00,
arbre a chat x,,0,,0.00,
arbre a chat xanthos,,0,,0.00,
arbre a chat xanthos piece detachée,,0,,0.00,
arbre a chat xl avec hamac,,0,,0.00,
arbre a chat xl bois zooplus,,0,,0.00,
arbre a chat xl cdiscount,,0,,0.00,
arbre a chat xl la foirfouille 28200,,0,,0.00,
arbre a chat xl main coon,,0,,0.00,
arbre a chat xl pas cher tres stable,,0,,0.00,
arbre a chat xl solde,,0,,0.00,
arbre a chat xlavec hamac,,0,,0.00,
arbre a chat xolux,,0,,0.00,
arbre a chat xxk,,0,,0.00,
arbre a chat xxl animalis,,0,,0.00,
arbre a chat xxl avec hamac,,0,,0.00,
arbre a chat xxl avec hamac 3,,0,,0.00,
arbre a chat xxl bleu,,0,,0.00,
arbre a chat xxl bois flotté,,0,,0.00,
arbre a chat xxl carlos,,0,,0.00,
arbre a chat xxl ebay,,0,,0.00,
arbre a chat xxl elevage,,0,,0.00,
arbre a chat xxl en bois,,0,,0.00,
arbre a chat xxl en promotion,,0,,0.00,
arbre a chat xxl feandrea,,0,,0.00,
arbre a chat xxl geant royalty,,0,,0.00,
arbre a chat xxl gris,,0,,0.00,
arbre a chat xxl gros chat,,0,,0.25,
arbre a chat xxl josepha,,0,,0.00,
arbre a chat xxl kratzbaum,,0,,0.00,
arbre a chat xxl kratzbaum candy,,0,,0.00,
arbre a chat xxl maicoon diy,,0,,0.00,
arbre a chat xxl maine coon a faire soi meme,,0,,0.00,
arbre a chat xxl maine coon bitiba,,0,,0.00,
arbre a chat xxl maine coon pas cher,,0,,0.00,
arbre a chat xxl marron foncé,,0,,0.00,
arbre a chat xxl maxi zoo,,0,,0.16,
arbre a chat xxl moins cher,,0,,0.00,
arbre a chat xxl more 4 cats,,0,,0.00,
arbre a chat xxl more cats,,0,,0.00,
arbre a chat xxl occasion,,0,,0.00,
arbre a chat xxl pain d'épices,,0,,0.00,
arbre a chat xxl pietro,,0,,0.00,
arbre a chat xxl plusieur chat,,0,,0.00,
arbre a chat xxl pour grand chat,,0,,0.00,
arbre a chat xxl pour maine coon pas cher,,0,,0.00,
arbre a chat xxl rhrquality,,0,,0.00,
arbre a chat xxl royalty,,0,,0.00,
arbre a chat xxl stable,,0,,0.00,
arbre a chat xxl tectaake beige,,0,,0.00,
arbre a chat xxl zita,,0,,0.00,
arbre a chat xxl zoomalia,,0,,0.00,
arbre a chat xxl à bas prix,,0,,0.00,
arbre a chat xxxxl,,0,,0.00,
arbre a chat yeti blanc,,0,,0.00,
arbre a chat yeti blanc sur le havre,,0,,0.00,
arbre a chat yeti blanc truffaut,,0,,0.00,
arbre a chat yeti grand max,,0,,0.00,
arbre a chat yeti master blanc,,0,,0.00,
arbre a chat yeti max,,0,,0.00,
arbre a chat yeti max blanc,,0,,0.00,
arbre a chat yeti zolux,,0,,0.00,
arbre a chat ylora,,0,,0.00,
arbre a chat you tube,,0,,0.00,
arbre a chat youpi,,0,,0.00,
arbre a chat youpi beige,,0,,0.00,
arbre a chat youpi ces'art beige,,0,,0.00,
arbre a chat youpi7,,0,,0.00,
arbre a chat ytonc,,0,,0.00,
arbre a chat zamibo,,0,,0.00,
arbre a chat zanimo,,0,,0.00,
arbre a chat zebra karlie,,0,,0.00,
arbre a chat ziigo,,0,,0.00,
arbre a chat zilinki,,0,,0.00,
arbre a chat zillinki,,0,,0.00,
arbre a chat zircoon,,0,,0.00,
arbre a chat zirkoon,,0,,0.00,
arbre a chat zita trixie,,0,,0.00,
arbre a chat zn.bois,,0,,0.00,
arbre a chat zodio,,0,,0.00,
arbre a chat zoelia,,0,,0.00,
arbre a chat zolai,,0,,0.00,
arbre a chat zolia chooki,,0,,0.00,
arbre a chat zolia divine,,0,,0.00,
arbre a chat zolia inaya,,0,,0.00,
arbre a chat zolia indra,,0,,0.00,
arbre a chat zolia iona 2,,0,,0.00,
arbre a chat zolia joy,,0,,0.00,
arbre a chat zolia kaila,,0,,0.00,
arbre a chat zolia kaili,,0,,0.00,
arbre a chat zolia kaili pas cher,,0,,0.00,
arbre a chat zolia lenny,,0,,0.00,
arbre a chat zolia liona 2,,0,,0.00,
arbre a chat zolia luna,,0,,0.00,
arbre a chat zolia melcoon,,0,,0.00,
arbre a chat zolia osier,,0,,0.00,
arbre a chat zolia taiga,,0,,0.00,
arbre a chat zolia titan,,0,,0.00,
arbre a chat zolia tyko,,0,,0.00,
arbre a chat zolia willis,,0,,0.00,
arbre a chat zolus,,0,,0.00,
arbre a chat zolux avis,,0,,0.00,
arbre a chat zolux beige,,0,,0.00,
arbre a chat zolux cat park,,0,,0.00,
arbre a chat zolux cat park 3,,0,,0.00,
arbre a chat zolux cube,,0,,0.00,
arbre a chat zolux duo,,0,,0.00,
arbre a chat zolux joker,,0,,0.00,
arbre a chat zolux kea,,0,,0.00,
arbre a chat zolux large,,0,,0.00,
arbre a chat zolux montana,,0,,0.00,
arbre a chat zolux myrtille,,0,,0.00,
arbre a chat zolux pas cher,,0,,0.00,
arbre a chat zolux prix,,0,,0.00,
arbre a chat zolux rose,,0,,0.00,
arbre a chat zolux scandy,,0,,0.00,
arbre a chat zolux trio,,0,,0.00,
arbre a chat zolux wave m,,0,,0.00,
arbre a chat zolux wonderful,,0,,0.00,
arbre a chat zolux ying yang,,0,,0.00,
arbre a chat zoo plis,,0,,0.00,
arbre a chat zoofari lidl,,0,,0.00,
arbre a chat zoolia colossus,,0,,0.00,
arbre a chat zoolus,,0,,0.00,
arbre a chat zoolux yeti max,,0,,0.00,
arbre a chat zoomania,,0,,0.00,
arbre a chat zooplu,,0,,0.00,
arbre a chat zooplus adulte,,0,,0.00,
arbre a chat zooplus adulte pas cher,,0,,0.00,
arbre a chat zooplus adulte pas cher 60cms,,0,,0.00,
arbre a chat zooplus beige,,0,,0.00,
arbre a chat zooplus beige paradise,,0,,0.00,
arbre a chat zooplus colonne,,0,,0.00,
arbre a chat zooplus sol plafond,,0,,0.00,
arbre a chat zooplus trackid sp-006,,0,,0.00,
arbre a chat zooplus.es,,0,,0.00,
arbre a chat zoopus,,0,,0.00,
arbre a chat à 1500 e,,0,,0.00,
arbre a chat à clipe,,0,,0.00,
arbre a chat à clipser,,0,,0.00,
arbre a chat à composer,,0,,0.00,
arbre a chat à faire soi-même,,0,,0.00,
arbre a chat à leclerc rennes,,0,,0.00,
arbre a chat à perpignan,,0,,0.00,
arbre a chat à plobsheim,,0,,0.00,
arbre a chat à redon,,0,,0.00,
arbre a chat à ventimilla,,0,,0.00,
arbre a chat é cubes,,0,,0.00,
arbre a chat ém,,0,,0.00,
arbre a chat épuré,,0,,0.00,
arbre a chat étirement,,0,,0.00,
arbre a chat étroit,,0,,0.00,
arbre a chat.grand t aille,,0,,0.00,
arbre a chat.mural,,0,,0.28,
arbre a chat.noir avec 2 niches,,0,,0.00,
arbre a chat.sku felix,,0,,0.00,
arbre a chat.tato,,0,,0.00,
arbre a chat.wiltec,,0,,0.00,
arbre a chat.zirtec,,0,,0.00,
arbre a chat.zyrtec,,0,,0.00,
arbre a chata chat,,0,,0.00,
arbre a chata donner,,0,,0.00,
arbre a chate,,0,,0.00,
arbre a chats 15eme paris,,0,,0.00,
arbre a chats 1m60 pas cher,,0,,0.00,
arbre a chats 2 niches,,0,,0.00,
arbre a chats 240 cm,,0,,0.00,
arbre a chats 39 euros,,0,,0.00,
arbre a chats a faire soi meme,,0,,0.00,
arbre a chats a faire soi meme pinterest,,0,,0.00,
arbre a chats action,,0,,0.18,
arbre a chats action aire sur la lys,,0,,0.00,
arbre a chats ali express,,0,,0.00,
arbre a chats amazon,,0,,0.09,
arbre a chats animalis ormesson,,0,,0.00,
arbre a chats art cats,,0,,0.00,
arbre a chats avec le ron et escalier,,0,,0.00,
arbre a chats avec ressors,,0,,0.00,
arbre a chats avec trou beige,,0,,0.00,
arbre a chats avis,,0,,0.00,
arbre a chats beige,,0,,0.00,
arbre a chats beige avec escalier,,0,,0.00,
arbre a chats beige avec escalier et le trou,,0,,0.00,
arbre a chats beige brioude,,0,,0.00,
arbre a chats beige escalier et trou photos,,0,,0.00,
arbre a chats beige photos,,0,,0.00,
arbre a chats bois massif,,0,,0.00,
arbre a chats bois sur mesure,,0,,0.00,
arbre a chats bora bora,,0,,0.00,
arbre a chats c discount,,0,,0.00,
arbre a chats cactus,,0,,0.22,
arbre a chats carrefour,,0,,0.00,
arbre a chats cat park 2,,0,,0.00,
arbre a chats cc discount,,0,,0.00,
arbre a chats cdiscount pas cher,,0,,0.00,
arbre a chats centrakor,,0,,0.00,
arbre a chats chatq,,0,,0.00,
arbre a chats chez botanic,,0,,0.00,
arbre a chats city zoo,,0,,0.00,
arbre a chats cityzoo,,0,,0.00,
arbre a chats cora ales,,0,,0.00,
arbre a chats d& 39,,0,,0.00,
arbre a chats d'occasion pas cher,,0,,0.00,
arbre a chats dans une classe,,0,,0.00,
arbre a chats denver,,0,,0.00,
arbre a chats devon rex 8718309313708,,0,,0.00,
arbre a chats devon rex ean 8718309313708,,0,,0.00,
arbre a chats devon rex ean 8718309313708 rhr quality,,0,,0.00,
arbre a chats devon rex ean 8718309313708 rhrquality moins cher,,0,,0.00,
arbre a chats diy,,0,,0.00,
arbre a chats drapaki rufi,,0,,0.00,
arbre a chats ebay,,0,,0.00,
arbre a chats ecru,,0,,0.00,
arbre a chats en carton,,0,,0.00,
arbre a chats en dessous escalier,,0,,0.00,
arbre a chats en osier,,0,,0.00,
arbre a chats en pin d epice,,0,,0.00,
arbre a chats en promotion,,0,,0.00,
arbre a chats en solde,,0,,0.00,
arbre a chats et jouiet pour chats,,0,,0.00,
arbre a chats et osier,,0,,0.00,
arbre a chats eugen trixie,,0,,0.00,
arbre a chats fantastique,,0,,0.00,
arbre a chats feandra,,0,,0.00,
arbre a chats ff14,,0,,0.00,
arbre a chats fleurs,,0,,0.00,
arbre a chats foire fouille,,0,,0.00,
arbre a chats gamvert,,0,,0.00,
arbre a chats geant,,0,,0.31,
arbre a chats geant chez zooplus,,0,,0.00,
arbre a chats gifi,,0,,0.29,
arbre a chats grand chat appartement,,0,,0.00,
arbre a chats grand plateau,,0,,0.00,
arbre a chats grands chats,,0,,0.00,
arbre a chats gratuit,,0,,0.00,
arbre a chats grimpa santos gris pas cher,,0,,0.00,
arbre a chats grimpoir santos,,0,,0.00,
arbre a chats gris environ 1 m 50 cm,,0,,0.00,
arbre a chats gros chat,,0,,0.00,
arbre a chats gros chats,,0,,0.00,
arbre a chats gros diametre,,0,,0.00,
arbre a chats gros.tronc,,0,,0.00,
arbre a chats haut,,0,,0.00,
arbre a chats ikea,,0,,0.00,
arbre a chats imitation arbre,,0,,0.00,
arbre a chats jive,,0,,0.00,
arbre a chats jive gris,,0,,0.00,
arbre a chats jive gris bon site,,0,,0.00,
arbre a chats jive gris foncé,,0,,0.00,
arbre a chats jive gris more,,0,,0.00,
arbre a chats julie,,0,,0.00,
arbre a chats kandy aire sur la lys,,0,,0.00,
arbre a chats katzen,,0,,0.00,
arbre a chats kerbl calais 70 cm,,0,,0.00,
arbre a chats la foire fouille,,0,,0.00,
arbre a chats le bon coin,,0,,0.00,
arbre a chats le bon coin perpignan,,0,,0.00,
arbre a chats lidl mouton,,0,,0.00,
arbre a chats livré sans frais de port,,0,,0.00,
arbre a chats magasin vert,,0,,0.00,
arbre a chats main coon,,0,,0.00,
arbre a chats maison paas trop chers,,0,,0.00,
arbre a chats manomano,,0,,0.00,
arbre a chats marcel,,0,,0.00,
arbre a chats marque more jive gris,,0,,0.00,
arbre a chats marron chez truffaut,,0,,0.00,
arbre a chats more jive gris,,0,,0.00,
arbre a chats mural ali express,,0,,0.00,
arbre a chats natural home v,,0,,0.00,
arbre a chats naturel,,0,,0.00,
arbre a chats naturelle,,0,,0.00,
arbre a chats nobby,,0,,0.00,
arbre a chats nobby gris,,0,,0.00,
arbre a chats original,,0,,0.00,
arbre a chats pa cher,,0,,0.00,
arbre a chats paiement 3 fois,,0,,0.00,
arbre a chats palettes,,0,,0.00,
arbre a chats pas chern sur pied,,0,,0.00,
arbre a chats pas chernsur pied,,0,,0.00,
arbre a chats pascha bontoy,,0,,0.00,
arbre a chats plafon sol,,0,,0.00,
arbre a chats plafond,,0,,0.25,
arbre a chats plafond sol,,0,,0.00,
arbre a chats playmobil,,0,,0.00,
arbre a chats playmobil prix neuf,,0,,0.00,
arbre a chats pour 2 chats,,0,,0.00,
arbre a chats pour 2 gros chats,,0,,0.00,
arbre a chats pour 2 gros chats vespers,,0,,0.00,
arbre a chats pour grand chats,,0,,0.00,
arbre a chats pour grand chats feandrea,,0,,0.00,
arbre a chats pour grands chats,,0,,0.00,
arbre a chats pour gros chat,,0,,0.00,
arbre a chats pour gros chats,,0,,0.00,
arbre a chats pour les gros chat,,0,,0.00,
arbre a chats pour mettre les gamelles,,0,,0.00,
arbre a chats promo,,0,,0.00,
arbre a chats promotions,,0,,0.00,
arbre a chats s conception,,0,,0.00,
arbre a chats sasu,,0,,0.00,
arbre a chats senior emil,,0,,0.00,
arbre a chats solde,,0,,0.00,
arbre a chats soldes,,0,,0.22,
arbre a chats solide,,0,,0.29,
arbre a chats solide gris,,0,,0.00,
arbre a chats sur amazon,,0,,0.00,
arbre a chats sur amazone,,0,,0.00,
arbre a chats sur mesure,,0,,0.00,
arbre a chats tours 98cm,,0,,0.00,
arbre a chats tout en bois,,0,,0.00,
arbre a chats trepied,,0,,0.00,
arbre a chats tres,,0,,0.00,
arbre a chats trè grands,,0,,0.00,
arbre a chats zoo plus,,0,,0.00,
arbre a chats zoo+,,0,,0.00,
arbre a chats zoomalia,,0,,0.00,
arbre a chats zooplus designe,,0,,0.00,
arbre a grand chat design,,0,,0.00,
arbre a grand chat maine coon,,0,,0.00,
arbre a grand chats,,0,,0.00,
arbre a griffe pour chat pas cher,,0,,0.00,
arbre a griffer pour les chats,,0,,0.00,
arbre a grimper chat,,0,,0.00,
arbre a gros chat amazon,,0,,0.00,
arbre a gros chat angle,,0,,0.00,
arbre a gros chat pas cher,,0,,0.00,
arbre a gros chats,,0,,0.00,
arbre a jeux pour chat,,0,,0.00,
arbre a kiwi et chat,,0,,0.00,
arbre a pain chat,,0,,0.00,
arbre a pain figeac chat,,0,,0.00,
arbre a pain pour chat,,0,,0.00,
arbre a papillon chat,,0,,0.00,
arbre a papillon poison chat,,0,,0.00,
arbre a papillon toxique chat,,0,,0.00,
arbre a papillon toxique ou pas pour les chats,,0,,0.00,
arbre a papillon toxite chat,,0,,0.00,
arbre a peau de chat,,0,,0.00,
arbre a poil a gratter pour chat,,0,,0.00,
arbre a poil chat,,0,,0.00,
arbre a singe plante toxique chat,,0,,0.00,
arbre a the coryza chat,,0,,0.00,
arbre a the et chat,,0,,0.00,
arbre a the huile essentielle pour chat anti puces,,0,,0.00,
arbre a the huille.essentiel chat,,0,,0.00,
arbre a the pour nettoyer mon chat,,0,,0.00,
arbre a the toxicité chat,,0,,0.00,
arbre a thé chat,,0,,0.00,
arbre a thé huile tea tree chat,,0,,0.00,
arbre a thé nettoyage et chat,,0,,0.00,
arbre a. chat pas cher,,0,,0.38,
arbre a.chat a linterieur ou a lexterieur,,0,,0.00,
arbre a.chat design,,0,,0.28,
arbre a.chat tube maison,,0,,0.00,
arbre a.chats grande taille,,0,,0.00,
arbre arbre a chat geek,,0,,0.00,
arbre bouleau arbre a chat a vendre 62,,0,,0.00,
arbre cabane a chat en bois,,0,,0.00,
arbre cache a chat petshop,,0,,0.00,
arbre chat 20 a 30 euros,,0,,0.00,
arbre chat 20 a 30 euros cdiscount,,0,,0.00,
arbre chat 20 a 30 euros occasion,,0,,0.00,
arbre de chat a 15 euros,,0,,0.00,
arbre de massage chat a cpra,,0,,0.00,
arbre de noel arbre a chat,,0,,0.00,
arbre fleuri a chat,,0,,0.00,
arbre griffes a chat,,0,,0.00,
arbre griffoir a chat,,0,,0.00,
arbre mort arbre a chat,,0,,0.00,
arbre mort pour faire un arbre a chat,,0,,0.00,
arbre naturel a chat,,0,,0.00,
arbre ou chat a fait ces griffe,,0,,0.00,
arbre ou hamac a chat,,0,,0.00,
arbre ou hamac a chat avis,,0,,0.00,
arbre pour chat a donner nimes,,0,,0.00,
arbre pour chat a donner trackid sp-006,,0,,0.00,
arbre pour chat a faire soi meme,,0,,0.00,
arbre pour chat a vendre maroc,,0,,0.00,
arbre pour griffe a chat,,0,,0.00,
arbre qui correspond a un chat,,0,,0.00,
arbre qui meurt a cause de lurine de chat,,0,,0.00,
arbre troncon a chat,,0,,0.00,
arbre z chat a partir d'une tringle,,0,,0.00,
arbre à chat a composer,,0,,0.00,
arbre à chat a fixer mur,,0,,0.00,
arbre à chat a gifi,,0,,0.00,
arbre à chat a maine coon,,0,,0.00,
arbre à chat a poser sur le mur,,0,,0.00,
arbre à chat a quel age,,0,,0.00,
arbre à chat aco a moins 30,,0,,0.00,
arbre à chat arbre a chat pas cher,,0,,0.00,
arbre à chat asser haut a moins 30 sur amazon,,0,,0.00,
arbre à chat bois flotté a vendre,,0,,0.00,
arbre à chat caisse a vin,,0,,0.00,
arbre à chat peek a boo,,0,,0.00,
arbre à chat plafond a justable,,0,,0.00,
arbre à chat qui ressemble a un arbre,,0,,0.00,
arbre-a-chat-plus-quun-jouet-un-essentiel,,0,,0.00,
arbre-chat-adapte-a-votre-deco-interieur,,0,,0.00,
arbre.a chat gris patte,,0,,0.00,
arbres a c chats cdiscount 59 99,,0,,0.00,
arbres a chat 04150 redortier,,0,,0.00,
arbres a chat 1m50 de haut 4 chats,,0,,0.00,
arbres a chat 1m70,,0,,0.00,
arbres a chat 3 chat,,0,,0.00,
arbres a chat 65 x 50 x 160,,0,,0.00,
arbres a chat a paray le monial,,0,,0.00,
arbres a chat a prix raisonnable,,0,,0.00,
arbres a chat adultes,,0,,0.00,
arbres a chat aldi,,0,,0.00,
arbres a chat allemand,,0,,0.00,
arbres a chat amazon,,0,,0.09,
arbres a chat amazones,,0,,0.00,
arbres a chat animalis 33,,0,,0.00,
arbres a chat animalis leclerc pontoise,,0,,0.00,
arbres a chat avec,,0,,0.00,
arbres a chat avec corde griffoir,,0,,0.00,
arbres a chat avec hamac,,0,,0.00,
arbres a chat avec hamacs,,0,,0.00,
arbres a chat avec hammac,,0,,0.00,
arbres a chat avec plateau,,0,,0.00,
arbres a chat avec roue,,0,,0.00,
arbres a chat avec troncs,,0,,0.00,
arbres a chat avec tuyaux,,0,,0.00,
arbres a chat bleu discount,,0,,0.00,
arbres a chat botanic,,0,,0.00,
arbres a chat botanic epinal,,0,,0.00,
arbres a chat bricolex,,0,,0.00,
arbres a chat c discount,,0,,0.00,
arbres a chat cactus,,0,,0.00,
arbres a chat carcassonne par cher,,0,,0.00,
arbres a chat cdiscount,,0,,0.00,
arbres a chat ces'art,,0,,0.00,
arbres a chat chez maxi zoo,,0,,0.00,
arbres a chat chez wish,,0,,0.00,
arbres a chat chic,,0,,0.00,
arbres a chat cora dorlisheim,,0,,0.00,
arbres a chat de luxe,,0,,0.42,
arbres a chat deja construits,,0,,0.00,
arbres a chat dejardins,,0,,0.00,
arbres a chat design,,0,,0.28,
arbres a chat design et esthétique,,0,,0.00,
arbres a chat design noir,,0,,0.00,
arbres a chat dessin,,0,,0.00,
arbres a chat diy,,0,,0.00,
arbres a chat dreamer,,0,,0.00,
arbres a chat ebay,,0,,0.00,
arbres a chat en anglais,,0,,0.00,
arbres a chat en bois naturel,,0,,0.00,
arbres a chat en ligne,,0,,0.00,
arbres a chat en palette,,0,,0.00,
arbres a chat en soldes,,0,,0.00,
arbres a chat en teck,,0,,0.00,
arbres a chat escalier en bois,,0,,0.00,
arbres a chat et palette,,0,,0.00,
arbres a chat euros,,0,,0.00,
arbres a chat fait maison pour trois chats,,0,,0.00,
arbres a chat forum,,0,,0.00,
arbres a chat fr,,0,,0.28,
arbres a chat gaya en gros,,0,,0.00,
arbres a chat geant,,0,,0.31,
arbres a chat geant pas cher,,0,,0.00,
arbres a chat gifi,,0,,0.29,
arbres a chat grandes tailles,,0,,0.00,
arbres a chat gros chat,,0,,0.00,
arbres a chat gros chats a maxi zoo,,0,,0.00,
arbres a chat géant,,0,,0.00,
arbres a chat géant sur mur,,0,,0.00,
arbres a chat haut de gamme,,0,,0.00,
arbres a chat haut vesper,,0,,0.00,
arbres a chat housse,,0,,0.00,
arbres a chat jardiland,,0,,0.00,
arbres a chat joli bambou,,0,,0.00,
arbres a chat julie st domineuc,,0,,0.00,
arbres a chat jungle rope cat tree,,0,,0.00,
arbres a chat lanester,,0,,0.00,
arbres a chat le bon coin,,0,,0.00,
arbres a chat livraison 24h,,0,,0.00,
arbres a chat livraison rapide,,0,,0.00,
arbres a chat mano mano,,0,,0.00,
arbres a chat manomano plushi griffoir,,0,,0.00,
arbres a chat manoonam,,0,,0.00,
arbres a chat maxi zoo,,0,,0.15,
arbres a chat maxizoo,,0,,0.15,
arbres a chat meilleurs marques,,0,,0.00,
arbres a chat modele,,0,,0.00,
arbres a chat moderne,,0,,0.00,
arbres a chat moins cher,,0,,0.00,
arbres a chat montauban,,0,,0.00,
arbres a chat montauban le bon coin,,0,,0.00,
arbres a chat more for cats,,0,,0.00,
arbres a chat moyens,,0,,0.00,
arbres a chat naturalis,,0,,0.00,
arbres a chat naturel,,0,,0.00,
arbres a chat nîmes,,0,,0.00,
arbres a chat o malley,,0,,0.00,
arbres a chat original,,0,,0.00,
arbres a chat palme,,0,,0.00,
arbres a chat pas cher.fr,,0,,0.00,
arbres a chat pas chere et grand,,0,,0.00,
arbres a chat pas chers,,0,,0.00,
arbres a chat pas chhere,,0,,0.00,
arbres a chat pas chères,,0,,0.00,
arbres a chat petrebels,,0,,0.00,
arbres a chat plafond,,0,,0.00,
arbres a chat pour balcon,,0,,0.00,
arbres a chat pour grands chats,,0,,0.00,
arbres a chat pour maine coon,,0,,0.00,
arbres a chat pour trois chats,,0,,0.00,
arbres a chat pour trois chzts,,0,,0.00,
arbres a chat pour un,,0,,0.00,
arbres a chat pr maine coon,,0,,0.00,
arbres a chat prix,,0,,0.00,
arbres a chat rouge,,0,,0.00,
arbres a chat sans souris,,0,,0.00,
arbres a chat seignosse,,0,,0.00,
arbres a chat solde,,0,,0.00,
arbres a chat soldes,,0,,0.22,
arbres a chat solide,,0,,0.00,
arbres a chat songmick,,0,,0.00,
arbres a chat songsimgs,,0,,0.00,
arbres a chat sophistique,,0,,0.00,
arbres a chat stokomani,,0,,0.00,
arbres a chat sur larseille,,0,,0.00,
arbres a chat tic tac,,0,,0.00,
arbres a chat tiroir,,0,,0.00,
arbres a chat tour,,0,,0.00,
arbres a chat xl,,0,,0.00,
arbres a chat zolux,,0,,0.00,
arbres a chat zoo plus,,0,,0.00,
arbres a chat zooplus,,0,,0.00,
arbres a chats a fabriquer maison,,0,,0.00,
arbres a chats a lidl,,0,,0.00,
arbres a chats allemand,,0,,0.00,
arbres a chats anglet,,0,,0.00,
arbres a chats animalis,,0,,0.00,
arbres a chats animalis cactus,,0,,0.00,
arbres a chats avec branches,,0,,0.00,
arbres a chats avec structure metaliques,,0,,0.00,
arbres a chats avec structure metalliques du sol au plafond,,0,,0.00,
arbres a chats bitiba,,0,,0.00,
arbres a chats bon prix,,0,,0.00,
arbres a chats cdiscount,,0,,0.00,
arbres a chats chez auchan valizy,,0,,0.00,
arbres a chats couleur violine,,0,,0.00,
arbres a chats d occasion,,0,,0.00,
arbres a chats de en bois massif de qualite,,0,,0.00,
arbres a chats de luxe,,0,,0.00,
arbres a chats de marque allemand,,0,,0.00,
arbres a chats de marque allemand en bois massif,,0,,0.00,
arbres a chats desing,,0,,0.00,
arbres a chats ebi,,0,,0.00,
arbres a chats en bois naturel,,0,,0.00,
arbres a chats en promos,,0,,0.00,
arbres a chats en promotion,,0,,0.00,
arbres a chats et griffoir,,0,,0.00,
arbres a chats fabriques en europe,,0,,0.00,
arbres a chats fabriques en europoe,,0,,0.00,
arbres a chats fait maison,,0,,0.08,
arbres a chats feandra songmics,,0,,0.00,
arbres a chats flowers cat,,0,,0.00,
arbres a chats gamm vert,,0,,0.00,
arbres a chats geants,,0,,0.31,
arbres a chats gros poteaux,,0,,0.00,
arbres a chats jardiland,,0,,0.00,
arbres a chats jardiland epinal,,0,,0.00,
arbres a chats les plus grandes,,0,,0.00,
arbres a chats longs,,0,,0.00,
arbres a chats maxi zoo,,0,,0.15,
arbres a chats moins cher,,0,,0.00,
arbres a chats multiples,,0,,0.00,
arbres a chats multiples avec niches,,0,,0.00,
arbres a chats mural,,0,,0.00,
arbres a chats natural xl,,0,,0.00,
arbres a chats original,,0,,0.00,
arbres a chats originaux,,0,,0.21,
arbres a chats pour grands chats,,0,,0.00,
arbres a chats promo,,0,,0.00,
arbres a chats promos,,0,,0.00,
arbres a chats repulsif,,0,,0.00,
arbres a chats rhr,,0,,0.00,
arbres a chats rhr a prix casser,,0,,0.00,
arbres a chats sous escalier,,0,,0.00,
arbres a chats special main coon,,0,,0.00,
arbres a chats tres costaud,,0,,0.00,
arbres a chats trixie,,0,,0.00,
arbres a chats trixie 2 plateaux 1.10haut,,0,,0.00,
arbres a chats troncs de 15 cm,,0,,0.00,
arbres a chats troncs en sisal de 15 cm,,0,,0.00,
arbres a chats truffaud,,0,,0.00,
arbres a chats vente flasch,,0,,0.00,
arbres a chats xxl,,0,,0.36,
arbres a chats xxlhttps www.google.fr gfe_rd cr&dcr 0&ei slnbwf2cligo8qep4qo,,0,,0.00,
arbres a chats zoo plus fougeres,,0,,0.00,
arbres a chats.cim,,0,,0.00,
arbres a gros chat,,0,,0.00,
arbres geants a chats,,0,,0.00,
arbres-a-chat.com,,0,,0.00,
arbuste nomé arbre a chat,,0,,0.00,
armoire arbre a chat,,0,,0.00,
arnaque arbre a chat cactus,,0,,0.00,
article pour arbre a chat,,0,,0.00,
artisan arbre a chat rhone alpes,,0,,0.00,
artisanal arbre a chat,,0,,0.00,
aspirer nettoyer arbre a chat,,0,,0.00,
assise arbre a chat,,0,,0.00,
assise pour arbre a chat,,0,,0.00,
association l arbre a chat,,0,,0.00,
association l'arbre a chat,,0,,0.00,
association l'arbre a chat bucy le long,,0,,0.00,
association l'arbre a chat charente,,0,,0.00,
astra arbre a chat,,0,,0.77,
astuce arbre a chat parfait,,0,,0.00,
astuce de grand.mere arbre a chat,,0,,0.00,
astuce fabriquer arbre a chat,,0,,0.00,
astuce faire son arbre a chat desing,,0,,0.00,
astuce pour empecher un chat de grimper a un arbre,,0,,0.00,
astuce pour reparer arbre a chat,,0,,0.00,
atbre a chat main coon vs arbre a chta,,0,,0.00,
attirer chat sur arbre a chat,,0,,0.00,
attirer un char vers arbre a chat,,0,,0.00,
attirer un chat arbre a chat,,0,,0.00,
attirer un chat sur un arbre a chat,,0,,0.00,
auchan arbre a chat illkirch,,0,,0.00,
auchan dardilly arbre a chat,,0,,0.00,
auchan et moi arbre a chat,,0,,0.00,
aumen arbre a chat,,0,,0.00,
aupess arbre a chat,,0,,0.00,
ava xxl arbre a chat,,0,,0.00,
avantage arbre a chat,,0,,0.00,
avantages inconvénient arbre a chat,,0,,0.00,
avcessoires de rechange pour arbre a chat,,0,,0.00,
avec quel corde sont fait les arbres a chats,,0,,0.00,
avec quoi frotter un arbre a chat pour les attirer,,0,,0.00,
avec quoi recouvrir le bois d'un arbre a chat,,0,,0.00,
aveve arbre a chat,,0,,0.00,
avis arbre a chat banana leaf,,0,,0.00,
avis arbre a chat ebi,,0,,0.00,
avis arbre a chat ectake,,0,,0.00,
avis arbre a chat en bois,,0,,0.20,
avis arbre a chat feandra,,0,,0.00,
avis arbre a chat feandrea,,0,,0.00,
avis arbre a chat gifi,,0,,0.00,
avis arbre a chat groupon,,0,,0.00,
avis arbre a chat ivan trixie,,0,,0.00,
avis arbre a chat jago,,0,,0.00,
avis arbre a chat jardiland,,0,,0.00,
avis arbre a chat kalya,,0,,0.00,
avis arbre a chat karlie 3,,0,,0.00,
avis arbre a chat leopet,,0,,0.00,
avis arbre a chat lidl,,0,,0.00,
avis arbre a chat lux,,0,,0.00,
avis arbre a chat lux space,,0,,0.00,
avis arbre a chat maine coon,,0,,0.00,
avis arbre a chat manomano,,0,,0.00,
avis arbre a chat moka,,0,,0.00,
avis arbre a chat mural,,0,,0.28,
avis arbre a chat mural dolomit,,0,,0.00,
avis arbre a chat natural paradise,,0,,0.00,
avis arbre a chat naturel,,0,,0.00,
avis arbre a chat pas cher,,0,,0.00,
avis arbre a chat pas cher a l'etranger,,0,,0.00,
avis arbre a chat pour l'extérieur,,0,,0.00,
avis arbre a chat site forum.doctissimo.fr,,0,,0.00,
avis arbre a chat tectake,,0,,0.00,
avis arbre a chat tectake mieze 214,,0,,0.00,
avis arbre a chat twist,,0,,0.00,
avis arbre a chat vesper,,0,,0.00,
avis arbre a chat vidaxl,,0,,0.00,
avis arbre a chat zoomundo,,0,,0.00,
avis arbres a chat,,0,,0.00,
avis client arbre a chat tectake mieze 214,,0,,0.00,
avis meilleur marque arbre a chat,,0,,0.00,
avis sur arbre a chat motega,,0,,0.00,
avis tectake arbre a chat,,0,,0.00,
avoir un chat sans arbre a chat,,0,,0.00,
aymen arbre a chat,,0,,0.00,
babou lyon arbre a chat,,0,,0.00,
babou quimper arbre a chat,,0,,0.00,
babou venissieux arbre a chat,,0,,0.00,
babriquer arbre a chat,,0,,0.00,
balancelle de suspension pour arbre a chat,,0,,0.00,
balancelle pour arbre a chat,,0,,0.00,
balck griday arbre a chat,,0,,0.00,
balles pour arbre a chat,,0,,0.00,
balza arbre a chat,,0,,0.00,
banana leaf paradise arbre a chat,,0,,0.00,
banc entree arbre a chat,,0,,0.00,
banche d'arbre pour abre a chat,,0,,0.00,
baobab beziers arbre a chat,,0,,0.00,
base arbre a chat 49cm,,0,,0.00,
base arbre a chat cm,,0,,0.00,
base pour arbre a chat,,0,,0.00,
baton arbre a chat,,0,,0.00,
baton bois arbre a chat,,0,,0.00,
baton decoratif arbre a chat,,0,,0.00,
baton fabriquer arbre a chat,,0,,0.00,
baton pour arbre a chat,,0,,0.00,
bazarland arbre a chat,,0,,0.00,
bazarland lisieux arbre a chat,,0,,0.00,
beagle arbre a chat,,0,,0.00,
beauty pet arbre a chat,,0,,0.00,
beauty pet arbre a chat geant 170 cm,,0,,0.00,
bel arbre a chat xxl pour main coon,,0,,0.00,
benefice arbre a chat,,0,,0.00,
beonebreed arbre a chat,,0,,0.00,
bernay arbre a chat,,0,,0.00,
bernay arbre a chat leclerc,,0,,0.00,
bhv animaux arbre a chat,,0,,0.00,
bhv arbre a chat,,0,,0.00,
bibliothèque ransformée en arbre a chat,,0,,0.00,
bibliothèque transformée en arbre a chat,,0,,0.00,
bien choisir son arbre a chat,,0,,0.00,
bien choisir un arbre a chat,,0,,0.00,
bienfait de huile essentielle arbre a the pour chat,,0,,0.00,
big arbre a chat,,0,,0.00,
big farm arbre a chat,,0,,0.00,
biocanina arbre a chats,,0,,0.00,
bitba arbre a chat,,0,,0.00,
bitiba arbre a chat avis,,0,,0.00,
bitiba arbre a chat natural home,,0,,0.00,
bitiba arbre a chat xxl,,0,,0.00,
black firday arbre a chat,,0,,0.00,
black friday 2017 arbre a chat,,0,,0.00,
black friday 2018 arbre a chats,,0,,0.00,
black friday 2020 arbre a chat,,0,,0.00,
black friday 2021 arbre a chat,,0,,0.00,
black friday arbre a chat auchan,,0,,0.00,
black friday arbre a chat gros chat,,0,,0.00,
black friday groupon arbre a chat,,0,,0.00,
black friday sur arbre a chat grand hauteur,,0,,0.00,
black friday sur arbre a chat grand hauteut,,0,,0.00,
blackfriday arbre a chat,,0,,0.00,
blog arbre a chat,,0,,0.00,
blog diy-un-arbre-a-chat-ikea,,0,,0.00,
bobine arbre a chat,,0,,0.00,
bobine arbre a chat 100m,,0,,0.00,
bobine corde arbre a chat,,0,,0.00,
bobine de sisal arbre a chat,,0,,0.00,
bobine ficellee pour arbre a chat,,0,,0.00,
bois arbre a chat design,,0,,0.00,
bois arbre a chat maison,,0,,0.00,
bois de buis arbre a chat,,0,,0.00,
bois flotté pour arbre a chat,,0,,0.00,
bois palette arbre a chat palette,,0,,0.00,
bois pour arbre a chat,,0,,0.00,
bois pour creer arbre a chat,,0,,0.00,
bois pour faire arbre a chat,,0,,0.00,
bon arbre a chat,,0,,0.00,
bon coin 10 animaux arbre a chat annonce recente,,0,,0.00,
bon coin 33 arbre a chat,,0,,0.00,
bon coin 35 arbre a chat,,0,,0.00,
bon coin alsace arbre a chat,,0,,0.00,
bon coin arbre a chat caen,,0,,0.00,
bon coin arbre a chat landes,,0,,0.00,
bon coin arbre a chat maine et loire,,0,,0.00,
bon coin marseille arbre a chat,,0,,0.00,
bon coin nord arbre a chats trois niches,,0,,0.00,
bon de réduction amazon sur arbre a chat,,0,,0.00,
bon plan arbre a chat,,0,,0.00,
bon reduction arbre a chat zooplus,,0,,0.00,
boncoin 67 arbre a chat,,0,,0.00,
boncoin38 arbre a chat,,0,,0.00,
bonne marque arbre a chat,,0,,0.00,
bootanoc arbre a chat,,0,,0.00,
botanic arbre a chat promo,,0,,0.00,
botanic arbre a chats,,0,,0.00,
botanic arbres a chats,,0,,0.00,
botanic epinal arbres a chats,,0,,0.00,
botanic rondin arbre a chat,,0,,0.00,
botanic saint etienne arbre a chat,,0,,0.00,
botanic saint etienne arbre a chat le prix,,0,,0.00,
botanique arbre a chat plafond,,0,,0.00,
boule bil arbre a chat,,0,,0.00,
boule bill arbre a chat,,0,,0.00,
boule et bille arbre a chat,,0,,0.00,
bouleau arbre a chat a vendre 62,,0,,0.00,
boutique americaine arbre a chat,,0,,0.00,
boutique animaux arbre a chats,,0,,0.00,
boutique arbre a chat paris,,0,,0.00,
boutique chico arbre a chat,,0,,0.00,
boutique d arbre a chat,,0,,0.00,
boutique pour acheter arbre a chat,,0,,0.00,
bouturer arbre a chat,,0,,0.00,
branche d'arbre pour arbre a chat,,0,,0.00,
branche de bois pour arbre a chat,,0,,0.00,
bras arbre a chat,,0,,0.00,
brekz arbre a chat,,0,,0.00,
bretk arbre a chat,,0,,0.00,
bretzk arbre a chat,,0,,0.00,
brico arbre a chat,,0,,0.00,
brico deco arbre a chat,,0,,0.00,
brico depot arbre a chat,,0,,0.00,
brico leclerc andrezieux arbre a chat,,0,,0.00,
brico leclerc arbre a chat,,0,,0.00,
bricolage palette arbre a chat,,0,,0.00,
bricolage vue eclatee arbre a chat avec legende,,0,,0.00,
bricoler arbre a chat,,0,,0.00,
bricoler panier et niche et arbre a chat,,0,,0.00,
bricoler un arbre a chat,,0,,0.00,
bricolex arbre a chat,,0,,0.00,
bricomarche arbre a chat,,0,,0.00,
brosse pour arbre a chat,,0,,0.00,
buche arbre a chat,,0,,0.23,
budz arbre a chat,,0,,0.00,
bureau arbre a chat,,0,,0.00,
bureau_arbre a chat,,0,,0.00,
c cont arbre a chat cdiscount,,0,,0.00,
c discount arbres a chat,,0,,0.00,
c discountsolde arbre a chat,,0,,0.00,
c discout arbre a chat,,0,,0.00,
c dixount arbre a chat,,0,,0.00,
c.discount arbres a chat,,0,,0.00,
cabane de rechange pour arbre a chat,,0,,0.00,
cabane pour arbre a chat,,0,,0.00,
cache cache minecraft twinner arbre a chat geant,,0,,0.00,
cache http www.zooplus.fr shop chats arbre_a_chat hamac_griffoir_chat,,0,,0.00,
cache vis arbre a chat,,0,,0.00,
caen arbre a chat,,0,,0.00,
caisse a vin bois deco arbre a chat,,0,,0.00,
caisse arbre a chat,,0,,0.00,
caisse bois arbre a chat,,0,,0.00,
caisse pour arbre a chat,,0,,0.00,
calcul longueur corde a enrouler arbre a chat,,0,,0.00,
calculer longueur corde arbre a chat,,0,,0.00,
camif arbre a chat,,0,,0.00,
canadian tire arbre a chat,,0,,0.00,
canaldog lyon arbre a chat,,0,,0.00,
cap animal arbre a chat,,0,,0.00,
capac arbre a chat,,0,,0.00,
caractéristique arbre a chat,,0,,0.00,
carcassonne gifi arbre a chat,,0,,0.00,
carde a arbre a chat,,0,,0.00,
cardre arbre a chat,,0,,0.00,
carefour arbre a chat,,0,,0.00,
carlie banana arbre a chat,,0,,0.00,
caroline testut arbre a chat,,0,,0.00,
carrefour market arbre a chat,,0,,0.00,
carrefour pertuis arbre a chat,,0,,0.00,
casa salaise arbre a chats,,0,,0.00,
casademi arbre a chat,,0,,0.00,
casino arbre a chat,,0,,0.00,
castor terrasson arbre a chat,,0,,0.00,
castorama 19eme arbre a chat,,0,,0.00,
castorama animalerie arbre a chat,,0,,0.00,
cat bonbon arbre a chat,,0,,0.00,
cat cactus arbre a chat,,0,,0.00,
cat fun arbre a chat,,0,,0.00,
cat it arbre a chat,,0,,0.00,
cat on arbre a chat,,0,,0.00,
cat's flower xxl arbre a chat,,0,,0.00,
cataire pour arbre a chat,,0,,0.00,
catalogue arbre a chat zolux,,0,,0.00,
catalogue giffy arbre a chat,,0,,0.00,
catalogue gifi soldes arbre a chat gifi,,0,,0.00,
catalogue lidl arbre a chat lidl,,0,,0.00,
catastrophic création arbre a chat,,0,,0.00,
cathédrale arbre a chats,,0,,0.00,
caticat arbre a chat,,0,,0.00,
catissa arbre a chat,,0,,0.00,
catree arbre a chat,,0,,0.00,
cats and trees arbres a chat,,0,,0.00,
cats flower arbre a chat,,0,,0.00,
catwalk arbre a chat mur,,0,,0.00,
cd discount arbre a chat,,0,,0.00,
cdiscount arbre a chat 130 cm,,0,,0.00,
cdiscount arbre a chat 140 cm,,0,,0.00,
cdiscount arbre a chat 150 cm,,0,,0.00,
cdiscount arbre a chat 170 cm,,0,,0.00,
cdiscount arbre a chat 181 cm,,0,,0.00,
cdiscount arbre a chat 1m70,,0,,0.00,
cdiscount arbre a chat avec griffoir,,0,,0.00,
cdiscount arbre a chat avec hamac,,0,,0.00,
cdiscount arbre a chat beige,,0,,0.00,
cdiscount arbre a chat bordeaux,,0,,0.00,
cdiscount arbre a chat cdiscount,,0,,0.00,
cdiscount arbre a chat cube,,0,,0.00,
cdiscount arbre a chat en bois,,0,,0.00,
cdiscount arbre a chat feandrea,,0,,0.00,
cdiscount arbre a chat felix,,0,,0.00,
cdiscount arbre a chat figaro,,0,,0.00,
cdiscount arbre a chat gris,,0,,0.00,
cdiscount arbre a chat hamac,,0,,0.00,
cdiscount arbre a chat main coon,,0,,0.00,
cdiscount arbre a chat mogli,,0,,0.00,
cdiscount arbre a chat mural,,0,,0.00,
cdiscount arbre a chat original,,0,,0.00,
cdiscount arbre a chat pas cher à 26 euros,,0,,0.00,
cdiscount arbre a chat pas cher à 26 euros photos,,0,,0.00,
cdiscount arbre a chat poil et plume,,0,,0.00,
cdiscount arbre a chat rakunten,,0,,0.00,
cdiscount arbre a chat rakuten,,0,,0.00,
cdiscount arbre a chat rose,,0,,0.00,
cdiscount arbre a chat rouge,,0,,0.00,
cdiscount arbre a chat songmics,,0,,0.00,
cdiscount arbre a chat trixie,,0,,0.00,
cdiscount arbre a chat vesper,,0,,0.00,
cdiscount arbre a chats,,0,,0.00,
cdiscount arbres a chat,,0,,0.00,
cdiscount arbres a chats,,0,,0.00,
cdiscount market arbre a chat,,0,,0.00,
cdiscount poils et plumes arbre a chat,,0,,0.00,
cdiscount poteau rechange arbre a chat 9 x 50,,0,,0.00,
cdiscount recharge tronc arbre a chat,,0,,0.00,
cdiscount soldes arbre a chat,,0,,0.00,
cdiscount toulon arbre a chat,,0,,0.00,
cdiscount.com animalerie chats arbres-a-chat l-1621109.html _his_,,0,,0.00,
cdiscount.com arbre a.chat,,0,,0.00,
cdiscount.com search 10 arbre a chat.html,,0,,0.00,
cdiscout arbre a chat,,0,,0.00,
cdixcount arbre a chat,,0,,0.00,
cdscounto arbre a chat,,0,,0.00,
ce fabriquer un arbre a chat,,0,,0.00,
centracor arbre a chat,,0,,0.00,
centrakor arbre a chat et griffoir,,0,,0.00,
centrakor arbres a chat et paniers,,0,,0.00,
centrakor challans catalogue arbre a chat,,0,,0.00,
centrakor st etienne arbre a chat,,0,,0.00,
centrakor vesoul arbre a chat,,0,,0.00,
ces art arbre a chat,,0,,0.00,
cesart arbre a chat,,0,,0.00,
chaise arbre a chat,,0,,0.00,
changer arbre a chat,,0,,0.00,
changer boudin arbre a chat,,0,,0.00,
changer corde arbre a chat,,0,,0.00,
changer d'arbre a chat probleme,,0,,0.00,
changer griffoir arbre a chat amazon,,0,,0.00,
changer la colonne d un arbre a chat,,0,,0.00,
changer la corde d'un arbre a chat,,0,,0.00,
changer les rouleaux des arbres a c chats vesper,,0,,0.00,
changer mat arbre a chat,,0,,0.00,
changer poteau arbre a chat,,0,,0.00,
changer tronc arbre a chat,,0,,0.00,
chat a besoin arbre à chat,,0,,0.00,
chat a colorier sur arbre a chats,,0,,0.00,
chat a cote de l arbre de robinson,,0,,0.00,
chat a cote de l arbre de robinson disney,,0,,0.00,
chat a manger de la résine d'arbre,,0,,0.00,
chat agrippé a un arbre,,0,,0.00,
chat allergie arbre a chat,,0,,0.00,
chat allergique aux arbres a chat,,0,,0.00,
chat allongé arbre a chat,,0,,0.00,
chat arbre a chat avec brosse,,0,,0.00,
chat arbre a chat cylindre,,0,,0.00,
chat arbre a chat cyloindre,,0,,0.00,
chat arbre a chat exotique,,0,,0.00,
chat arbre a chat geant,,0,,0.00,
chat bizarre sur arbre a chat,,0,,0.00,
chat by chat arbre a chat,,0,,0.00,
chat dans arbre a chat,,0,,0.00,
chat dans les arbres a la recherche d'oiseaux,,0,,0.00,
chat dans son arbre a chat,,0,,0.00,
chat eau sur l'arbre a chat,,0,,0.00,
chat en train de grimper a un arbre,,0,,0.00,
chat et arbre a chat,,0,,0.00,
chat géant arbre a chat pas cher,,0,,0.00,
chat huile.essentielle.arbre.a tea,,0,,0.00,
chat hystérique sur arbre a chat,,0,,0.00,
chat ignorant arbre a chat,,0,,0.00,
chat joue arbre a chat,,0,,0.00,
chat luxe arbre a chat geant,,0,,0.23,
chat montant a l'arbre,,0,,0.00,
chat ne joue plus dans l'arbre a chat,,0,,0.00,
chat ne va pas dans son.arbre a chat sims,,0,,0.00,
chat noir et blanc pendu a un arbre,,0,,0.00,
chat oeil.crevé arbre a chat nice nord,,0,,0.00,
chat oeil.greve arbre a chat nice nord,,0,,0.00,
chat pas cher arbre a chat,,0,,0.00,
chat pas dutout cher arbre a chat,,0,,0.00,
chat peche arbre a chat,,0,,0.00,
chat pendu a un arbre,,0,,0.00,
chat perche arbre a chat,,0,,0.00,
chat peur arbre a chat,,0,,0.00,
chat peur nouvel arbre a chat,,0,,0.00,
chat pret a bondir d'un arbre,,0,,0.00,
chat qui a peur de descendre arbre haut,,0,,0.00,
chat qui essaye de grimper a un arbre dessin,,0,,0.00,
chat qui grimpe a un arbre,,0,,0.00,
chat qui grimpe qur arbre a chat,,0,,0.00,
chat qui joue avec boule arbre a chat,,0,,0.00,
chat qui joue sur arbre a chat,,0,,0.00,
chat qui monte a l'arbre,,0,,0.00,
chat qui ne vas pas sur nouveau arbre a chat,,0,,0.00,
chat sur arbre a chat bizarre,,0,,0.00,
chat sur arbre a chats,,0,,0.00,
chat sur un arbre a chat,,0,,0.00,
chat sur un arbre a colorier,,0,,0.00,
chat suspendu arbre a chat mural,,0,,0.00,
chat trop grand pour l'arbre a chat,,0,,0.00,
chat trop gros pour l'arbre a chat,,0,,0.00,
chaton arbre a chat 3 mois,,0,,0.00,
chaton arbre a chat video,,0,,0.00,
chaton et arbre a chat,,0,,0.00,
chaton et arbre a chats,,0,,0.00,
chaton monte en haut arbre a chat,,0,,0.00,
chatonqui joue arbre a chat,,0,,0.00,
chats accrochés a un arbre,,0,,0.00,
chats cherche arbre a chats,,0,,0.00,
chats qui dore dans un arbre a chat,,0,,0.00,
chenil l arbre a chats entraigues sur la sorgues,,0,,0.00,
cherche arbre a chat,,0,,0.00,
cherche arbre a chat a vendre,,0,,0.00,
cherche arbre a chat d occasion,,0,,0.00,
cherche arbre a chat d& 39,,0,,0.00,
cherche arbre a chat paradise xxl,,0,,0.00,
cherche arbre a chat pour gros chat,,0,,0.00,
cherche arbres a chats gratuitutement,,0,,0.00,
cherche arbres a chats gratuitutement beziers,,0,,0.00,
cherche bon coin arbre a chat,,0,,0.00,
cherche colonne de rechange pour arbre a chat,,0,,0.00,
cherche colonne pour arbre a chat,,0,,0.00,
cherche colonne pour arbre a chat de 60 cms,,0,,0.00,
cherche enseigne petit prix arbre a chat,,0,,0.00,
cherry silver lagoon cook sur arbre a chat,,0,,0.00,
cheval distribution arbre a chat,,0,,0.00,
chez emma arbre a chat,,0,,0.00,
chez gifi arbre a chat gifi,,0,,0.00,
chico arbre a chat,,0,,0.00,
chicot arbre a chat,,0,,0.00,
chien fait c'est griffe sur arbre a chat,,0,,0.00,
chiens chat arbre a chats lourds,,0,,0.00,
choisir poteau arbre a chat,,0,,0.00,
choisir poteaux arbre a chat,,0,,0.00,
choisir son arbre a chat,,0,,0.00,
choisir un bon arbre a chat,,0,,0.00,
chpisir a arbre a chat,,0,,0.00,
chute chaton d un arbre a chat,,0,,0.00,
chute d un arbre a chat,,0,,0.00,
ciffreo bona arbre a chat,,0,,0.00,
cinstruire arbre a chat,,0,,0.00,
cisaille arbre a chat,,0,,0.00,
cite allemand d arbres a chats,,0,,0.00,
cite d arbres a chats allemand,,0,,0.00,
clorophile dans les arbre a chat,,0,,0.00,
clou de girofle aloe vera arbre a the chat,,0,,0.00,
code pour arbre a chat,,0,,0.00,
code promo arbre a chat,,0,,0.00,
code promo arbre a chat amazon,,0,,0.00,
code promo groupon arbre a chat,,0,,0.00,
code promo janvier 2019 arbre a chats,,0,,0.00,
code promo sur amazone pour arbre a chat,,0,,0.00,
code promo zooplus arbre a chat,,0,,0.00,
code reduction amazon arbre a chat,,0,,0.00,
coee réduction zooplus arbre a chat,,0,,0.00,
colection imperial arbre a chat en bois massif photo,,0,,0.00,
colection imperial arbre a chat photo,,0,,0.00,
colle a carton cisal arbre à chat,,0,,0.00,
colle pour corde jonc de mer arbre a chat,,0,,0.00,
colle pour poteau d arbre a chat et sisal,,0,,0.00,
colle pour sisal arbre a chat,,0,,0.00,
colle sisal pour arbre a chat,,0,,0.00,
collection imperial arbre a chat photo,,0,,0.00,
coller corde arbre a chat,,0,,0.00,
coller de la ficelle sur un arbre a chat,,0,,0.00,
coller du sisal arbre a chat,,0,,0.00,
coller sisal arbre a chat,,0,,0.00,
collier cerclage métal a pointes anti-chat pour arbres,,0,,0.00,
collier de chat huile essentielle arbre a thé,,0,,0.00,
collier de chat huile essentielle arbre a thé tique,,0,,0.00,
colone arbre a chat,,0,,0.00,
colone avec fil arbre a chat,,0,,0.00,
colone.arbre a chat maxi.zoo,,0,,0.00,
colonne arbre a chat 1m20,,0,,0.00,
colonne arbre a chat 50cm,,0,,0.00,
colonne arbre a chat trixie,,0,,0.00,
colonne arbre a gratter pour chat,,0,,0.00,
colonne de réparation arbre a chat 50 cm,,0,,0.00,
colonne pour arbre a chat,,0,,0.00,
colonne rechange arbre a chat trixie,,0,,0.00,
coloriage a imprimer de chat dans les arbres,,0,,0.00,
coloriage arbre a chat,,0,,0.00,
coloriage arbre a chat et chaton,,0,,0.00,
coloriage chat sur sont arbre a chat,,0,,0.00,
coloriage d arbre a chat,,0,,0.00,
combien de corde pour arbre a chat d un metre,,0,,0.00,
combien de metre de corde pour un arbre a chat,,0,,0.00,
combien de metre pour refaire un arbre a chat,,0,,0.00,
combine maison de toilette arbre a chat,,0,,0.00,
coment attirer le chat a l'arbre a chat,,0,,0.00,
coment faire un arbre a chat mural,,0,,0.00,
coment netoyé un arbre a chat,,0,,0.00,
commande arbre a chat pas cher,,0,,0.00,
commande arbre.a chat,,0,,0.00,
commande en ligne arbre a chat more,,0,,0.00,
commebnt choisir un arbre a chat pour un appartement,,0,,0.00,
commebt trouver le bon arbre a chat,,0,,0.00,
commenfabriquer arbre a chat avec branche d'arbre,,0,,0.00,
comment accrocher de la corde sur un arbre a chat,,0,,0.00,
comment acheter du sisal pour arbre a chat,,0,,0.00,
comment acheter un arbre a chat sims 3,,0,,0.00,
comment améliorer un arbre a chat,,0,,0.00,
comment attirer mon chat sur l arbre a chat,,0,,0.00,
comment attirer un chat sur son arbre a chat,,0,,0.00,
comment attirer un chat vers un arbre a chat,,0,,0.00,
comment badigeonner de la javel sur arbre a chat,,0,,0.00,
comment badigoner de la javel sur arbre a chat,,0,,0.00,
comment bien choisir son arbre a chat,,0,,0.00,
comment bien choisir un arbre a chat,,0,,0.00,
comment bien fixer un arbre a chat au sol,,0,,0.00,
comment bien nettoyer son arbre a chat,,0,,0.00,
comment changer le tissus d'un arbre a chat,,0,,0.00,
comment changer les piles arbres a chat laser,,0,,0.00,
comment choisir un arbre a chat pour un appartement,,0,,0.00,
comment construire arbre a chat,,0,,0.00,
comment construire son arbre a chat,,0,,0.00,
comment construire un arbre a chat avec des palettes,,0,,0.00,
comment construire un arbre a chat avec du carton,,0,,0.00,
comment construire un arbre a chat en bois,,0,,0.00,
comment construire un arbre a chat en carton,,0,,0.00,
comment construire un arbre a chat facilement,,0,,0.00,
comment construire un arbre a chat gratuit,,0,,0.00,
comment creer son arbre a chat,,0,,0.00,
comment creer un arbre a chat,,0,,0.00,
comment creer un arbre a chat tres facilement,,0,,0.00,
comment créer un arbre a chat,,0,,0.00,
comment cultiver arbre a chat,,0,,0.00,
comment d2sinfecter un arbre a chat,,0,,0.00,
comment dessiner un arbre a chat,,0,,0.00,
comment désinfecter un arbre a chat,,0,,0.00,
comment empecher un chat de monter a l arbre,,0,,0.00,
comment empecher un chat de monter a l arbre ornemental,,0,,0.00,
comment enlever les odeurs d'un.arbre a chat,,0,,0.00,
comment enlever pisse arbre a chat,,0,,0.00,
comment enlever poil arbre a chat,,0,,0.00,
comment eviter que mon arbre a chat pert sa fourrure,,0,,0.00,
comment fabrication un arbre a chat,,0,,0.00,
comment fabricer un arbre a chat,,0,,0.00,
comment fabricé un arbre a chat,,0,,0.00,
comment fabrique un arbre a chat,,0,,0.00,
comment fabriquer arbre a chat avec branche d'arbre,,0,,0.00,
comment fabriquer arbre a chat avec des palette,,0,,0.00,
comment fabriquer l arbre a chat dans animal pocket camps,,0,,0.00,
comment fabriquer soi meme un arbre a chat mural,,0,,0.00,
comment fabriquer son arbre a chat,,0,,0.00,
comment fabriquer un arbre a chat a pas cher,,0,,0.00,
comment fabriquer un arbre a chat avec des caisses,,0,,0.00,
comment fabriquer un arbre a chat avec des cartons,,0,,0.00,
comment fabriquer un arbre a chat avec un arbre,,0,,0.00,
comment fabriquer un arbre a chat design,,0,,0.00,
comment fabriquer un arbre a chat en bois,,0,,0.00,
comment fabriquer un arbre a chat exterieur,,0,,0.00,
comment fabriquer un arbre a chat facile avec une etager,,0,,0.00,
comment fabriquer un arbre a chat facile en carton,,0,,0.00,
comment fabriquer un arbre a chat haut pour 2 chats,,0,,0.00,
comment fabriquer un arbre a chat maison,,0,,0.00,
comment fabriquer un arbre a chat mural,,0,,0.00,
comment fabriquer un arbre a chat naturel,,0,,0.00,
comment fabriquer un arbre a chat original,,0,,0.00,
comment fabriquer un arbre a chat soi meme,,0,,0.00,
comment fabriquer un arbre a chat soi meme tres facile,,0,,0.00,
comment fabriquer un arbre a chat tuto,,0,,0.00,
comment fabriquer un arbre a chat tuyau,,0,,0.00,
comment fabriquer un arbre a chats,,0,,0.00,
comment fabriquer un bel arbre a chat,,0,,0.00,
comment fabriquer un bois pour arbre a chat,,0,,0.00,
comment fabriquer une boule en corde pour arbre a chat,,0,,0.00,
comment fabrqué un arbre a chat,,0,,0.00,
comment faire adopter un arbre a chat,,0,,0.00,
comment faire aimer un arbre a chat,,0,,0.00,
comment faire aller un chat sur un arbre a chat,,0,,0.00,
comment faire arbre a chat maison,,0,,0.00,
comment faire dormir un chaton dans l'arbre a chat,,0,,0.00,
comment faire jouer un chat avec arbre a chat,,0,,0.00,
comment faire pour qu'unnchat monte dans son arbre a chat,,0,,0.00,
comment faire qu'un chat aime un arbre a chat,,0,,0.00,
comment faire son arbre a chat,,0,,0.00,
comment faire support arbre a chat arbre,,0,,0.00,
comment faire tenir arbre a chat,,0,,0.00,
comment faire tenir le sisal sur l arbre a chats,,0,,0.00,
comment faire tenir un arbre a chat,,0,,0.00,
comment faire tenir une echelle a un arbre a chat,,0,,0.00,
comment faire un arbre a chat avec du carton,,0,,0.00,
comment faire un arbre a chat avec une vrai branche,,0,,0.00,
comment faire un arbre a chat catissa,,0,,0.00,
comment faire un arbre a chat dans minecraft,,0,,0.00,
comment faire un arbre a chat design,,0,,0.00,
comment faire un arbre a chat diy,,0,,0.00,
comment faire un arbre a chat en hauteur,,0,,0.00,
comment faire un arbre a chat en hauteur design,,0,,0.00,
comment faire un arbre a chat en palette,,0,,0.00,
comment faire un arbre a chat facile a faire,,0,,0.00,
comment faire un arbre a chat fait maison,,0,,0.00,
comment faire un arbre a chat simple,,0,,0.00,
comment faire un arbre a chat soi meme extérieur,,0,,0.00,
comment faire un arbre a chat très solide,,0,,0.00,
comment faire un arbre a chat tuyau,,0,,0.00,
comment faire un arbre a chats,,0,,0.00,
comment faire un arbre a chats avec un carton,,0,,0.00,
comment faire un arbre a chats en carton,,0,,0.00,
comment faire un grand arbre a chat,,0,,0.00,
comment faire un grand arbre a chat sois méme,,0,,0.00,
comment faire utiliser l'arbre a chat sans harbe,,0,,0.00,
comment faire venir un chat sur l arbre a chat,,0,,0.00,
comment fixer la corde d'un arbre a chat,,0,,0.00,
comment fixer plafind arbre a chat,,0,,0.00,
comment fixer plafond arbre a chat,,0,,0.00,
comment fixer sisal arbre a chat,,0,,0.00,
comment fixer un arbre a chat au plafond,,0,,0.00,
comment fixer un arbre a chat fixat plafond,,0,,0.00,
comment fixer un arbre a chat plafond,,0,,0.00,
comment forcer mon chat a utiliser son arbre a chat,,0,,0.00,
comment frabrique un arbre a chat,,0,,0.00,
comment habituer m9n chat a son arbre a chat,,0,,0.00,
comment habituer un chat a son arbre a chat,,0,,0.00,
comment habituer un chat a un arbre a chat,,0,,0.00,
comment habituer un chat adulte a l'arbre à chat,,0,,0.00,
comment habituer un chaton a un arbre a chat,,0,,0.00,
comment habitué un chat au arbre a chat,,0,,0.00,
comment inciter son chat a griffer l'arbre a chat,,0,,0.00,
comment insiter un chat sur un arbre a chat,,0,,0.00,
comment lui faire utiliser son arbre a chat,,0,,0.00,
comment maintenir les pompons sur ressort d'arbre a chat,,0,,0.00,
comment mesurer longueur sisal pour arbre a chat,,0,,0.00,
comment minte m8n arbre a chat sans modèle,,0,,0.00,
comment monter arbre a chat,,0,,0.00,
comment monter arbre a chat o'malley,,0,,0.00,
comment monter un grand arbre a chat de 3 etage,,0,,0.00,
comment monter un grand arbre a chat spot flash,,0,,0.00,
comment monter un grand arbre a chat spot flassh,,0,,0.00,
comment nettoyer son arbre a chat,,0,,0.00,
comment nettoyer tissus arbre a chat,,0,,0.00,
comment nettoyer un arbre a chats vomis,,0,,0.00,
comment on dit arbre a chat en anglais,,0,,0.00,
comment poser de ma moquette sur un arbre a chats,,0,,0.00,
comment poser le sisal arbre a chat,,0,,0.00,
comment realiser un arbre a chat,,0,,0.00,
comment realiser un arbre a chat grande hauteur,,0,,0.00,
comment recoler la corde d'un arbre a chat,,0,,0.00,
comment recoller la corde sur un arbre a chat,,0,,0.00,
comment recorder un arbre a chat,,0,,0.00,
comment recouvrir un arbre a chat,,0,,0.00,
comment rediger une annonce pour vendre arbre a chat,,0,,0.00,
comment refaire corde arbre a chat,,0,,0.00,
comment refaire le tissu de mon arbre a chat,,0,,0.00,
comment refaire les poteau arbre a chat,,0,,0.00,
comment refaire pied arbre a chat,,0,,0.00,
comment refaire un arbre a chat,,0,,0.00,
comment remplacer la corde sur un arbre a chat,,0,,0.00,
comment reparer un poteau d'un arbre a chat,,0,,0.00,
comment revisser un arbre a chat,,0,,0.00,
comment s appelle les parties d un arbre a chat,,0,,0.00,
comment transformer un arbre a chat en etagere,,0,,0.00,
comment vit un chat dans son arbre a chat,,0,,0.00,
comment.faire.hn arbre a chat,,0,,0.00,
comment.fzire.hn arbre a chat,,0,,0.00,
commentbeviter un chat de monter a un arbre,,0,,0.00,
commentfabriquer arbre a chat,,0,,0.00,
commentremplacerla cordesur un arbre a chat,,0,,0.00,
commnt faire un arbre a chat,,0,,0.00,
compagnie des animaux arbre a chat penelope,,0,,0.00,
compagnon des daison arbres a chats,,0,,0.00,
compagnon des saisons arbre a chat,,0,,0.00,
comparaison arbre a chat,,0,,0.00,
comparaison arbres a chat,,0,,0.00,
comparaison qualite arbres a chat,,0,,0.00,
comparateur arbre a chat,,0,,0.21,
comparateur prix arbre a chat,,0,,0.00,
comparateur soldes arbre a chat,,0,,0.00,
comparateur soldes arbre a chat 160,,0,,0.00,
comparatif arbre a chat pas cher,,0,,0.00,
comparatif arbre a chat songmics,,0,,0.00,
comparatif de prix arbre a chat,,0,,0.00,
composer arbre a chat,,0,,0.00,
composer son arbre a chat,,0,,0.00,
composition d'un arbre a chat,,0,,0.00,
comprateur de prix arbre a chat,,0,,0.00,
conception d arbre a chat,,0,,0.00,
concevoir un arbre a chats,,0,,0.00,
confection arbre a chat,,0,,0.00,
configurer son arbre a chat,,0,,0.00,
conseil arbre a chat,,0,,0.00,
conseil pour refaire l'arbre a chat,,0,,0.00,
conseilbpour achat arbre a chat,,0,,0.00,
conseille pour choisir un arbre a chat,,0,,0.00,
conseils pour arbre a chat,,0,,0.00,
constructiin arbre a chat simple,,0,,0.00,
construction arbre a chat bois flotté,,0,,0.00,
construction arbre a chat pinterest,,0,,0.00,
construction arbre a chat simple,,0,,0.00,
construction arbre a chats,,0,,0.00,
construction d un arbre a chat original,,0,,0.00,
construction d'un arbre a chat,,0,,0.12,
construire arbre a chat adulte,,0,,0.00,
construire arbre a chat avec branche,,0,,0.00,
construire arbre a chat carton,,0,,0.00,
construire arbre a chat cube,,0,,0.00,
construire arbre a chat design,,0,,0.00,
construire arbre a chat diy,,0,,0.00,
construire arbre a chat en bois xxl,,0,,0.00,
construire arbre a chat en carton,,0,,0.00,
construire arbre a chat extérieur,,0,,0.00,
construire arbre a chat hauteur marches,,0,,0.00,
construire arbre a chat jusqu'au plafond,,0,,0.00,
construire arbre a chat maine coon,,0,,0.00,
construire arbre a chat maison,,0,,0.00,
construire arbre a chat palette,,0,,0.00,
construire arbre a chat plan,,0,,0.00,
construire arbre a chat quel tissu,,0,,0.00,
construire arbre a chat simple,,0,,0.00,
construire arbre a chat solide,,0,,0.00,
construire cabane arbre a chat,,0,,0.00,
construire en palette arbre a chat,,0,,0.00,
construire mon arbre a chat,,0,,0.00,
construire pour arbre a chat,,0,,0.00,
construire soi meme son arbre a chat,,0,,0.00,
construire soi meme un arbre a chat,,0,,0.00,
construire son arbre a chat maine coon,,0,,0.00,
construire son arbre a chat pour exterieur,,0,,0.00,
construire un arbre a chat avec du bois,,0,,0.00,
construire un arbre a chat design,,0,,0.00,
construire un arbre a chat en bambou,,0,,0.00,
construire un arbre a chat en bois flotte,,0,,0.00,
construire un arbre a chat facile,,0,,0.00,
construire un arbre a chat geant,,0,,0.00,
construire un arbre a chat grandeur nature,,0,,0.00,
construire un arbre a chat maison,,0,,0.00,
construire un arbre a chat mural,,0,,0.00,
construire un arbre a chat murale,,0,,0.00,
construire un arbre a chat naturel,,0,,0.00,
construire un arbre a chat plan,,0,,0.00,
construire un arbre a chat pour dehors,,0,,0.00,
construire un arbre a chat pour rat,,0,,0.00,
construire un arbre a chat simple,,0,,0.00,
construire un arbre a chat tonneau,,0,,0.00,
construire un arbre a chat tuto,,0,,0.00,
construire un arbre a chat xxl,,0,,0.00,
construire un arbre a chat youtube,,0,,0.00,
construire un arbre a chats,,0,,0.00,
construite arbre a chat,,0,,0.00,
constuire un arbre a chat,,0,,0.00,
contemporain arbre a chat moderne,,0,,0.00,
contruire arbre a chat,,0,,0.00,
coque iphone 6 arbre a chat,,0,,0.00,
coque iphone 6 arbre a chat etui coque housse,,0,,0.00,
cora dornach arbre a chat,,0,,0.00,
corbeille arbre a chat,,0,,0.00,
corbeille pour arbre a chat,,0,,0.00,
cordage arbre a chat,,0,,0.16,
cordage arbre a chat le plus résistant,,0,,0.00,
cordage pour arbre a chat,,0,,0.16,
cordage pour arbre a chat jut ou sisal,,0,,0.00,
cordage pour arbre a chat jute ou sisal,,0,,0.00,
cordage pour poteau arbre a chat,,0,,0.00,
cordage sisal naturel pour arbre a chat,,0,,0.00,
corde 16mm arbre a chat,,0,,0.00,
corde arbre a chat 20mm,,0,,0.00,
corde arbre a chat 6mm,,0,,0.00,
corde arbre a chat castorama,,0,,0.00,
corde arbre a chat diametre 11,,0,,0.00,
corde arbre a chat gamm vert,,0,,0.00,
corde arbre a chat leroy merlin,,0,,0.00,
corde arbre a chat limoges,,0,,0.00,
corde arbre a chat maxi zoo,,0,,0.00,
corde arbre a chat maxizoo,,0,,0.00,
corde arbre a chat noir,,0,,0.00,
corde arbre a chat promo,,0,,0.00,
corde arbre a chat resisante,,0,,0.00,
corde arbre a chat résistante,,0,,0.00,
corde arbre a chat truffaut,,0,,0.00,
corde arbre a chats,,0,,0.00,
corde chanvre arbre a chat,,0,,0.00,
corde chanvre pour arbre a chat,,0,,0.00,
corde de chanvre arbre a chat,,0,,0.00,
corde de chanvre pour arbre a chat,,0,,0.00,
corde de rechange arbre a chat,,0,,0.00,
corde de sisal arbre a chat,,0,,0.00,
corde de sisal pour arbre a chat pas cher,,0,,0.00,
corde en sisal 3 mm pour arbre a chat,,0,,0.00,
corde en sisal arbre a chat,,0,,0.00,
corde en sisal en 4mm pour arbre a chat,,0,,0.00,
corde en sisal naturel pour arbre a chat bricorama,,0,,0.00,
corde griffoir arbre a chat,,0,,0.00,
corde grise pour arbre a chat,,0,,0.00,
corde photo poure arbre a chat,,0,,0.00,
corde polypropylène arbre a chat,,0,,0.00,
corde poteau arbre a chat,,0,,0.00,
corde pou arbre a chat,,0,,0.00,
corde pour arbre a chat danimo,,0,,0.00,
corde pour arbre a chat leroy merlin,,0,,0.00,
corde pour arbre a chat maxi zoo,,0,,0.00,
corde pour arbre a chat prix,,0,,0.00,
corde pour arbre a chats,,0,,0.00,
corde pour faire arbre a chat,,0,,0.00,
corde pour faire un arbre a chat,,0,,0.00,
corde pour poteau arbre a chat,,0,,0.00,
corde pour refaire arbre a chat,,0,,0.00,
corde pour reparer arbre a chat,,0,,0.00,
corde pour réparé arbre a chat,,0,,0.00,
corde reparer arbre a chat,,0,,0.00,
corde réparation colonne arbre a chat,,0,,0.00,
corde sisal 6mm arbre a chat,,0,,0.00,
corde sisal 8mm arbre a chat,,0,,0.00,
corde sisal arbre a chat conseil,,0,,0.00,
corde sisal arbre a chat diametre 11,,0,,0.00,
corde sisal arbre a chat diamètre,,0,,0.00,
corde sisal arbre a chat grise,,0,,0.00,
corde sisal arbre a chat zooplus,,0,,0.00,
corde sisal pour arbre a chat amazon,,0,,0.00,
corde sisal pour arbre à chats a metz,,0,,0.00,
corde sur bois arbre a chat,,0,,0.00,
corde utiliser pour arbre a chat,,0,,0.00,
cordecpour arbre a chat,,0,,0.00,
cordelette arbre a chat,,0,,0.00,
cordon arbre a chat,,0,,0.00,
cordre arbre a chat,,0,,0.00,
cote nature arbre a chat,,0,,0.00,
cotec arbre a chat,,0,,0.00,
couchage pour arbre a chat,,0,,0.00,
couchette pour arbre a chat,,0,,0.00,
couffin arbre a chat marron,,0,,0.00,
coupons réductions amazon arbre a chat,,0,,0.00,
coussin arbre a chat songmics,,0,,0.00,
coussin arbre a chat vesper,,0,,0.00,
coussin chat pour arbre a chat,,0,,0.00,
coussin de rechange arbre a chat feandrea,,0,,0.00,
coussin de rechange pour arbre a chat natural paradise,,0,,0.00,
coussin mouton pour arbre a chat,,0,,0.00,
coussin rond pour arbre a chat,,0,,0.00,
coussin vesper arbre a chat,,0,,0.00,
couverture arbre a chat,,0,,0.00,
cozy pet arbre a chat,,0,,0.00,
crap calum arbre a chat,,0,,0.00,
crapcalum arbre a chat,,0,,0.00,
createur arbre a chat,,0,,0.00,
creation arbre a chat bois mort,,0,,0.00,
creation arbre a chat en carton,,0,,0.00,
creation d'un arbre arbre a chat,,0,,0.00,
cree soi meme son arbre a chat,,0,,0.00,
cree un arbre a chat rapide gratuit,,0,,0.00,
creer arbre a chat avec des tirours,,0,,0.00,
creer mon arbre a chat,,0,,0.00,
creer soi meme son arbre a chat,,0,,0.00,
creer son arbre a chat,,0,,0.22,
creer son entreprise d'arbre a chats,,0,,0.00,
creer son propre arbre a chat,,0,,0.00,
creer un arbre a chat,,0,,0.00,
croci arbre a chat,,0,,0.00,
croquetteland arbre a chat,,0,,0.00,
croquettlanf arbre a chat,,0,,0.00,
croquis arbre a chat,,0,,0.00,
créer arbre a chat avec lego et colle,,0,,0.00,
créer arbre a chat mural fait maison,,0,,0.00,
créer son arbre a chat avec des planche et mettale,,0,,0.00,
créer spn arbre a chat,,0,,0.00,
créer sur arbre a chat sur mesure,,0,,0.00,
créer un arbre a chat d'extérieur,,0,,0.00,
créer un arbre a chat exterieur,,0,,0.00,
ctafeaniomer arbre a chat com,,0,,0.00,
cube arbre a chat 20 minutes,,0,,0.00,
cube arbre a chat direct matin,,0,,0.00,
cube arbre a chat gamme vert,,0,,0.00,
cube carton arbre a chat,,0,,0.00,
cube pour arbre a chat,,0,,0.00,
cubox arbre a chat,,0,,0.00,
curacao arbre a chat,,0,,0.00,
curacao arbre a chat 141,,0,,0.00,
cussin pour arbre a chat,,0,,0.00,
customiser arbre a chat,,0,,0.00,
customiser un arbre a chat,,0,,0.00,
cuvette arbre a chat,,0,,0.00,
d arbre a chat,,0,,0.00,
d arbres a chats de qualite pour grand chat,,0,,0.00,
d&d arbres a chat,,0,,0.00,
daman amur arbre a chat,,0,,0.00,
dandy's pet arbre a chat,,0,,0.00,
danger arbre a chat trop haut,,0,,0.00,
darty arbre a chat,,0,,0.00,
de la lazure pour mon arbre a chat,,0,,0.00,
deco arbre a chat pinterest,,0,,0.00,
decora home arbre a chat,,0,,0.00,
decora modern arbre a chat,,0,,0.00,
decoracion moderna arbre a chat,,0,,0.00,
decoration arbre a chat,,0,,0.00,
decorer arbre a chat avec plantes géantes,,0,,0.00,
decorer arbre a chat maison,,0,,0.00,
definition arbre a chat,,0,,0.00,
delicat arbre a chat,,0,,0.00,
demonter arbre a chat,,0,,0.00,
deplacer arbre a chat avec un chat,,0,,0.00,
derivé un objet en arbre a chat,,0,,0.00,
derly arbre a chat,,0,,0.00,
des accessoires pour un arbre a chat,,0,,0.00,
des arbres a chat et accessoires,,0,,0.00,
des arbres a chat pascomme les autres,,0,,0.00,
des grand arbre a chat pas cher,,0,,0.00,
desifecter arbre a chat teigne,,0,,0.00,
design arbre a chat osier,,0,,0.00,
desinfecter arbre a chat,,0,,0.00,
desinfecter un arbre a chat,,0,,0.00,
desjardins arbre a chat,,0,,0.00,
desodoriser l arbre a chat,,0,,0.00,
dessin a colorier chat arbre,,0,,0.00,
dessin a colorier un chat qui monte dans un arbre,,0,,0.00,
dessin arbre a chat facile,,0,,0.00,
dessin arbre a chat peinture pinterest,,0,,0.00,
dessin chat avec arbre a chat a imprimer,,0,,0.00,
dessin d arbre a chat avec chat dessu,,0,,0.00,
dessin d'arbre a chat,,0,,0.00,
dessin sur papier un arbre a chat,,0,,0.00,
dessiner son arbre a chat,,0,,0.00,
dessiner sur papier un arbre a chat avec des branches,,0,,0.00,
dessiner un arbre a chat avec des branches,,0,,0.00,
dessins d'arbre a chats à imprimer en couleures,,0,,0.00,
destickage arbre a chat,,0,,0.00,
destockage arbre a chat cdiscount,,0,,0.00,
destockage arbre a chat en bois,,0,,0.00,
destockage arbre a chat main coon,,0,,0.00,
detourner un meuble pour en faire un arbre a chat,,0,,0.00,
deuba arbre a chat,,0,,0.00,
dfabriquer un arbre a chat,,0,,0.00,
diametre corde arbre a chat,,0,,0.00,
diametre corde sisal arbre a chat,,0,,0.00,
diametre un poteau pour arbre a chat,,0,,0.00,
dibea arbre a chat,,0,,0.00,
dibea arbre a chat avec griffoir centre d'activités marron beige,,0,,0.00,
difference arbre a chat et griffoire,,0,,0.00,
difference entre un griffoir et un arbre a chat,,0,,0.00,
difference griffoir et arbre a chat,,0,,0.00,
difference petit ou grand arbre a chat,,0,,0.00,
diffusion arbre a the bon pour les chats,,0,,0.00,
différent arbre a chat et griffoir,,0,,0.00,
dimension arbre a chat 130 cm,,0,,0.00,
dimension arbre a chat gifi a angles,,0,,0.00,
dimension arbre a chat maine coon,,0,,0.00,
dimension arbre a chat north dakota gris,,0,,0.00,
dimension d un poteau pour arbre a chat,,0,,0.00,
dimension exacte arbre a chat bengal gris,,0,,0.00,
dimension griffoir arbre a chat,,0,,0.00,
dimension griffoir arbre a chat amazon,,0,,0.00,
dimension plateforme arbre a chat,,0,,0.00,
dimensions arbre a chat base vesper,,0,,0.00,
dimensions grand.arbre a chat,,0,,0.00,
dimention exacte arbre a chat bingal gris,,0,,0.00,
diplome fantaisie arbres a chats,,0,,0.00,
directive pour fabriquer un arbre a chat,,0,,0.00,
discount arbre a chat prix,,0,,0.00,
dixie arbre a chat,,0,,0.00,
diy arbre a chat adulte,,0,,0.00,
diy arbre a chat d'extérieur,,0,,0.00,
diy arbre a chat en bambou,,0,,0.00,
diy arbre a chat en bois,,0,,0.00,
diy arbre a chat en carton,,0,,0.00,
diy arbre a chat en palette,,0,,0.00,
diy arbre a chat escabeau,,0,,0.00,
diy arbre a chat escabo,,0,,0.00,
diy arbre a chat etagere,,0,,0.00,
diy arbre a chat ikea,,0,,0.00,
diy arbre a chat moderne,,0,,0.00,
diy arbre a chat naturel,,0,,0.00,
diy arbre a chat plafond,,0,,0.00,
diy arbre a chat simples,,0,,0.00,
diy arbre a chat style,,0,,0.00,
diy arbre a chat style accroche au mur,,0,,0.00,
diy arbre à chat planche a decouper,,0,,0.00,
diy grand arbre a chat,,0,,0.00,
diy plan arbre a chat,,0,,0.00,
do it yourself arbre a chat,,0,,0.00,
docamor arbre a chat,,0,,0.00,
doggy & co arbre a chat,,0,,0.00,
doggy and co arbre a chat,,0,,0.00,
doggy and co arbre a chat et hamac,,0,,0.00,
doggy arbre a chat montage du chapeau,,0,,0.00,
doggy arbre a chat montage du chapeau 48h 143 35,,0,,0.00,
doggy et co arbre a chat,,0,,0.00,
doit on prendre un arbre a chat,,0,,0.00,
dolomit arbre a chat,,0,,0.00,
dolomit arbre a chat mural,,0,,0.00,
don arbre a chat marne,,0,,0.00,
don arbre a chat sur valencienne,,0,,0.00,
don.d arbre a chat,,0,,0.00,
donne arbre a chat 74,,0,,0.00,
donne arbre a chat gironde,,0,,0.00,
donne arbre a chat joinville le pont,,0,,0.00,
donne arbre a chat lyon,,0,,0.00,
donne arbre a chat nord,,0,,0.00,
donne arbre a chat paris,,0,,0.00,
donne arbre a chat val de marne,,0,,0.00,
donne à auray arbre a chat,,0,,0.00,
donner envie a son chat d'aller sur son arbre,,0,,0.00,
donner un arbre a chat lpa lille,,0,,0.00,
donnons.frmandeleieu la napouel arbre a chat,,0,,0.00,
donnons.mandelieu la napoule arbre a chat,,0,,0.00,
donnons.org arbre a chat,,0,,0.00,
dons.arbre a chat deja utilise,,0,,0.00,
doogy arbre a chat montage du chapeau,,0,,0.00,
doogy arbre a chat montage du chapeau 48 h143 35,,0,,0.00,
dosage huiole essentielle arbre a the chat,,0,,0.00,
double arbre a chat,,0,,0.00,
double arbre a chat xxl,,0,,0.00,
duponzoo arbre a chat,,0,,0.00,
durée de vie d'un arbre a chat,,0,,0.00,
dya arbre a chat pas cher,,0,,0.00,
dye un arbre a chat,,0,,0.00,
dyi arbre a chat,,0,,0.00,
dyt arbre a chat,,0,,0.00,
désinfectant arbre a chat,,0,,0.00,
désinfecter arbre a chat,,0,,0.00,
désinfecter arbre a chat teigne,,0,,0.00,
e bay gironde arbre a chat,,0,,0.00,
e leclerc arbre a chat,,0,,0.00,
ebay arbre a chat 153 cm,,0,,0.00,
ebay arbre a chat blanc,,0,,0.00,
ebay arbre a chat geant,,0,,0.00,
ebay arbre a chat palace,,0,,0.00,
ebay arbres a chat,,0,,0.00,
ebay canada arbre a chat,,0,,0.00,
ebay module arbre a chat,,0,,0.00,
ebay.fr arbre a chat,,0,,0.00,
ebi arbre a chat palazzo,,0,,0.00,
ebi eu arbre a chat,,0,,0.00,
ebi pine natural arbre a chat,,0,,0.00,
eco impulse arbre a chat,,0,,0.00,
educhateur arbre a chat,,0,,0.00,
effet arbre a chat,,0,,0.00,
einspreis arbre a chat sisal,,0,,0.00,
einspreis arbre a chat sisal allemagne,,0,,0.00,
eleclerc arbre a chat,,0,,0.00,
element arbre a chat kerbl,,0,,0.00,
element arbre a chat mural,,0,,0.00,
element arbre a chat pas cher,,0,,0.00,
element arbre a chat vesper,,0,,0.00,
element d'arbre a chat,,0,,0.00,
element d'arbres a chats,,0,,0.00,
element de rechange pour arbre a chat,,0,,0.00,
element pour agrandir arbre a chat,,0,,0.00,
elements arbre a chat,,0,,0.00,
elements pour arbre a chat,,0,,0.00,
elly arbre a chat crème,,0,,0.00,
elodie larose arbre a chat,,0,,0.00,
elodie larose lien arbre a chat,,0,,0.00,
embouts poteau arbre a chats diametre 53 5-8,,0,,0.00,
emedo arbre a chat,,0,,0.00,
empecher pipi arbre a chat,,0,,0.00,
empecher un chat de grimper a un arbre,,0,,0.00,
emplacement arbre a chat pour manger,,0,,0.00,
en casa arbre a chat,,0,,0.00,
en.casa arbre a chat,,0,,0.00,
eni essentiel grand arbre a chat,,0,,0.00,
enlever axe arbre a chat,,0,,0.00,
enlever axe arbre a chats pince,,0,,0.00,
enlever odeur de caca sur arbre a chat,,0,,0.00,
enlever trace urine arbre a chat,,0,,0.00,
enorme arbre a chat pas cher,,0,,0.00,
enseigne discount pour arbre a chat,,0,,0.00,
entreprise arbre a chat au mur,,0,,0.00,
entretenir griffoir arbre a chat,,0,,0.00,
entretien arbre a chat,,0,,0.00,
entretien.arbre a chat,,0,,0.00,
eono arbre a chat,,0,,0.00,
epaisseur cordage arbre a chat,,0,,0.00,
epoxy arbre a chat,,0,,0.00,
equerre arbre a chat,,0,,0.00,
escabeau arbre a chat,,0,,0.00,
escabeau ikea arbre a chat,,0,,0.00,
escalier 3 marche arbre a chat,,0,,0.00,
escalier a ajouter a l'arbre a chat,,0,,0.00,
escalier en bois pour arbre a chat,,0,,0.00,
escalier pour arbre a chat,,0,,0.00,
espace maison arbre a chat,,0,,0.00,
espérance de vie d'un arbre a chat,,0,,0.00,
est ce qu'on peut constriure son propre arbre a chat,,0,,0.00,
est ce qu'un chat a besoin d'un arbre à chat,,0,,0.00,
est ce que les chats aiment les arbres a chat,,0,,0.00,
estimer valeur arbre a chat,,0,,0.00,
etage supplementaire arbre a chat,,0,,0.00,
etagere arbre a chat 45,,0,,0.00,
etagere arbre a chat diy,,0,,0.00,
etagere bois arbre a chat,,0,,0.00,
etagere echelle arbre a chat,,0,,0.00,
etagere ikea arbre a chat,,0,,0.00,
etagere pour arbre a chat,,0,,0.00,
etageres arbre a chat,,0,,0.00,
etais arbre a chat,,0,,0.00,
europet bernina poteau arbre a chat,,0,,0.00,
europet bernina poteau arbre a chat 120 cm,,0,,0.00,
europet bernina poteau arbre a chat 120cm,,0,,0.00,
europetbernina arbre a chat,,0,,0.00,
eviter au chat de montef a l arbre,,0,,0.00,
exemple arbre a chat,,0,,0.00,
exemple arbre a chat maison,,0,,0.00,
exotus arbre a chat,,0,,0.00,
eyepower arbre a chat 2.15m,,0,,0.00,
eyepower arbre a chat linus 2 15m,,0,,0.00,
fab corde en chanvre fabrication arbre a chat,,0,,0.00,
fabirquer arbre a chat naturel,,0,,0.00,
fabricant arbre a chat,,0,,0.11,
fabricant arbre a chat design en bois,,0,,0.00,
fabricant arbre a chat en bois,,0,,0.00,
fabricant arbre à chat a nice,,0,,0.00,
fabricant d arbre a chat,,0,,0.11,
fabricant d'arbre a chat mural,,0,,0.00,
fabricants arbre a chat,,0,,0.00,
fabricarion arbre a chat,,0,,0.00,
fabricatio un arbre a chat,,0,,0.00,
fabrication arbre a chat bajus,,0,,0.00,
fabrication arbre a chat besancon,,0,,0.00,
fabrication arbre a chat en carton,,0,,0.00,
fabrication arbre a chat facile,,0,,0.00,
fabrication arbre a chat fixer au mur besancon,,0,,0.00,
fabrication arbre a chat fixer au murbesancon,,0,,0.00,
fabrication arbre a chat geant,,0,,0.00,
fabrication arbre a chat sur pilier,,0,,0.00,
fabrication artisanale arbre a chat,,0,,0.00,
fabrication d'un arbre a chat,,0,,0.11,
fabrication maison panier arbre a chat,,0,,0.00,
fabrication un arbre a chat,,0,,0.00,
fabricé un arbre a chat,,0,,0.00,
fabriguer un joli arbre a chat,,0,,0.00,
fabriquant des arbres a chat,,0,,0.00,
fabriquant des arbres a chat trixie,,0,,0.00,
fabrique arbre a chat en bambou,,0,,0.00,
fabrique griffoir a chat en tronc d arbre,,0,,0.00,
fabriquer accessoire pour arbre a chat,,0,,0.00,
fabriquer arbre a chat 3 pieds,,0,,0.00,
fabriquer arbre a chat avec cabane litierz,,0,,0.00,
fabriquer arbre a chat avec caisses en bois,,0,,0.00,
fabriquer arbre a chat avec carton,,0,,0.00,
fabriquer arbre a chat avec des palettes,,0,,0.00,
fabriquer arbre a chat avec palette,,0,,0.00,
fabriquer arbre a chat avec rube pvc,,0,,0.00,
fabriquer arbre a chat avec tronc d'arbre,,0,,0.00,
fabriquer arbre a chat avec tube pvc,,0,,0.00,
fabriquer arbre a chat cactus,,0,,0.00,
fabriquer arbre a chat cylindre,,0,,0.00,
fabriquer arbre a chat de,,0,,0.00,
fabriquer arbre a chat deco,,0,,0.00,
fabriquer arbre a chat deco m6,,0,,0.00,
fabriquer arbre a chat echelle,,0,,0.00,
fabriquer arbre a chat et grattoir,,0,,0.00,
fabriquer arbre a chat exterieur,,0,,0.00,
fabriquer arbre a chat facile,,0,,0.00,
fabriquer arbre a chat kallax,,0,,0.00,
fabriquer arbre a chat maine coon,,0,,0.00,
fabriquer arbre a chat mural fait maison,,0,,0.00,
fabriquer arbre a chat murale avec palette,,0,,0.00,
fabriquer arbre a chat naturel,,0,,0.00,
fabriquer arbre a chat original,,0,,0.00,
fabriquer arbre a chat original avec du materiaux de recup,,0,,0.00,
fabriquer arbre a chat pas cher,,0,,0.00,
fabriquer arbre a chat plafond,,0,,0.00,
fabriquer arbre a chat recup,,0,,0.00,
fabriquer arbre a chat simple,,0,,0.00,
fabriquer arbre a chat sisal,,0,,0.00,
fabriquer arbre a chat soi meme,,0,,0.00,
fabriquer arbre a chat soi meme avec arbre,,0,,0.00,
fabriquer arbre a chat soi meme avec branche arbre,,0,,0.00,
fabriquer arbre a chat soi meme avec des rondin,,0,,0.00,
fabriquer arbre a chat superposé et griffoir avec des palettes,,0,,0.00,
fabriquer arbre a chat superposé et griffoir pour chat,,0,,0.00,
fabriquer arbre a chat sur pied,,0,,0.00,
fabriquer arbre a chat tonneau,,0,,0.00,
fabriquer arbre a chat tube pvc,,0,,0.00,
fabriquer arbre a chat vrai branche,,0,,0.00,
fabriquer arbre a chat youtube,,0,,0.00,
fabriquer arbre a chat zvec meuble existents,,0,,0.00,
fabriquer arbres a chat fait maison,,0,,0.00,
fabriquer grand arbre a chat,,0,,0.00,
fabriquer hamac arbre a chat,,0,,0.00,
fabriquer soi-meme son arbre a chat,,0,,0.00,
fabriquer soit meme arbre a chat tonneau,,0,,0.00,
fabriquer soit meme un arbre a chat,,0,,0.00,
fabriquer soit memeson arbre a chat,,0,,0.00,
fabriquer son arbre a chat design,,0,,0.00,
fabriquer son arbre a chat naturel,,0,,0.00,
fabriquer son arbre a chat soi meme,,0,,0.00,
fabriquer son arbre a chat sur mesure,,0,,0.00,
fabriquer son arbre a chat vidéo,,0,,0.00,
fabriquer son arbre a chat youtube,,0,,0.00,
fabriquer son arbre a chats,,0,,0.00,
fabriquer son propre arbre a chat,,0,,0.00,
fabriquer tuyau arbre a chat,,0,,0.00,
fabriquer un arbre a chat a gratter,,0,,0.00,
fabriquer un arbre a chat a l'aide d'une etagere,,0,,0.00,
fabriquer un arbre a chat avec chaise,,0,,0.00,
fabriquer un arbre a chat avec chaise haute,,0,,0.00,
fabriquer un arbre a chat avec de la recup,,0,,0.00,
fabriquer un arbre a chat avec des cagette,,0,,0.00,
fabriquer un arbre a chat avec des carton,,0,,0.00,
fabriquer un arbre a chat avec des palettes,,0,,0.00,
fabriquer un arbre a chat avec des tuyaux en pvc,,0,,0.00,
fabriquer un arbre a chat avec du bois,,0,,0.00,
fabriquer un arbre a chat avec du carton,,0,,0.00,
fabriquer un arbre a chat avec le socle de l'ancien,,0,,0.00,
fabriquer un arbre a chat avec palette,,0,,0.00,
fabriquer un arbre a chat avec rouleaux papier wc,,0,,0.00,
fabriquer un arbre a chat avec tronc,,0,,0.00,
fabriquer un arbre a chat avec un matelas,,0,,0.00,
fabriquer un arbre a chat avec un meuble,,0,,0.00,
fabriquer un arbre a chat avec un meuble d appoint,,0,,0.00,
fabriquer un arbre a chat avec un meuble youtube,,0,,0.00,
fabriquer un arbre a chat avec un pouf en bois,,0,,0.00,
fabriquer un arbre a chat avec un touret,,0,,0.00,
fabriquer un arbre a chat avec une chaise,,0,,0.00,
fabriquer un arbre a chat avec une vrai tronc,,0,,0.00,
fabriquer un arbre a chat avec une échelle,,0,,0.00,
fabriquer un arbre a chat avecun matelas,,0,,0.00,
fabriquer un arbre a chat bois,,0,,0.00,
fabriquer un arbre a chat cylindre,,0,,0.00,
fabriquer un arbre a chat d exterieur,,0,,0.00,
fabriquer un arbre a chat design,,0,,0.00,
fabriquer un arbre a chat dexterieur,,0,,0.00,
fabriquer un arbre a chat dimensions,,0,,0.00,
fabriquer un arbre a chat diy,,0,,0.00,
fabriquer un arbre a chat efficace,,0,,0.00,
fabriquer un arbre a chat elegant,,0,,0.00,
fabriquer un arbre a chat en bambou,,0,,0.00,
fabriquer un arbre a chat en bois de palette,,0,,0.00,
fabriquer un arbre a chat en bois naturel,,0,,0.00,
fabriquer un arbre a chat en carton modele,,0,,0.00,
fabriquer un arbre a chat en hauteur,,0,,0.00,
fabriquer un arbre a chat en hauteur pour deux chat,,0,,0.00,
fabriquer un arbre a chat en recyclage un matelas,,0,,0.00,
fabriquer un arbre a chat en recyclant un matelas,,0,,0.00,
fabriquer un arbre a chat extérieur facile,,0,,0.00,
fabriquer un arbre a chat fait maison,,0,,0.00,
fabriquer un arbre a chat la vie de mon chat,,0,,0.00,
fabriquer un arbre a chat mural youtube,,0,,0.00,
fabriquer un arbre a chat naturel,,0,,0.00,
fabriquer un arbre a chat pinterest,,0,,0.00,
fabriquer un arbre a chat plafond,,0,,0.00,
fabriquer un arbre a chat plan,,0,,0.00,
fabriquer un arbre a chat planche a repasser,,0,,0.00,
fabriquer un arbre a chat planche de coffrage,,0,,0.00,
fabriquer un arbre a chat pour lapin,,0,,0.00,
fabriquer un arbre a chat pour main coon,,0,,0.00,
fabriquer un arbre a chat solide,,0,,0.00,
fabriquer un arbre a chat suspendu,,0,,0.00,
fabriquer un arbre a chat tasseaux,,0,,0.00,
fabriquer un arbre a chat tronc d& 39,,0,,0.00,
fabriquer un arbre a chat tronc d'arbre,,0,,0.00,
fabriquer un arbre a chat tube pvc,,0,,0.00,
fabriquer un arbre a chat tuto,,0,,0.00,
fabriquer un arbre a chat valise,,0,,0.00,
fabriquer un arbre a chat xxl,,0,,0.00,
fabriquer un arbre a chat you tube,,0,,0.00,
fabriquer un arbre a chat youtube,,0,,0.00,
fabriquer un arbre a chats pas cher,,0,,0.00,
fabriquer un arbre a chats pour chat en palette,,0,,0.00,
fabriquer un arbre à chat avec des caisses a vin,,0,,0.00,
fabriquer un arbres a chat,,0,,0.00,
fabriquer un grand arbre a chat,,0,,0.00,
fabriquer un grand arbre a chat confortable,,0,,0.00,
fabriquer un hamac pour arbre a chat,,0,,0.00,
fabriquer un joli arbre a chat,,0,,0.00,
fabriquer un nouvel arbre a chat,,0,,0.00,
fabriquer un petit arbre a chat,,0,,0.00,
fabriquer un poteau arbre a chat sisal,,0,,0.00,
fabriquer un.arbre a chat caisse a vin,,0,,0.00,
fabriquer ungrand arbre a chat confortable,,0,,0.00,
fabriquerun nouvel arbre a chat,,0,,0.00,
fabriquervun arbre a chat,,0,,0.00,
fabriqué arbre a chat,,0,,0.00,
facebook market arbre a chats,,0,,0.00,
faire arbre a chat avec des panier en osier,,0,,0.00,
faire arbre a chat avec escabeau,,0,,0.00,
faire arbre a chat avec table ikea,,0,,0.00,
faire arbre a chat carton,,0,,0.00,
faire arbre a chat design,,0,,0.00,
faire arbre a chat diy,,0,,0.00,
faire arbre a chat en carton,,0,,0.00,
faire arbre a chat naturel,,0,,0.00,
faire coller corde arbre a chat maison,,0,,0.00,
faire coussin arbre a chat,,0,,0.00,
faire fabriquer arbre a chat,,0,,0.00,
faire poteau arbre a chat,,0,,0.00,
faire pousser arbre a chat,,0,,0.00,
faire soi meme arbre a chat,,0,,0.00,
faire soi meme arbre a chat en rotin,,0,,0.00,
faire soi meme son arbre a chat,,0,,0.00,
faire soi meme son arbre a chat avec des tourets,,0,,0.00,
faire sois meme un arbre a chat,,0,,0.00,
faire son arbre a chat g2an,,0,,0.00,
faire son arbre a chat geant,,0,,0.00,
faire son arbre a chat maison,,0,,0.00,
faire son arbre à chat avec boite a oeuf,,0,,0.00,
faire son propre arbre a chat,,0,,0.00,
faire sont arbre a chat,,0,,0.00,
faire un arbre a chat a partir d'un meuble,,0,,0.00,
faire un arbre a chat avec arbre,,0,,0.00,
faire un arbre a chat avec bois flotte,,0,,0.00,
faire un arbre a chat avec des bûches,,0,,0.00,
faire un arbre a chat avec des caisses a pommes,,0,,0.00,
faire un arbre a chat avec des cartons,,0,,0.00,
faire un arbre a chat avec des corbeilles,,0,,0.00,
faire un arbre a chat avec des tuyaux pvc,,0,,0.00,
faire un arbre a chat avec palette,,0,,0.00,
faire un arbre a chat avec un arbre,,0,,0.00,
faire un arbre a chat avec un arbre mort,,0,,0.00,
faire un arbre a chat avec un meuble escaliers,,0,,0.00,
faire un arbre a chat avec un plateau,,0,,0.00,
faire un arbre a chat avec un tronc d arbre,,0,,0.00,
faire un arbre a chat avec un tronc d& 39,,0,,0.00,
faire un arbre a chat avec un tronc darbre,,0,,0.00,
faire un arbre a chat avec une chaise,,0,,0.00,
faire un arbre a chat avec une table de nuit,,0,,0.00,
faire un arbre a chat bohème,,0,,0.00,
faire un arbre a chat bois,,0,,0.00,
faire un arbre a chat de reve,,0,,0.00,
faire un arbre a chat design,,0,,0.00,
faire un arbre a chat diy,,0,,0.00,
faire un arbre a chat en meuble ikea,,0,,0.00,
faire un arbre a chat mural,,0,,0.00,
faire un arbre a chat pas cher,,0,,0.00,
faire un arbre a chat plateforme,,0,,0.00,
faire un arbre a chat playmobil,,0,,0.00,
faire un arbre a chat pour le jardin,,0,,0.00,
faire un arbre a chat pvc 100,,0,,0.00,
faire un arbre a chat recup,,0,,0.00,
faire un arbre a chat reve,,0,,0.00,
faire un arbre a chat romantique,,0,,0.00,
faire un arbre a chat soit meme,,0,,0.00,
faire un arbre a chat style shabby,,0,,0.00,
faire un arbre a chat vec des palets en bois,,0,,0.00,
faire un arbre a chats,,0,,0.00,
faire un emplacement sur l'arbre a chat croquette,,0,,0.00,
faire un emplacemnt sur l'arbre a chat pour leur croquettes,,0,,0.00,
faire un plateau plus grand pour arbre a chat,,0,,0.00,
fait maison arbre a chat maison,,0,,0.00,
faite son arbre a chat,,0,,0.00,
family pet arbre a chat,,0,,0.00,
fandrea arbre a chat,,0,,0.00,
faq arbre a chat,,0,,0.00,
far fouille arbre a chat,,0,,0.00,
farfouille arbre a chat,,0,,0.00,
fausse fourrure arbre a chat,,0,,0.00,
faut il donner de l arbre a chat,,0,,0.00,
faut il obligatoirement avoir un arbre a chat,,0,,0.00,
faut il un arbre a chat en maison,,0,,0.00,
faut il un arbre a chat ou pas,,0,,0.00,
faut il un grand arbre a chat,,0,,0.00,
fauteuil de.rechange arbre.a.chat,,0,,0.00,
favec quell corde faire un arbre a chat,,0,,0.00,
favennec arbre a chat,,0,,0.00,
favrication arbre a chat brunoy,,0,,0.00,
fbriquer mat arbre a chat,,0,,0.00,
feandra arbre a chat xxl,,0,,0.00,
feandrac arbre a chat,,0,,0.00,
feandre arbre a chat 110 cm,,0,,0.00,
feandrea arbre a chat 110 cm,,0,,0.00,
feandrea arbre a chat avev plateforme d observation xxl,,0,,0.00,
feandrea arbre a chat gris clair pct02w,,0,,0.00,
feandrea arbre a chat solide,,0,,0.00,
feandrea arbre a chat solide amazon,,0,,0.00,
febreze textile arbre a chat,,0,,0.00,
fecorer arbre a chat avec vraie plantes,,0,,0.00,
feesnapf arbre a chat,,0,,0.00,
feiship arbre a chat,,0,,0.00,
fendrea arbre a chat,,0,,0.00,
ferribiella arbre a chat,,0,,0.00,
fficelle pour arbre a chat chez jtm,,0,,0.00,
fgrand arbre a chat,,0,,0.00,
ficelle en jute naturelle arbre a chat,,0,,0.00,
ficelle naturelle pour arbre a chat,,0,,0.00,
ficelle pour un arbre a chat,,0,,0.00,
ficelle sisal 6mm pour arbre a chat,,0,,0.00,
ficelle sisal arbre a chat 9mm,,0,,0.00,
ficelle sisal pour arbre a chat pas chere,,0,,0.00,
fiche produit arbre a chat cascadeur,,0,,0.00,
ficlle arbre a chat,,0,,0.00,
fil arbre a chat pas chere grossiste,,0,,0.00,
fil pour arbres a chat,,0,,0.00,
fil tressé pour arbre a chat,,0,,0.00,
finether arbre a chat,,0,,0.00,
finether arbre a chat cdiscount,,0,,0.00,
finether arbre a chats,,0,,0.00,
finether recharge arbre a chat,,0,,0.00,
fippi arbre a chat,,0,,0.00,
fisele arbre a chat,,0,,0.00,
fixateur arbre a chat,,0,,0.00,
fixation branche arbre a chat,,0,,0.00,
fixation d un arbre a chat,,0,,0.00,
fixation mural arbre a chat,,0,,0.00,
fixation pour arbre a chat,,0,,0.00,
fixation pour branche arbre a chat,,0,,0.00,
fixation sol pour arbre a chat,,0,,0.00,
fixation univerdelle arbre a chat,,0,,0.00,
fixation universelle arbre a chat zooplus,,0,,0.00,
fixe son arbre a chat,,0,,0.00,
fixer arbre a chat,,0,,0.00,
fixer bois arbre a chat,,0,,0.00,
fixer corde arbre a chat,,0,,0.00,
fixer la ficelle sisal sur poteau arbre a chat,,0,,0.00,
fixer son arbre a chat,,0,,0.00,
fixer un arbre a chat au mur,,0,,0.00,
flair in the city arbre a chat,,0,,0.00,
flandrea arbre a chat,,0,,0.00,
fleuriste arbre a chat a calais,,0,,0.00,
floralux arbre a chat,,0,,0.00,
floralux dadizeele arbres a chat,,0,,0.00,
florian arbre a chat,,0,,0.00,
florian ebeniste createur arbre a chat appartement,,0,,0.00,
florinad aurillac cantal arbre a chats,,0,,0.00,
florinand arbre a chats nobby,,0,,0.00,
florinand aurillac cantal arbre a chats,,0,,0.00,
floruan menuusier arbre a chat,,0,,0.00,
flower arbre a chat,,0,,0.00,
fluffy arbre a chat,,0,,0.00,
fnac arbre a chat vesper,,0,,0.00,
foir fouille begles arbre a chat,,0,,0.00,
foir'fouille arbre a chat prix,,0,,0.00,
foir'fouille pusey arbre a chat,,0,,0.00,
foire fouille arbres a chat,,0,,0.00,
foire fouille pusey arbre a chat,,0,,0.00,
foire fuille arbre a chat,,0,,0.00,
foirefouille arbre a chat,,0,,0.00,
fonction d'un arbre a chat,,0,,0.00,
fond d'ecran ultra hd chat arbre a chat,,0,,0.00,
forkidsworld avis arbre a chat,,0,,0.00,
formation createur d'arbre a chat,,0,,0.00,
forum arbre a chat,,0,,0.00,
forum arbre a chat carton,,0,,0.00,
forum dimension pour arbre a chat bois,,0,,0.00,
forum dimension pour arbre a chat maine coon,,0,,0.00,
forum fabriquer arbre a chat,,0,,0.00,
forure arbre a chat,,0,,0.00,
fouine fouille pusey arbre a chat la foir'fouille,,0,,0.00,
fournisseur arbre a chat,,0,,0.00,
fournisseur arbre a chat pour dropshipping,,0,,0.00,
fournisseur vesper arbre a chat,,0,,0.00,
fourrure arbre a chat,,0,,0.00,
frabriquer un arbre a chat tres facile,,0,,0.00,
france vrai arbre a chat,,0,,0.00,
fred et rita arbre a chat,,0,,0.00,
fressnapf arbre a chat,,0,,0.00,
frotter arbre a chat avec olive,,0,,0.00,
frotter une olive sur l'arbre a chats,,0,,0.00,
funcat arbre a chat,,0,,0.00,
furet et arbre a chat,,0,,0.00,
fut arbre a chat,,0,,0.00,
gaia arbre a chat gaya,,0,,0.00,
gallerie 38 arbre a chat,,0,,0.00,
gam vert arbre a chat,,0,,0.00,
gam vert arbre a chat coussins,,0,,0.00,
gam vert arbre a chats,,0,,0.00,
gam vert arbre a chats barcelona,,0,,0.00,
gam vert arbre a chats grand plateau,,0,,0.00,
gam vert rayon animalerie arbre a chat,,0,,0.00,
game vert arbre a chat,,0,,0.00,
game vert st jean de luz arbre a chat,,0,,0.00,
gamelle chat dans arbre a chat,,0,,0.00,
gamm vert arbre a chat coussins,,0,,0.00,
gamm vert arbre a chats barcelona,,0,,0.00,
gamm vert arbre a chats grand plateau,,0,,0.00,
gamm vert arbres a chat,,0,,0.00,
gamm vert la tardiere arbre a chat,,0,,0.00,
gamm vert les herbiers arbre a chat,,0,,0.00,
gammvert arbre a chat,,0,,0.00,
garfield arbre a chat,,0,,0.00,
garfield et l arbre a chat,,0,,0.00,
garfield sur un arbre a chat,,0,,0.00,
gateau arbre a chat,,0,,0.00,
gazon artificiel arbre a chat,,0,,0.00,
gazon synthétiquel arbre a chat,,0,,0.00,
geant arbre a chat natural grand,,0,,0.00,
gfi arbre a chat,,0,,0.00,
gfoirfouille arbre a chat,,0,,0.00,
giada arbre a chat,,0,,0.00,
gif arbre a chat,,0,,0.00,
gif arbre a chat qui bouge,,0,,0.00,
giffi cluses arbre a chat,,0,,0.00,
gifi a epinal prix arbre a chat,,0,,0.00,
gifi a lisieux arbre a chat promo,,0,,0.00,
gifi arbre a chat 1m80,,0,,0.00,
gifi arbre a chat 3 en 1,,0,,0.00,
gifi arbre a chat 35 euros,,0,,0.00,
gifi arbre a chat a comenser,,0,,0.00,
gifi arbre a chat a commencé,,0,,0.00,
gifi arbre a chat a commender,,0,,0.00,
gifi arbre a chat cactus,,0,,0.00,
gifi arbre a chat laser,,0,,0.00,
gifi arbre a chat magasin gifi 91,,0,,0.00,
gifi arbre a chat osier,,0,,0.00,
gifi arbre a chats,,0,,0.29,
gifi arbres a chat,,0,,0.00,
gifi bailleul arbre a chat,,0,,0.00,
gifi barentin arbre a chat,,0,,0.00,
gifi beaucouzé arbre a chat,,0,,0.00,
gifi beziers arbre a chat,,0,,0.00,
gifi catalogue arbre a chat,,0,,0.00,
gifi châteaufarine arbre a chat,,0,,0.00,
gifi fleury les aubrais arbre a chats,,0,,0.00,
gifi grand arbre a chat,,0,,0.00,
gifi grand arbre a chat la réole,,0,,0.00,
gifi grand arbre a chat marmande 47200,,0,,0.00,
gifi la seyne arbre a chat,,0,,0.00,
gifi lisieux arbre a chat,,0,,0.00,
gifi montpellier arbre a chat,,0,,0.00,
gifi orvault arbre a chat,,0,,0.00,
gifi quetigny arbre a chat,,0,,0.00,
gifi saintes arbre a chat,,0,,0.00,
gifi saintes arbre a chat 60cm promo,,0,,0.00,
gifi st etienne arbre a chat,,0,,0.00,
gifi t arbre a chat,,0,,0.00,
gifi thouars arbre a chat,,0,,0.00,
gifu arbres a chats,,0,,0.00,
gigi arbre a chat,,0,,0.00,
glowelegant arbre a chat,,0,,0.00,
glowelegant arbre a chat avis,,0,,0.00,
goupillon long pour arbre a chat,,0,,0.00,
graine arbre a chat,,0,,0.00,
graines pour arbre a chat,,0,,0.00,
gram vert arbre a chat,,0,,0.00,
grand arbre a chat 220 cm pas cher,,0,,0.00,
grand arbre a chat 30 euros livraison gratuite,,0,,0.00,
grand arbre a chat a planter dans le jardin,,0,,0.00,
grand arbre a chat a prix discount,,0,,0.00,
grand arbre a chat allemagne,,0,,0.00,
grand arbre a chat avec activite,,0,,0.00,
grand arbre a chat avec activites,,0,,0.00,
grand arbre a chat avec activites chez amazon,,0,,0.00,
grand arbre a chat avec du pvc,,0,,0.00,
grand arbre a chat avec grand hamac,,0,,0.00,
grand arbre a chat avec hamac,,0,,0.00,
grand arbre a chat avec hamac et niche oas cher,,0,,0.00,
grand arbre a chat avec hamac et niche pas cher,,0,,0.00,
grand arbre a chat avec niche et hamac,,0,,0.00,
grand arbre a chat avec tuyau pvc,,0,,0.00,
grand arbre a chat beau,,0,,0.00,
grand arbre a chat bois avec amac,,0,,0.00,
grand arbre a chat bois avec hamac,,0,,0.00,
grand arbre a chat botanic,,0,,0.00,
grand arbre a chat cdiscount,,0,,0.00,
grand arbre a chat d& 39,,0,,0.00,
grand arbre a chat d'angle,,0,,0.00,
grand arbre a chat d'occasion,,0,,0.00,
grand arbre a chat de luxe,,0,,0.00,
grand arbre a chat de qualit2,,0,,0.00,
grand arbre a chat df jardin,,0,,0.00,
grand arbre a chat ebay,,0,,0.00,
grand arbre a chat ebay banc,,0,,0.00,
grand arbre a chat en bois,,0,,0.20,
grand arbre a chat en coin,,0,,0.00,
grand arbre a chat en don,,0,,0.00,
grand arbre a chat en palette,,0,,0.00,
grand arbre a chat facile a faire sois-meme,,0,,0.00,
grand arbre a chat gifi,,0,,0.00,
grand arbre a chat grand pas cher,,0,,0.00,
grand arbre a chat gris,,0,,0.00,
grand arbre a chat gris clair,,0,,0.00,
grand arbre a chat gris et blanc,,0,,0.00,
grand arbre a chat hamac,,0,,0.00,
grand arbre a chat jusquau plafond,,0,,0.00,
grand arbre a chat katzen,,0,,0.00,
grand arbre a chat large,,0,,0.00,
grand arbre a chat lcp handels,,0,,0.00,
grand arbre a chat le bon coin,,0,,0.00,
grand arbre a chat leopet,,0,,0.00,
grand arbre a chat lidl,,0,,0.00,
grand arbre a chat marmande 47200,,0,,0.00,
grand arbre a chat maxi zoo belfort,,0,,0.00,
grand arbre a chat mouelleux,,0,,0.00,
grand arbre a chat muscat,,0,,0.00,
grand arbre a chat muscat springfield,,0,,0.00,
grand arbre a chat noir,,0,,0.00,
grand arbre a chat ocasion haute normandie,,0,,0.00,
grand arbre a chat occasion haute normandie,,0,,0.00,
grand arbre a chat original,,0,,0.00,
grand arbre a chat palette,,0,,0.00,
grand arbre a chat paris,,0,,0.00,
grand arbre a chat pas cher livraison gratuite,,0,,0.00,
grand arbre a chat pas cher original,,0,,0.00,
grand arbre a chat pas cher solde,,0,,0.00,
grand arbre a chat pas tres cher,,0,,0.00,
grand arbre a chat pas tres cher amazone,,0,,0.00,
grand arbre a chat petit prix,,0,,0.00,
grand arbre a chat pour chaton,,0,,0.00,
grand arbre a chat pour main coon,,0,,0.00,
grand arbre a chat pour plusieurs chats,,0,,0.00,
grand arbre a chat pour savannah,,0,,0.00,
grand arbre a chat promo,,0,,0.00,
grand arbre a chat promo leclerc,,0,,0.00,
grand arbre a chat promotion,,0,,0.00,
grand arbre a chat pvc,,0,,0.00,
grand arbre a chat simple,,0,,0.00,
grand arbre a chat stable,,0,,0.00,
grand arbre a chat tectake,,0,,0.00,
grand arbre a chat trixie,,0,,0.00,
grand arbre a chat wanimo,,0,,0.00,
grand arbre a chat zooplus,,0,,0.00,
grand arbre a chat à 1 seul tour,,0,,0.00,
grand arbre a chat écologique,,0,,0.00,
grand arbre a chats joom,,0,,0.00,
grand arbre a chats pas cher,,0,,0.00,
grand chat arbre a chat,,0,,0.00,
grand chat geant arbre a chat,,0,,0.00,
grand chat gros poteau arbre a chat,,0,,0.00,
grand poteau arbre a chat,,0,,0.00,
grand poteau arbre a chat 90 cm,,0,,0.00,
grand sac confort pour arbre a chat,,0,,0.00,
grand var arbre a chat,,0,,0.00,
grands arbres a chats,,0,,0.00,
gratoir arbre a chat,,0,,0.00,
gratoire et arbre a chat,,0,,0.00,
grattoir arbre a chat,,0,,0.00,
grattoir de rechance arbre a chats,,0,,0.00,
grattoir pour arbres a chat individuel,,0,,0.00,
griffoir a chat pour arbre a chat marque charlie,,0,,0.00,
griffoir arbre a chat 40 cm,,0,,0.00,
griffoir arbre a chat 50 cm,,0,,0.00,
griffoir arbre a chat modele ronron,,0,,0.00,
griffoir arbre a chat modele ronron beige,,0,,0.00,
griffoir arbre a chat rose,,0,,0.00,
griffoir arbre a chat vague,,0,,0.00,
griffoir de rechange arbre a chat,,0,,0.00,
griffoir de remplacement pour arbre a chat,,0,,0.00,
griffoir design arbre a chat boule,,0,,0.00,
griffoir et arbre a chat,,0,,0.00,
griffoir et arbre à chat a faire soi meme pinterest,,0,,0.00,
griffoir pour arbre a chat 60 cm,,0,,0.00,
griffoir pour arbre a chat zooplus,,0,,0.00,
griffoir vesper pour arbre a chat,,0,,0.00,
griffoire et arbre a chat,,0,,0.00,
griffoire et arbre a chat pas cher,,0,,0.00,
gros arbre a chat classique,,0,,0.00,
gros arbre a chat en bois,,0,,0.00,
gros arbre a chat geant,,0,,0.00,
gros arbre a chat main coon,,0,,0.00,
gros arbre a chat marron,,0,,0.00,
gros arbre a chat pas cher,,0,,0.00,
gros arbre a chat rond,,0,,0.00,
gros arbres a chat,,0,,0.00,
gros arbres a chat adultes,,0,,0.00,
gros chat 6 kg trouver arbre a chat,,0,,0.00,
gros chat arbre a chat,,0,,0.00,
gros poteau arbre a chat,,0,,0.00,
gros poteau arbre a chat haut,,0,,0.00,
grosse bobine de corde pour arbre a chat,,0,,0.00,
grosse corde pour arbre a chat,,0,,0.00,
grossiste arbre a chats,,0,,0.00,
groupon arbre a chat belgique,,0,,0.00,
groupon arbres a chat,,0,,0.00,
groupon.fr deals arbre-a-chat-1,,0,,0.00,
guide arbre a chat,,0,,0.00,
géant casino mandelieu la napoule arbre a chat,,0,,0.00,
habbo arbre a chat,,0,,0.00,
habillage arbre a chat,,0,,0.00,
habillage arbre a chat natural paradise,,0,,0.00,
habillage pour arbre a chat,,0,,0.00,
habille arbre a chat,,0,,0.00,
habiller un arbre a chat,,0,,0.00,
haie arbre a chat,,0,,0.00,
hamac a arbre a chat,,0,,0.00,
hamac arbre a chat 9 mm,,0,,0.00,
hamac arbre a chat amazon,,0,,0.00,
hamac arbre a chat ebi,,0,,0.00,
hamac arbre a chat gaya,,0,,0.00,
hamac arbre a chat gris,,0,,0.00,
hamac arbre a chat kerbl,,0,,0.00,
hamac arbre a chat kerel,,0,,0.00,
hamac arbre a chat m8,,0,,0.00,
hamac arbre a chat natural paradise,,0,,0.00,
hamac arbre a chat noir,,0,,0.00,
hamac arbre a chat paradise,,0,,0.00,
hamac arbre a chat trixie,,0,,0.00,
hamac arbre a chat xxl,,0,,0.00,
hamac arbre a chats,,0,,0.00,
hamac arbre a chats pour maine coon,,0,,0.00,
hamac balencelle pour arbre a chat,,0,,0.00,
hamac bleu pour arbre a chat,,0,,0.00,
hamac de rechange pour arbre a chat,,0,,0.00,
hamac de suspension pour arbre a chat,,0,,0.00,
hamac elly arbre a chat crème,,0,,0.00,
hamac lit pour arbre a chat,,0,,0.00,
hamac pour arbre a chat 36 cm,,0,,0.00,
hamac pour arbre a chat 50cm,,0,,0.00,
hamac pour arbre a chat amazon,,0,,0.00,
hamac pour arbre a chat charlie,,0,,0.00,
hamac pour arbre a chat construiire,,0,,0.00,
hamac pour arbre a chat construire,,0,,0.00,
hamac pour arbre a chat crème,,0,,0.00,
hamac pour arbre a chat en noir,,0,,0.00,
hamac pour arbre a chat pas cher,,0,,0.00,
hamac pour arbre a chat piece detachée,,0,,0.00,
hamac pour arbre a chat xxl,,0,,0.00,
hamac pour arbre a chats,,0,,0.00,
hamac suspendu pour arbre a chat,,0,,0.00,
hamac xl pour arbre a chat crème,,0,,0.00,
hamac xxl arbre a chat,,0,,0.00,
hamac à accrocher a un arbre a chat,,0,,0.00,
hamacr arbre a chat xxl,,0,,0.00,
hami form arbre a chat,,0,,0.00,
hamiform arbre a chat pièce de rechange,,0,,0.00,
hammac arbre a chat,,0,,0.00,
happypet arbre a chat,,0,,0.00,
hasan tuncer arbre a chat bois wood,,0,,0.00,
hauteur 30 cm arbre a chat,,0,,0.00,
hauteur des arbres a chat vesper,,0,,0.00,
hauteur des arbres a chat vesper zooplus,,0,,0.00,
hauteur ideale arbre a chat,,0,,0.00,
hauts arbres a chats,,0,,0.00,
he arbre a the et chat,,0,,0.00,
hell's cat arbre a chat,,0,,0.00,
hema arbre a chat,,0,,0.00,
hema arbre a chat hema,,0,,0.00,
herbe à chat sur arbre a chat,,0,,0.00,
holly et polly arbre a chat,,0,,0.00,
homidec arbre a chat,,0,,0.00,
homycat arbre a chat,,0,,0.00,
horage.arbre a chat,,0,,0.00,
horaire d'ouverture gamm vert st peray arbres a chat,,0,,0.00,
horaire ma campagne murs érigné arbre a chat,,0,,0.00,
hotel arbre a chat,,0,,0.00,
hotel arbre a chat paris 15,,0,,0.00,
house arbre a chat natural paradise,,0,,0.00,
housse de rechange pour arbre a chat,,0,,0.00,
housse lavabke pour arbre a.chat,,0,,0.00,
housse pour arbre a chat,,0,,0.00,
housse pour arbres a chat,,0,,0.00,
http catalogue007.com lidl lidl-arbre-a-chat-14-20-fevrier-2018.html,,0,,0.00,
http www arbre a chat d'extérieur,,0,,0.00,
http www arbre a chat dexterieur,,0,,0.00,
http www.amazonie.com arbres-a-chat 1772-arbre-a-chat-palazzo-europet.html,,0,,0.00,
http www.arbre-a-chats.com,,0,,0.00,
http www.consommerdurable.com 2015 02 diy-arbre-a-chat-maison amp,,0,,0.00,
http www.zoomalia.com animalerie arbre-a-chat-c-258-1.html,,0,,0.00,
https chat-va-bien.fr arbre-a-chat-large-faire-des-affaires amp,,0,,0.00,
https www.amazon.fr s k arbre a chat feandrea,,0,,0.00,
https www.arbre a chat kilimandjaro,,0,,0.00,
https www.arbre-a-chats.com,,0,,0.00,
https www.blog.take-me-home.com fabriquer-un-arbre-a-chat-facile-pas-cher amp,,0,,0.00,
https www.cdiscount.com animalerie chats arbres-a-chat l-1621109.html,,0,,0.00,
https www.feandrea arbre a chat,,0,,0.00,
https www.univers-chat.com arbre-a-chat fabriquer-arbre-a-chat,,0,,0.00,
https://conscience-animale.fr/grand-arbre-a-chat/,,0,,0.00,
https://mon-arbre-a-chat.fr/sitemap.html,,0,,0.00,
huile arbre a the contre chat,,0,,0.00,
huile arbre a thé chat,,0,,0.00,
huile d olive arbre a chat,,0,,0.00,
huile d olive sur arbre a chat,,0,,0.00,
huile d'arbre a chat,,0,,0.00,
huile d'olive sur arbre a chat,,0,,0.00,
huile dolive sur les arbres a chat,,0,,0.00,
huile essentiel d'arbre a thé chat,,0,,0.00,
huile essentielle arbre a the sur chat,,0,,0.00,
huile essentielle arbre a thé chat,,0,,0.00,
huille.essentielle arbre.a.teau chat,,0,,0.00,
hule essentielle arbre a the et chat,,0,,0.00,
humberto arbre a chat,,0,,0.00,
hydrolat arbre a the sur abces du chat,,0,,0.00,
ideal mortier pour arbre a chat,,0,,0.00,
ideal pour arbre a chat,,0,,0.00,
idee arbre a chat a fabriquer soi meme,,0,,0.00,
idee arbre a chat appartement,,0,,0.00,
idee arbre a chat escalier,,0,,0.00,
idee arbre a chat exterieur,,0,,0.00,
idee bricolage fabriquer un arbre a chat,,0,,0.00,
idee faire arbre a chat,,0,,0.00,
idee personnaliser arbre a chat,,0,,0.00,
idee pour arbre a chat,,0,,0.00,
idee pour arbre a chat a faire soi meme,,0,,0.00,
idee pour fabriquer ub arbre a chat,,0,,0.00,
idee pour fabriquer un arbre a chat,,0,,0.00,
idee pour habiller arbre a chat,,0,,0.00,
idees arbre a chat,,0,,0.00,
idees ingenieuse pour arbre a chat,,0,,0.00,
idees ingenieuse pour arbre a chat fait maison,,0,,0.00,
idmarket arbre a chat,,0,,0.00,
idée arbre a chat,,0,,0.00,
idée arbre a chat diy,,0,,0.00,
idée arbre a chat en cube,,0,,0.00,
idée arbre a chat low cost appartement,,0,,0.00,
idée arbre a chat mur appartement,,0,,0.00,
idée arbre a chat rond,,0,,0.00,
idée construire arbre a chat,,0,,0.00,
idée d'arbre a chat,,0,,0.00,
idée d'arbre a chat a fabriquer,,0,,0.00,
idées arbres a chat récupration en cagettes photos,,0,,0.00,
idées création en bois arbre a chat,,0,,0.00,
idées pour arbre a chats,,0,,0.00,
ikea arbre a chat sapin,,0,,0.00,
ikea caen arbre a chat gris,,0,,0.00,
il fabrique des arbres a chat,,0,,0.00,
il ridiculise l arbre a chat,,0,,0.00,
il ridiculise le concepte des arbres a chats,,0,,0.00,
image arbre a chat amusant,,0,,0.00,
image arbre a chat en carton,,0,,0.00,
image arbre a chat facebook,,0,,0.00,
image arbre a chat luxe,,0,,0.00,
image arbre a chat palette en bois,,0,,0.00,
image arbre a chat rigolo et amusant,,0,,0.00,
image d arbre a chat,,0,,0.00,
image d'arbre a chat,,0,,0.00,
image d'arbre a chat a grater,,0,,0.00,
image d'arbre a chat a gratter,,0,,0.00,
image d'arbre a chat a gratter et cah,,0,,0.00,
image d'arbre a chat a gratter et chat,,0,,0.00,
image d'arbre a chats à imprimer en couleures,,0,,0.00,
image de arbre a chat,,0,,0.00,
image de chat entrain de monter a un arbre,,0,,0.00,
image de chats qui grimpe a un tronc d'arbre,,0,,0.00,
image de tectake arbre a chat xxl,,0,,0.00,
images arbre a chat,,0,,0.00,
immmense arbre a chat,,0,,0.00,
impermeabiliser arbre a a chat,,0,,0.00,
incroyable arbre a chat,,0,,0.00,
index arbre a chat forkidsworld.com,,0,,0.00,
inspiration arbre a chat,,0,,0.00,
installez lui un arbre a chat,,0,,0.00,
instructions de montage arbre a chat tectake,,0,,0.00,
integrer sa litiere dans l'arbre a chat,,0,,0.00,
interieur decoration arbre a chat,,0,,0.00,
interieur decorations arbre a chat,,0,,0.00,
internet explorer arbres a chats,,0,,0.00,
ir quality arbre a chat,,0,,0.00,
ivar ikea arbre a chat,,0,,0.00,
j'ai acheter un arbre a chat a la foirfouille,,0,,0.00,
jacinthe d'eau arbre a chat,,0,,0.00,
jago ag arbre a chat,,0,,0.00,
jago arbre a chat,,0,,0.00,
jago24 arbre a chat,,0,,0.00,
jago24 arbre a chat bois,,0,,0.00,
jai plus de croquettes arbre a chat,,0,,0.00,
jakocat arbre a chat,,0,,0.00,
jardi leclec a anet 28260 arbre a chat,,0,,0.00,
jardi leclerc a anet arbre a chat,,0,,0.00,
jardilan arbre a chat,,0,,0.00,
jardiland 28200 chateaudun arbre a chat,,0,,0.00,
jardiland arbre a chat corbeille,,0,,0.00,
jardiland arbre a chat grand plateau,,0,,0.00,
jardiland arbre a chat gris et grand,,0,,0.00,
jardiland arbre a chat hauteur 180 cm,,0,,0.00,
jardiland arbre a chat plafond,,0,,0.00,
jardiland arbre a chats,,0,,0.00,
jardiland arbres a chat,,0,,0.00,
jardiland arbres a chat promo,,0,,0.00,
jardiland arbres a chats,,0,,0.00,
jardiland bernay 27300 arbres a chat,,0,,0.00,
jardiland beziers promotion arbre a chats,,0,,0.00,
jardiland bourges arbre a chat,,0,,0.00,
jardiland brest arbre a chat,,0,,0.00,
jardiland champniers arbre a chat,,0,,0.00,
jardiland charleville arbre a chat,,0,,0.00,
jardiland chatenoy le royal arbre a chat,,0,,0.00,
jardiland clermont arbre a chat,,0,,0.00,
jardiland clermont ferrand arbres a chat,,0,,0.00,
jardiland griffoir arbre a chat vague,,0,,0.00,
jardiland orleans arbre a chat,,0,,0.00,
jardiland oteau de remplacement arbre a chat,,0,,0.00,
jardiland st nazaire arbre a chat,,0,,0.00,
jardiland tinqueux arbre a chat,,0,,0.00,
jardilande arbre a chat,,0,,0.00,
jardileclerc a anet arbre a chat,,0,,0.00,
jardinerie a tournes botanic arbre pour chats,,0,,0.00,
jardinerie du leman arbre a chat,,0,,0.00,
jardinerie le havre tarifs arbres a chat,,0,,0.00,
jardinerie marius ferrat arbre a chat,,0,,0.00,
jardinerie truffaut arbre a chat,,0,,0.00,
jardiniere arbre a chat,,0,,0.00,
jardiniere arbre a chat sense,,0,,0.00,
jardizoo arbre a chat,,0,,0.00,
javel sur arbre a chat,,0,,0.00,
je cherche un arbre a chat naturel,,0,,0.00,
je donne arbre a chat,,0,,0.00,
je narrive pas a monter mon arbre a chat,,0,,0.00,
je narrive pas a monter mon arbre a chat acheter,,0,,0.00,
je suis un arbre a chat humain,,0,,0.00,
jeu arbre a chat tactake,,0,,0.00,
jeu avec un arbre a chat sur android,,0,,0.00,
jeu pour arbre a chat,,0,,0.00,
jeu pour chat et arbre a chat pas cher,,0,,0.00,
jeu pour chat et petit arbre a chat pas cher,,0,,0.00,
jicky arbre a chat,,0,,0.00,
jmt arbre a chat barentin,,0,,0.00,
jmt cappelle-la-grande arbre a chat,,0,,0.00,
joli arbre a chat pas cher,,0,,0.00,
joli arbre a chat pas cher et rigolo,,0,,0.00,
joli arbrs a chat,,0,,0.00,
jonc de mer pour arbre a chat,,0,,0.00,
jouet a accroché arbre a chat,,0,,0.00,
jouet arbre a chat 4 boules grelots,,0,,0.00,
jouet arbre a chat intermarché,,0,,0.00,
jouet arbre a chat intermarché pyramide,,0,,0.00,
jouet et arbre a chat,,0,,0.00,
jouet à accrocher à arbre a chat,,0,,0.00,
jouets a suspendre pour arbre a chat,,0,,0.00,
julie arbre a chats,,0,,0.00,
julie arbre a chats original,,0,,0.00,
kaat arbre a chat,,0,,0.00,
kalico mondeville arbre a chat,,0,,0.00,
kandy arbre a chat,,0,,0.00,
kandy boulogne sur mer animalerie arbre a chat,,0,,0.00,
kandy boulogne sur mer arbre a chat,,0,,0.00,
karlie arbre a chat outdoor,,0,,0.00,
karlie flamingo arbre a chat,,0,,0.00,
karlie flamingo arbre a chat lisa,,0,,0.00,
kater arbre a chat,,0,,0.00,
katt arbre a chat,,0,,0.00,
katt3 arbre a chat,,0,,0.00,
katze arbre a chat,,0,,0.00,
katzen deko arbre a chat promo,,0,,0.00,
kenty home arbre a chat,,0,,0.00,
kentyhome arbre a chat,,0,,0.00,
kerbel arbre a chat,,0,,0.00,
kerbl arbre a chat,,0,,0.00,
kerbl arbre a chat poteau de rechange,,0,,0.00,
kerbl arbre a gratter amethyst pour chat - beige,,0,,0.00,
kilimandjaro arbre a chat,,0,,0.00,
kimgdom elite arbre a chat,,0,,0.00,
kin arbre a chat,,0,,0.00,
kin arbre a chat echelle,,0,,0.00,
king size arbre a chat,,0,,0.00,
kingdom elite arbre a chat,,0,,0.00,
kit arbre a chat en carton,,0,,0.00,
kit pour arbre a chat,,0,,0.00,
kit pour arbre chat a faire,,0,,0.00,
kitty arbre a chat,,0,,0.00,
kléo arbre a chat,,0,,0.00,
kokoba arbre a chat royal,,0,,0.00,
kokoon arbre a chat,,0,,0.00,
kolle zoo sarrebruck arbre a chat,,0,,0.00,
l arbre a chat 82,,0,,0.00,
l arbre a chat challans,,0,,0.00,
l arbre a chat est il si efficace,,0,,0.00,
l arbre a chat facebook,,0,,0.00,
l arbre a chat lille,,0,,0.00,
l arbre a chat n interesse pas mon chat,,0,,0.00,
l arbre a chat particularité,,0,,0.00,
l arbre a chat pet shop,,0,,0.00,
l arbre a chat petshop,,0,,0.00,
l arbre a chat qui la inventé l,,0,,0.00,
l arbre a chat qui la inventé l'arbre de noel,,0,,0.00,
l arbre a chat vaucluse,,0,,0.00,
l arbre a chats,,0,,0.51,
l arbre a chats caderousse,,0,,0.00,
l arbre a chats entraigues,,0,,0.00,
l'arbre a chat est il utile pour un chat,,0,,0.00,
l'arbre a chat et nac,,0,,0.00,
l'arbre a chat facebook,,0,,0.00,
l'arbre a chat ivan et tic tac youtube,,0,,0.00,
l'arbre a chat le plus grand au monde,,0,,0.00,
l'arbre a chat paris 15,,0,,0.00,
l'arbre a chat pension,,0,,0.00,
l'arbre a chat renned,,0,,0.00,
l'arbre a chat rennes,,0,,0.00,
l'arbre a chat rodier,,0,,0.00,
l'arbre a chat tarif,,0,,0.00,
l'arbre a chat verdun-sur-garonne,,0,,0.00,
l'arbre a chats entraigues,,0,,0.00,
l'arbre à chat fiche a broder patricia gatlibu,,0,,0.00,
l'arbres a chat,,0,,0.00,
l'arbres a chat pension pour chat et chien,,0,,0.00,
l'incroyable arbre a chat,,0,,0.00,
la fabrication d un arbre a chat,,0,,0.00,
la farfouille arbre a chat,,0,,0.00,
la ferme des animaux arbre a chat,,0,,0.00,
la foifouille st etienne arbre a chat,,0,,0.00,
la foir fouille langueux arbre a chat,,0,,0.00,
la foir fouille langueux arbre a chat prix,,0,,0.00,
la foir'fouille arbre a chat,,0,,0.00,
la foir'fouille arbre a chat 24 99,,0,,0.00,
la foir'fouille arbre a chat reference 1000166345,,0,,0.00,
la foirefouille arbre a chat,,0,,0.00,
la foirfouil grand arbre a chat,,0,,0.00,
la foirfouil grand arbre a chat marmande 47200,,0,,0.00,
la foirfouille arbre a chat,,0,,0.00,
la jardinerie arbre a chat fixation plafond,,0,,0.00,
la jardinerie de chantonnay arbre a chat,,0,,0.00,
la plantel arbre a chat,,0,,0.00,
la vie secrete des chats arbre a chat,,0,,0.00,
lafoirfouille arbre a chat,,0,,0.00,
lapin arbre a chat,,0,,0.00,
lapin nain arbre a chat,,0,,0.00,
largeur arbre a chat high base,,0,,0.00,
larve blanc arbre a chat,,0,,0.00,
laver arbre a chat,,0,,0.00,
laver un arbre a chat,,0,,0.00,
le arbres a chat,,0,,0.00,
le bom coin arbre a chat,,0,,0.00,
le bon coin 13 arbre a chat,,0,,0.00,
le bon coin 24 arbre a chat,,0,,0.00,
le bon coin 28 arbre a chat,,0,,0.00,
le bon coin 34 arbre a chat,,0,,0.00,
le bon coin 35 arbre a chat,,0,,0.00,
le bon coin 36 animaux arbre a chat,,0,,0.00,
le bon coin 38 arbre a chat,,0,,0.00,
le bon coin 49 arbre a chat,,0,,0.00,
le bon coin 5 4 image d arbre a chats,,0,,0.00,
le bon coin 57 animaux arbre a chat,,0,,0.00,
le bon coin 57 arbre a chat,,0,,0.00,
le bon coin 57 arbre a chat chat,,0,,0.00,
le bon coin 66 arbre a chat,,0,,0.00,
le bon coin 67 arbre a chat,,0,,0.00,
le bon coin 69 arbre a chat,,0,,0.00,
le bon coin 70 arbre a chat,,0,,0.00,
le bon coin 95 arbre a chat,,0,,0.00,
le bon coin accessoires arbre a chats,,0,,0.00,
le bon coin arbre a chat 33,,0,,0.00,
le bon coin arbre a chat 57200,,0,,0.00,
le bon coin arbre a chat bas prix occasion,,0,,0.00,
le bon coin arbre a chat charente maritime,,0,,0.00,
le bon coin arbre a chat dans le 14000,,0,,0.00,
le bon coin arbre a chat ile de france,,0,,0.00,
le bon coin arbre a chat isere,,0,,0.00,
le bon coin arbre a chat lorraine,,0,,0.00,
le bon coin arbre a chat marta,,0,,0.00,
le bon coin arbre a chat occasion,,0,,0.00,
le bon coin arbre a chat paris,,0,,0.00,
le bon coin arbre a chat region haut rhin,,0,,0.00,
le bon coin arbre a chat secteur metz 57,,0,,0.00,
le bon coin arbre a chat tarn,,0,,0.00,
le bon coin arbre a chats 33,,0,,0.00,
le bon coin aube arbre a chat,,0,,0.00,
le bon coin auvergne arbre a chat,,0,,0.00,
le bon coin calvados 14 arbre a chat,,0,,0.00,
le bon coin lyon cherche arbre a chat,,0,,0.00,
le bon coin maine et loire 49 arbre a chat,,0,,0.00,
le bon coin nancy et environ recherche arbre a chat,,0,,0.00,
le bon coin nord arbre a chat,,0,,0.00,
le bon coin seine maritime arbre a chats,,0,,0.00,
le bon cpin arbre à chat a donner,,0,,0.00,
le bon oin arbre a chat indre et loire,,0,,0.00,
le boncoin arbre a chat,,0,,0.00,
le chat dort il dans son arbre a chat,,0,,0.00,
le chat perché arbre a chat,,0,,0.00,
le compptoir du jardinier arbre a chat,,0,,0.00,
le lann animalerie gradignan arbre a chat,,0,,0.00,
le lann arbre a chat,,0,,0.00,
le magique arbre a chat,,0,,0.00,
le meilleur arbre a chat au monde,,0,,0.00,
le meilleur des arbres a chats,,0,,0.00,
le paradis des chats arbre a chat,,0,,0.00,
le paradis du chat arbre a chat,,0,,0.00,
le plus grad arbre a chat du monde,,0,,0.00,
le plus long arbre a chat du monde,,0,,0.00,
le plus simple des arbres a chats pour balcon,,0,,0.00,
le premier arbre a chat,,0,,0.00,
le prix d un arbre a chat,,0,,0.00,
le prix des arbres a chat,,0,,0.00,
lea debrouille genay arbre a chat,,0,,0.00,
leboncoin 14 arbre a chat,,0,,0.00,
leboncoin 58 arbre a chat,,0,,0.00,
leboncoin arbre a chats,,0,,0.00,
leboncoin bordeaux arbre a chat,,0,,0.00,
leboncoin calvados arbre a chat,,0,,0.00,
leboncoin dans l herault arbre a chat,,0,,0.00,
leclerc a anet 28260 arbres a chat,,0,,0.00,
leclerc animalerie anet arbres a chat,,0,,0.00,
leclerc arbre a chat pontoise,,0,,0.00,
leclerc arbre a chat saint ouen l'aumone,,0,,0.00,
leclerc drive arbre a chat,,0,,0.00,
leclerc lisieux animalerie arbre a chat,,0,,0.00,
leclerc lyon5 arbre a chat,,0,,0.00,
leclerc outreau arbre a chat,,0,,0.00,
leclerc pleumeleuc arbre a chat,,0,,0.00,
leclerc pub arbre a chat,,0,,0.00,
leclerc saint etienne du rouvray arbre a chat,,0,,0.00,
leclerc verdun 55100 arbre a chat,,0,,0.00,
leclerc verdun rayon animalier arbre a chat,,0,,0.00,
leclerc wattrelos arbre a chat,,0,,0.00,
lego arbre a chats,,0,,0.00,
lego friends l arbre a chat,,0,,0.00,
lego l arbre a chat,,0,,0.00,
lego.la fete d'anniversaire et l'arbre a chat,,0,,0.00,
lemon cat arbre a chat,,0,,0.00,
leopet arbre a chat 130 cm m,,0,,0.00,
leopet arbre a chat 171,,0,,0.00,
leopet arbre a chat avis,,0,,0.00,
les arbre a chat,,0,,0.00,
les arbres a chat du charpentier,,0,,0.00,
les arbres a chat en matieres naturelle,,0,,0.00,
les arbres a chat en matieres naturelle coco,,0,,0.00,
les arbres a chat gifi,,0,,0.00,
les arbres a chats chez botanic,,0,,0.00,
les arbres a chats chez jardiland,,0,,0.00,
les arbres a chats les meilleur,,0,,0.00,
les arbres a chats les plus complets,,0,,0.00,
les arbres a chats se vendent til bien,,0,,0.00,
les ardoisieres arbre a chat,,0,,0.00,
les chats aiment il les arbres a chats,,0,,0.00,
les chats ont ils besoin d'arbres a chats,,0,,0.00,
les chattlns griffent-ils en dehors de leur arbre a chat,,0,,0.00,
les meilleurs arbre a chat,,0,,0.00,
les meilleurs arbres a chat,,0,,0.00,
les meilleurs arbres a chat 2019,,0,,0.00,
les plus beaux arbres a chat,,0,,0.00,
les plus incroyables arbres a chats,,0,,0.00,
les plus incroyables arbres a chats affaire conclu emission,,0,,0.00,
les pépinière de bavent arbre a chat,,0,,0.00,
les sims 4 arbre a chat,,0,,0.00,
les vers dans les arbres a chat,,0,,0.00,
leshp arbre a chat avit,,0,,0.00,
letto arbre a chat,,0,,0.00,
leur nouveau arbre a chat,,0,,0.00,
lidel arbre a chat,,0,,0.00,
lidl arbre a chat 2017,,0,,0.00,
lidl arbre a chat 2018,,0,,0.00,
lidl arbre a chat 2019,,0,,0.00,
lidl arbre a chat 2020,,0,,0.00,
lidl arbre a chat 2021,,0,,0.00,
lidl arbre a chat 2022,,0,,0.00,
lidl arbre a chat 2023,,0,,0.00,
lidl arbre a chat novembre 2016,,0,,0.00,
lidl arbre a chat novembre 2019,,0,,0.00,
lidl arbre a chat septembre 2019,,0,,0.00,
lidl catalogue arbre a chat,,0,,0.00,
lidl etampes arbre a chat,,0,,0.00,
lidl etrechy arbre a chat,,0,,0.00,
lidl le rieucoulon arbre a chat,,0,,0.00,
lidl offre arbre a chat,,0,,0.00,
lidl pouzauges arbre a chat,,0,,0.00,
lidl shop arbre a chat,,0,,0.00,
lincroyable arbre a chat,,0,,0.00,
link mon-arbre-a-chat.ovh,,0,,0.00,
lionto arbre a chat,,0,,0.00,
liope arbre a chat,,0,,0.00,
lit a baldaquin arbre a chat,,0,,0.00,
lit arbre a chat,,0,,0.00,
litiere cube pour arbre a chat,,0,,0.00,
litiere dan arbre a chat,,0,,0.00,
litiere sous arbre a chat,,0,,0.00,
litière et arbre a chat,,0,,0.00,
livraison arbre a chat,,0,,0.00,
location drap et serviette à bonnevalrecharge pour arbre a chat,,0,,0.00,
logiciel creation arbre a chat,,0,,0.00,
logiciel creation arbre a chat gratuit,,0,,0.00,
logiciel pour construire un arbre a chat,,0,,0.00,
logitiel pour construire un arbre a chat,,0,,0.00,
logo marque d'arbre a chat,,0,,0.00,
loisir créatif tissus pour arbre a chat,,0,,0.00,
lolipet arbre a chat,,0,,0.00,
lolipet arbre a chat avis,,0,,0.00,
longueur corde arbre a chat,,0,,0.00,
longueur corde pour arbre a chat,,0,,0.00,
longueur de corde necessaire pour un poteau arbre a chat,,0,,0.00,
lot bac a litiere arbre a chat,,0,,0.00,
lps arbre a chat,,0,,0.00,
lucky arbre a chat,,0,,0.00,
lulu s worl arbre a chat,,0,,0.00,
lustic arbre a chat,,0,,0.00,
lyon 69 le bon coin cherche arbre a chat,,0,,0.00,
m pet arbre a chat,,0,,0.00,
m4 arbre a chat anione,,0,,0.00,
m6 deco arbre a chat,,0,,0.00,
m8 ou m10 arbre a chat,,0,,0.00,
machine arbre a chat,,0,,0.00,
mad4home.arbre a chat,,0,,0.00,
made 4 home arbre a chat,,0,,0.00,
made arbre a chat,,0,,0.00,
magasin animaux evreux arbre a chat,,0,,0.00,
magasin arbre a chat bois,,0,,0.00,
magasin arbre a chat en belgique,,0,,0.00,
magasin arbre a chat en belgique soldes,,0,,0.00,
magasin arbre a chat lyon,,0,,0.00,
magasin arbre a chat original,,0,,0.00,
magasin arbre a chat paris,,0,,0.00,
magasin arbre a chat songmics,,0,,0.00,
magasin gifi a lisieux arbre a chat,,0,,0.00,
magasin gifi arbre a chat,,0,,0.00,
magasin gifi na péronne arbre a chat,,0,,0.00,
magasin grand arbre a chat,,0,,0.00,
magasin leclerc lisieux animalerie arbre a chat,,0,,0.00,
magasin lidl arbre a chat 2019,,0,,0.00,
magasin pour arbre a chat chalon sur saone,,0,,0.00,
magasin vert lannion arbre a chat,,0,,0.00,
magasin vert pontivy arbre a chat,,0,,0.00,
magazin animalerie a lisieux arbre a chat,,0,,0.00,
magazin ou on vend arbre a chat,,0,,0.00,
magazin qui vende des arbres a chats,,0,,0.00,
maginea arbre a chat,,0,,0.00,
maine coo arbre a chat 4 fois,,0,,0.00,
maine coon arbre a chat 4 fois,,0,,0.00,
maine coon arbre a chat adulte,,0,,0.00,
maine coon choisir arbre a chat,,0,,0.00,
maine coon et arbre a chat,,0,,0.00,
maine coon lounge arbre a chat,,0,,0.00,
maison aménagée en arbre a chat,,0,,0.00,
maison arbre a chat exterieur,,0,,0.00,
maison de toilette arbre a chat xxl,,0,,0.00,
maison de valerie arbre a chat,,0,,0.00,
maison en forme d'arbre a chat,,0,,0.00,
maison interieur arbre a chat,,0,,0.00,
maison villa arbre a chat,,0,,0.00,
maisonnette arbre a chat,,0,,0.00,
malcolm arbre a chat,,0,,0.00,
mangoir suspendue pour arbre a chat,,0,,0.00,
mano a mano petit arbre a chat,,0,,0.00,
mano mano arbre a chat angle,,0,,0.00,
mano mano arbre a chat chaton 165 cm lilou grattoir,,0,,0.00,
mano mano arbre a chat d30-038,,0,,0.00,
mano mano arbre a chat mogli,,0,,0.00,
mano mano arbre a chat mogli noir,,0,,0.00,
mano mano arbre a chats jive,,0,,0.00,
manomano arbre a chat joe 40x40x114cm gris,,0,,0.00,
manomano arbre a chat nelly,,0,,0.00,
manomano arbre a chat osier,,0,,0.00,
manomano arbre a chat piece detachee,,0,,0.00,
manomano arbre a chat robert,,0,,0.00,
manomano arbre a chat vesper,,0,,0.00,
manomano arbre a chats,,0,,0.00,
manomano black friday arbre a chat,,0,,0.00,
manomano fr arbre a chats,,0,,0.00,
manomano.fr arbre a chat,,0,,0.00,
manomano.fr arbre-a-chat-4372 page 2,,0,,0.00,
manomano.fr arbre-a-chat-4372 referer_id 537135,,0,,0.00,
manomano.fr arbre-a-chat-4372 referer_id 537135&page 2,,0,,0.00,
manono arbre a chat,,0,,0.00,
manuel arbre a chat pskb-062-bs,,0,,0.00,
maquette arbre a chat,,0,,0.00,
marché au affaires chat arbre a chat,,0,,0.00,
marché aux affaires arbre a chat,,0,,0.00,
marque alemande d arbre a chat,,0,,0.00,
marque d arbre a chat,,0,,0.00,
marque d'arbre a chat,,0,,0.00,
marque d'arbre a chat solide,,0,,0.00,
marque de smeilleurs arbre a chat,,0,,0.00,
marque des meilleurs arbre a chat,,0,,0.00,
marque ovonni arbre a chat,,0,,0.00,
marque ovonni arbre a chat avis,,0,,0.00,
martiere cordre arbre a chat,,0,,0.00,
mas guerido arbre a chat,,0,,0.00,
mat arbre a chat,,0,,0.00,
materiau un arbre a chat,,0,,0.00,
materiaux arbre a chat,,0,,0.00,
materiaux pour arbre a chat,,0,,0.00,
materiaux pour fabriquer arbre a chat,,0,,0.00,
materiaux un arbre a chat,,0,,0.00,
materiel pour arbre a chat,,0,,0.00,
materiel pour faire un arbre a chat,,0,,0.00,
materiel pour refaire arbre a chat,,0,,0.00,
materiel pour reparer arbre a chat,,0,,0.00,
matiere arbre a chat,,0,,0.00,
matiere arbre a chat vesper,,0,,0.00,
max breite arbre a chat,,0,,0.00,
maxi arbre a chat a 149,,0,,0.00,
maxi zoo a dreux arbre a chat photo,,0,,0.00,
maxi zoo annemasse arbre a chat,,0,,0.00,
maxi zoo arbre a chat cube,,0,,0.00,
maxi zoo arbre a chat dangles,,0,,0.00,
maxi zoo arbre a chat filtres aquarium,,0,,0.00,
maxi zoo arbre a chat gaya,,0,,0.00,
maxi zoo arbre a chat hamac,,0,,0.00,
maxi zoo arbre a chat more,,0,,0.00,
maxi zoo arbre a chat prix,,0,,0.00,
maxi zoo arbre a chat promo,,0,,0.00,
maxi zoo arbre a chat suisse,,0,,0.00,
maxi zoo arbres a chat,,0,,0.00,
maxi zoo arbres a chats,,0,,0.00,
maxi zoo beauvais arbre a chat,,0,,0.00,
maxi zoo beauvais arbre a chat le plus cher,,0,,0.00,
maxi zoo france arbre a chat,,0,,0.00,
maxi zoo grand littoral arbre a chat,,0,,0.00,
maxi zoo ibos arbres a chats,,0,,0.00,
maxi zoo marque arbre a chat,,0,,0.00,
maxi zoo quetigny arbre a chat,,0,,0.00,
maxi zoo tarif arbre a chat,,0,,0.00,
maxi zoo varennes sur seine varennes-sur-seine pris arbre a chat,,0,,0.00,
maxi zoo varennes sur seine varennes-sur-seine prix arbre a chat,,0,,0.00,
maxi zoo wittenheim arbre a chat,,0,,0.00,
maxi zoo wittenheim arbre a chat nantes,,0,,0.00,
maxizll.deborah.arbre a chat,,0,,0.00,
maxizoo arbre a chat poteau de rechange,,0,,0.00,
maxizoo les arbres a chat,,0,,0.00,
maxizoo quetigny rondin arbre a chat,,0,,0.00,
maxizoo.fr accessoires chat arbre-à-chat arbre-a-chat.html,,0,,0.00,
mc haus arbre a chat,,0,,0.00,
mctech arbre a chat,,0,,0.00,
mdf ou agglo arbre a chat,,0,,0.00,
medicanimal arbre a chat,,0,,0.00,
medor et compagnie arbre a chat pour maine coon,,0,,0.00,
mega arbre a chat en bois,,0,,0.00,
mega arbre a chats,,0,,0.00,
mega arbres a chat,,0,,0.00,
mega parcour arbre a chat en bois,,0,,0.00,
meilleur arbre a chat 2017,,0,,0.00,
meilleur arbre a chat 2021,,0,,0.00,
meilleur arbre a chat 2022,,0,,0.00,
meilleur arbre a chat 2025,,0,,0.00,
meilleur arbre a chat amazon,,0,,0.00,
meilleur arbre a chat avec hamac et griffoir,,0,,0.00,
meilleur arbre a chat bengal,,0,,0.00,
meilleur arbre a chat comparatif,,0,,0.00,
meilleur arbre a chat de amazone,,0,,0.00,
meilleur arbre a chat pas cher,,0,,0.00,
meilleur arbre a chat pour ragdoll,,0,,0.00,
meilleur arbre a chat solide et ludique,,0,,0.00,
meilleur endroit pour un arbre a chat,,0,,0.00,
meilleur marque d'arbre a chat,,0,,0.00,
meilleur petit arbre a chat,,0,,0.00,
meilleur petit arbre a chat et griffoir,,0,,0.00,
meilleur prix arbre a chat,,0,,0.00,
meilleur prix qualite arbre a chat,,0,,0.00,
meilleur site arbre a chat,,0,,0.00,
meilleur.arbre a chat pas cher,,0,,0.00,
meilleures marque arbre a chat,,0,,0.00,
meilleurs arbre a chat,,0,,0.00,
meilleurs arbres a chat,,0,,0.00,
menard lisa arbre a chat geant,,0,,0.00,
menone arbre a chat,,0,,0.00,
mensurations d'un arbre a chat,,0,,0.00,
menuisier arbre a chat,,0,,0.00,
menuisier florian arbre a chat,,0,,0.00,
menuisier frabricant d arbres a chats,,0,,0.00,
meow arbre a chat,,0,,0.00,
meow mix arbre a chat,,0,,0.00,
meow mix arbre a chat avis,,0,,0.00,
meowmix arbre a chat,,0,,0.00,
metres corde arbre a chat,,0,,0.00,
mettre sa litiere dan arbre a chat,,0,,0.00,
meuble arbre a chat géant,,0,,0.00,
meuble arbre a chat ikea,,0,,0.00,
meuble en caisse en bois et arbre a chat,,0,,0.00,
meuble en carton arbre a chat,,0,,0.00,
meuble litiere arbre a chat deux en 1,,0,,0.00,
meuble pour arbre a chat pas cher,,0,,0.00,
meuble tv arbre a chat,,0,,0.00,
meyou arbre a chat,,0,,0.00,
mgasins paris ou acheter un arbre a chat,,0,,0.00,
miaou waou arbre a chat,,0,,0.00,
miaoubox arbre a chat,,0,,0.00,
mike et megan arbre a chat,,0,,0.00,
mil cats arbre a chat,,0,,0.00,
millanimo arbre a chat,,0,,0.00,
minecarft mod arbre a chats,,0,,0.00,
minecraft arbre a chat,,0,,0.00,
minecraft deco comment faire un arbre a chat,,0,,0.00,
mini arbre a chat avec cachette,,0,,0.00,
mini arbre a chat avec griffoir,,0,,0.00,
mini arbre a chat avec griffoir en sisal,,0,,0.00,
mini arbre a chat gifi amiens,,0,,0.00,
minka arbre a chat,,0,,0.00,
mobilier pour chats arbre a chat design,,0,,0.00,
mode d emploi arbre a chat avec petit escalier,,0,,0.00,
mode d emploi arbre a chat nita,,0,,0.00,
mode d emploi arbre a chat trixie,,0,,0.00,
mode d'emploi arbre a chat,,0,,0.00,
mode d'emploi arbre a chat gifi,,0,,0.00,
mode d'emploi arbre a chat gris,,0,,0.00,
mode emploi arbre a chat,,0,,0.00,
model arbre a chat,,0,,0.00,
model arbre a chat avec cuilleres,,0,,0.00,
model arbre a chat avecs,,0,,0.00,
model d arbre a chat,,0,,0.00,
modele arbre a chat dessin,,0,,0.00,
modele arbre a chat diy,,0,,0.00,
modele arbre a chat et griffoir,,0,,0.00,
modele arbre a chat peinture pinterest,,0,,0.00,
modele construction arbre a chat finlandek,,0,,0.00,
modele construction maison arbre a chat,,0,,0.00,
modele d arbre a chat a faire soi meme,,0,,0.00,
modele d arbre a chat avec du vrai bois,,0,,0.00,
modele d arbre a chat à faire soi meme,,0,,0.00,
modele pour faire un arbre a chat,,0,,0.00,
modele redaction de vente arbre a chat,,0,,0.00,
modele vente arbre a chat,,0,,0.00,
modeles arbre a chat diy,,0,,0.00,
modeles arbres a chat,,0,,0.00,
modeles arbres a chats,,0,,0.00,
modern arbre a chat scandinave,,0,,0.00,
modifier arbre a chat,,0,,0.00,
modifier un arbre a chat,,0,,0.00,
module arbre a chat home,,0,,0.00,
module arbre a chat mural,,0,,0.00,
modéle d'un arbre a chat,,0,,0.00,
moe d'emploi arbre a chat,,0,,0.00,
moi chercher un arbre a chat,,0,,0.00,
mon arbre a chat pert ses poids que faire,,0,,0.00,
mon arbre a chat romantique,,0,,0.00,
mon arbre a chat.fr,,0,,0.00,
mon chat a cassé son arbre a chat,,0,,0.00,
mon chat a griffe le tronc d'arbre,,0,,0.00,
mon chat a mange arbre de jade,,0,,0.00,
mon chat a paassé dans un arbre,,0,,0.00,
mon chat a paassé la nuit dans un arbre,,0,,0.00,
mon chat a peur de l'arbre à chat,,0,,0.00,
mon chat a peur de son arbre a chat,,0,,0.00,
mon chat boude arbre a chat,,0,,0.00,
mon chat detruit l'arbre a chat,,0,,0.00,
mon chat n'utilise pas son arbre a chat,,0,,0.00,
mon chat ne monte pas sur arbre a chat,,0,,0.00,
mon chat peutil dormir dans son arbre a chat,,0,,0.00,
mon chat urine dans l'arbre a chat,,0,,0.00,
mon chaton fait pipi dans son arbre a chat,,0,,0.00,
mon chaton fait pipi sur son arbre a chat,,0,,0.00,
mon chaton ne va pas sur son arbre a chat,,0,,0.00,
mon invention vaut de l'or arbre a chats,,0,,0.00,
mon panier amazon arbre a chat,,0,,0.00,
mon-arbre-a-chat.com,,0,,0.00,
monster hunter world arbre a chat ateindre la corde,,0,,0.00,
montage arbre a chat 170 cm,,0,,0.00,
montage arbre a chat banana leaf,,0,,0.00,
montage arbre a chat beasty,,0,,0.00,
montage arbre a chat cdiscount,,0,,0.00,
montage arbre a chat doggy & co,,0,,0.00,
montage arbre a chat doggy & co 143,,0,,0.00,
montage arbre a chat doggy 143,,0,,0.00,
montage arbre a chat fluffy 1,,0,,0.00,
montage arbre a chat gpspe5000,,0,,0.00,
montage arbre a chat gris,,0,,0.00,
montage arbre a chat gris amazon,,0,,0.00,
montage arbre a chat jako cat,,0,,0.00,
montage arbre a chat katt 3,,0,,0.00,
montage arbre a chat le grimpeur you tube,,0,,0.00,
montage arbre a chat le magique,,0,,0.00,
montage arbre a chat lilou,,0,,0.00,
montage arbre a chat lilou plan,,0,,0.00,
montage arbre a chat martin sellier,,0,,0.00,
montage arbre a chat mogli mano mano,,0,,0.00,
montage arbre a chat natural home ii,,0,,0.00,
montage arbre a chat pain d'épice,,0,,0.00,
montage arbre a chat poil et plume,,0,,0.00,
montage arbre a chat poils plumes,,0,,0.00,
montage arbre a chat spot flash numer 100000167053,,0,,0.00,
montage arbre a chat tectake hansi,,0,,0.00,
montage arbre a chat vesper,,0,,0.00,
montage arbre a chat vesper high base,,0,,0.00,
montage arbre a chat zooplus,,0,,0.00,
montage d un arbre a chat poil et plume,,0,,0.00,
montage d un arbre a chat tectake,,0,,0.00,
montage d un arbre a chat tectake2016 fr 15 2,,0,,0.00,
montage d'un arbre a chat,,0,,0.00,
montage d'un arbre a chat felix,,0,,0.00,
montage d'un arbre a chat pskb-062-bs,,0,,0.00,
montage de l'arbre a chat gris acheté a jardiland,,0,,0.00,
montage fixation au plafond arbre a chat,,0,,0.00,
montage grand arbre a chat gris et blanc,,0,,0.00,
montage un arbre a chat avec des branches,,0,,0.00,
montant arbre a chat,,0,,0.00,
monter arbre a chat,,0,,0.00,
monter arbre a chat gifi,,0,,0.00,
monter arbre a chat lemagique,,0,,0.00,
montrer a son chat l'arbre a chat,,0,,0.00,
montrer a un chat comment utiliser arbre a chat,,0,,0.00,
montzge arbre a chat poil et plume,,0,,0.00,
monté un arbre a chat 57 cm,,0,,0.00,
monté un arbre a chat capac agility,,0,,0.00,
moquete pour arbre a chat,,0,,0.00,
moquette arbre a chat,,0,,0.00,
moquette pour arbres a chat,,0,,0.00,
moquette pour un arbre a chat,,0,,0.00,
moquette épaisse pour arbre a chat,,0,,0.00,
more 4 arbre a chat,,0,,0.00,
more cats arbre a chat,,0,,0.00,
more4 arbre a chat charlie,,0,,0.00,
moumoute d'arbres a chat,,0,,0.00,
moyen arbre a chat,,0,,0.00,
mpets arbre a chat,,0,,0.00,
mur arbre a chat deco,,0,,0.00,
mur arbre a chat mural,,0,,0.00,
mur arbre a chat tube galvanise,,0,,0.00,
mur arbre a chat tube metal,,0,,0.00,
mural arbre a chat,,0,,0.00,
mural chat moderne arbre a chat,,0,,0.00,
muscat arbre a chat,,0,,0.00,
muso arbre a chat,,0,,0.00,
my prince arbre a chat,,0,,0.00,
nacelles pour arbre a chat,,0,,0.00,
namo arbre a chat,,0,,0.00,
nanook plate forme arbre a chat,,0,,0.00,
nanook tronc d arbre a chat,,0,,0.00,
natura xl arbre a chat,,0,,0.00,
natural harmony arbre a chat,,0,,0.00,
natural heaven arbre a chats,,0,,0.00,
natural paradise element arbre a chat,,0,,0.00,
natural paradise xl arbre a chat,,0,,0.00,
neko rin arbre a chat,,0,,0.00,
nepeta arbre a chat,,0,,0.00,
netoyer un arbre a chat,,0,,0.00,
nettoyage arbre a chat,,0,,0.00,
nettoyage naturel pour arbre a chat,,0,,0.00,
nettoyer arbre a chat,,0,,0.00,
nettoyer arbre a chat bicarbonate,,0,,0.00,
nettoyer arbre a chat pipi de chat,,0,,0.00,
nettoyer arbre a chats,,0,,0.00,
nettoyer dessus arbre a chat,,0,,0.00,
nettoyer la fuorrure d'un arbre a chat,,0,,0.00,
nettoyer urine sur arbre a chat,,0,,0.00,
niche arbre a chat xxl,,0,,0.00,
niche avec un arbre a chat,,0,,0.00,
nid arbre a chat,,0,,0.00,
nid arbre a chat trixie installation,,0,,0.00,
nid douillet arbre a chat,,0,,0.00,
nid pour arbre a chat xxl,,0,,0.00,
nid xl pour arbre a chat,,0,,0.00,
nid xxl arbre a chat adulte,,0,,0.00,
nid xxl pour arbre a chat,,0,,0.00,
nids xl pour poteau arbre a chat beige,,0,,0.00,
nilufar vigie arbre a chat,,0,,0.00,
noel avec arbre a chat,,0,,0.00,
noemie tnaguy arbre a chat,,0,,0.00,
nom latin arbre a chat,,0,,0.00,
norma arbre a chat,,0,,0.00,
norman arbre a chat,,0,,0.00,
north dakota arbre a chat,,0,,0.00,
notice arbre a chat kratzbaum charlie,,0,,0.00,
notice arbre a chat kratzbaum charlie 118x45x142,,0,,0.00,
notice arbre a chat more 4 charlie,,0,,0.00,
notice arbre a chat plafond,,0,,0.00,
notice arbre a chat tectake,,0,,0.00,
notice de montage arbre a chat,,0,,0.00,
notice de montage arbre a chat gifi,,0,,0.00,
notice de montage arbre a chat julia,,0,,0.00,
notice de montage arbre a chat poils et plumes,,0,,0.00,
notice de montage arbre a chat tectake,,0,,0.00,
notice de montage playmobil arbre a chat,,0,,0.00,
notice montage arbre a chat 214,,0,,0.00,
notice montage arbre a chat dh14092901,,0,,0.00,
notice montage arbre a chat foire fouille,,0,,0.00,
notice montage arbre a chat gifi,,0,,0.00,
notice montage arbre a chat le magique,,0,,0.00,
notice montage arbre a chat r83 259109,,0,,0.00,
nourriture sur arbre a chat,,0,,0.00,
nouveau arbre a chat,,0,,0.00,
nouveaute arbre a chat 2017,,0,,0.00,
nouveauté arbre a chat,,0,,0.00,
nouveauté arbre a chat chic superieur a 1.60,,0,,0.00,
nouveauté arbre a chat superieur a 1.60,,0,,0.00,
nouvel arbre a chat,,0,,0.00,
nouvelle arbre a chat pour ses chats,,0,,0.00,
nouvelle collection arbre a chat xxl maine coon 2019,,0,,0.00,
noz arbre a chat pas cher,,0,,0.00,
noz arrivage arbre a chat en 3 d,,0,,0.00,
oase arbre a chat,,0,,0.00,
occasion arbre a chat,,0,,0.00,
occasion arbre a chat hamac,,0,,0.00,
occasion grattoir et arbre a chat griffoir,,0,,0.00,
occasions arbres a chat,,0,,0.00,
odeur chimiqie arbre a chat,,0,,0.00,
odeur d'urine arbre a chat,,0,,0.00,
odeur nauseabondr arbre a chat neuf,,0,,0.00,
odeur nauséabonde arbre a chat neuf,,0,,0.00,
offre arbre a chat val.de marne,,0,,0.00,
oh my cat arbre a chat,,0,,0.00,
ohana arbre a chat,,0,,0.00,
olive sur arbre a chat,,0,,0.00,
on a un peu exagéré avec l'arbre à chat,,0,,0.00,
on a vu grand avec l'arbre a chat,,0,,0.00,
oo garden arbre a chats,,0,,0.00,
oogarden arbre.a.chat,,0,,0.00,
oorgarden arbre a chat,,0,,0.00,
original arbre a chat,,0,,0.00,
origine de l'arbre a chats,,0,,0.00,
orleans animalerie arbre a chat,,0,,0.00,
otite chat huile.essentielle.arbre.a tea,,0,,0.00,
ou acheter arbre a chat paris,,0,,0.00,
ou acheter corde pour refaire un arbre a chat,,0,,0.00,
ou acheter des arbres a chat,,0,,0.00,
ou acheter poteau arbre a chat,,0,,0.00,
ou acheter tres bon arbre a chat,,0,,0.00,
ou acheter un arbre a chat boule,,0,,0.00,
ou acheter un arbre a chat en bois,,0,,0.00,
ou acheter un arbre a chat xxl a troues,,0,,0.00,
ou acheter un arbre a chat xxl a troyes,,0,,0.00,
ou acheter un bon arbre a chat,,0,,0.00,
ou achter moquette pour arbre a chat,,0,,0.00,
ou disposé un arbre a chat dans la maison,,0,,0.00,
ou donner un arbre a chats,,0,,0.00,
ou jeter 1 arbre a chat,,0,,0.00,
ou jetter arbre a chat,,0,,0.00,
ou mettez vous l arbre a chat,,0,,0.00,
ou mettre l arbre a chat,,0,,0.00,
ou mettre mon arbre a chat,,0,,0.00,
ou mettre son arbre a chat,,0,,0.00,
ou peut on trouver des griffoir pour arbres a chat,,0,,0.00,
ou peut on trouver des poteaux pour arbres a chat,,0,,0.00,
ou placer arbre a chat design luxe,,0,,0.00,
ou placer son arbre a chat,,0,,0.00,
ou placher arbre a chat,,0,,0.00,
ou poser arbre a chat,,0,,0.00,
ou se trouve l'arbre a chat dans les sims 3,,0,,0.00,
ou se trouve l'arbre a chat gourmande,,0,,0.00,
ou sont fabriquer les arbre a chat,,0,,0.00,
ou trouve un arbre a chat,,0,,0.00,
ou trouver arbre a chat fixation plafond,,0,,0.00,
ou trouver arbre a chat paris,,0,,0.00,
ou trouver arbre a chat pour 5 chats en solde,,0,,0.00,
ou trouver arbre a chat simple,,0,,0.00,
ou trouver arbre a chat solide,,0,,0.00,
ou trouver arbre a chat solide et bien,,0,,0.00,
ou trouver arbre a chat solide et bien 77700,,0,,0.00,
ou trouver arbre a chat stable,,0,,0.00,
ou trouver arbre a chats grifgoir,,0,,0.00,
ou trouver de la corde pour arbre a chat,,0,,0.00,
ou trouver de la corde pour renover arbre a chat,,0,,0.00,
ou trouver de la ficelle pour arbre a chat,,0,,0.00,
ou trouver de la moquette pour arbre a chat,,0,,0.00,
ou trouver des arbres a chat,,0,,0.00,
ou trouver des arbres a chat dising,,0,,0.00,
ou trouver du bois flotté pour arbre a chat,,0,,0.00,
ou trouver du sisal pour arbre a chat,,0,,0.00,
ou trouver du sisal pour arbre a chat sur lyon,,0,,0.00,
ou trouver la corde pour les arbres a chat,,0,,0.00,
ou trouver rondelle pour pieds arbre a chat,,0,,0.00,
ou trouver tube pour arbre a chat,,0,,0.00,
ou trouver un arbre a chat adulte,,0,,0.00,
ou trouver vis poyr arbre a chat,,0,,0.00,
ou troyver du bois pour faire un arbre a chat,,0,,0.00,
oui arbre a chat birmingham,,0,,0.00,
oui arbre a chat petrebels,,0,,0.00,
outlet arbre a chat,,0,,0.00,
panier a chat ou arbre a chat,,0,,0.00,
panier a rebord arbre a chat,,0,,0.00,
panier arbre a chat xxl,,0,,0.00,
panier canape arbre a chat,,0,,0.00,
panier de rechange arbre a chat,,0,,0.00,
panier de suspension pour arbre a chat,,0,,0.00,
panier jacinthe d'eau arbre a chat,,0,,0.00,
panier pour chat dur pour arbre a chat,,0,,0.00,
pannier arbre a chat,,0,,0.00,
paradiase xl arbre a chat,,0,,0.00,
paradiase xxl arbre a chat,,0,,0.00,
paradise prenium arbre a chat,,0,,0.00,
parcours arbre a chat appartement,,0,,0.00,
parcours arbre a chat mural,,0,,0.00,
parcours arbre a chat mural fait maison,,0,,0.00,
parcours et arbres a chat,,0,,0.00,
paris arbre a chat,,0,,0.00,
participation jeu arbre a chat tec take,,0,,0.00,
particulier cherche arbre a chat,,0,,0.00,
particuliers a mandelelieu la napoule qui donne arbre a chat,,0,,0.00,
parure arbre a chat,,0,,0.00,
paruvendu arbre a chat,,0,,0.00,
pas cher arbre a chat xl,,0,,0.00,
pas d'arbre a chat,,0,,0.00,
pas d'arbre a chat conséquence,,0,,0.00,
pas de vis pour arbre a chat,,0,,0.00,
passerelle arbre a chat,,0,,0.00,
patron pour arbre a chat,,0,,0.00,
patron pour faire un arbre a chat,,0,,0.00,
pattes et griffes arbre a chat,,0,,0.00,
paul muehle arbre a chat,,0,,0.00,
paul mühle arbre a chat,,0,,0.00,
pawhut arbre a chat,,0,,0.25,
pawz road arbres a chats poteaux de rechange,,0,,0.00,
pcoussin pour arbre a chat,,0,,0.00,
pdf arbre a chat,,0,,0.00,
pedy arbre a chat,,0,,0.00,
peindre arbre a chat,,0,,0.00,
pelotte sisal arbre a chat,,0,,0.00,
peluche pour arbre a chat,,0,,0.00,
pendentif arbre a chat,,0,,0.00,
pepino arbre a chat,,0,,0.00,
perfect arbre a chat,,0,,0.00,
perpignan donne arbre a chat,,0,,0.00,
personnalise son arbre a chat,,0,,0.00,
personnaliser arbre a chat,,0,,0.00,
personnaliser son arbre a chat,,0,,0.00,
personnalisé arbre a chat,,0,,0.00,
pet arbre a chat 67 54 143cm,,0,,0.00,
pet arbre a chat 67 54 143cm songmics montage,,0,,0.00,
pet design arbre a chat,,0,,0.00,
pet fun arbres a chat,,0,,0.00,
pet meds arbre a chat,,0,,0.00,
pet shop nouveau l arbre a chat,,0,,0.00,
pet source arbre a chat,,0,,0.00,
pet star arbre a chat,,0,,0.00,
petit arbre a chat 3 paliers,,0,,0.00,
petit arbre a chat amazon,,0,,0.00,
petit arbre a chat amazone,,0,,0.00,
petit arbre a chat animalis,,0,,0.00,
petit arbre a chat auchan,,0,,0.00,
petit arbre a chat avec balle,,0,,0.00,
petit arbre a chat avec boule,,0,,0.00,
petit arbre a chat avec cabane,,0,,0.00,
petit arbre a chat avec coussin,,0,,0.00,
petit arbre a chat avec griffoir,,0,,0.00,
petit arbre a chat avec hamac pas cher,,0,,0.00,
petit arbre a chat avec préau,,0,,0.00,
petit arbre a chat avis,,0,,0.00,
petit arbre a chat blanc,,0,,0.00,
petit arbre a chat cdiscount,,0,,0.00,
petit arbre a chat chaton,,0,,0.00,
petit arbre a chat desgn,,0,,0.00,
petit arbre a chat diy,,0,,0.00,
petit arbre a chat en bois,,0,,0.00,
petit arbre a chat exterieur,,0,,0.00,
petit arbre a chat fait maison,,0,,0.00,
petit arbre a chat foir'fouille,,0,,0.00,
petit arbre a chat gamm vert,,0,,0.00,
petit arbre a chat hamac,,0,,0.00,
petit arbre a chat leclerc,,0,,0.00,
petit arbre a chat leopet,,0,,0.00,
petit arbre a chat maine coon,,0,,0.00,
petit arbre a chat marron,,0,,0.00,
petit arbre a chat maxi zoo,,0,,0.00,
petit arbre a chat nature avec hamac,,0,,0.00,
petit arbre a chat osier,,0,,0.00,
petit arbre a chat pas cher petit,,0,,0.00,
petit arbre a chat pate de chat,,0,,0.00,
petit arbre a chat petit prix,,0,,0.00,
petit arbre a chat photos,,0,,0.00,
petit arbre a chat pour lapin,,0,,0.00,
petit arbre a chat poyr gros chat,,0,,0.00,
petit arbre a chat prairie,,0,,0.00,
petit arbre a chat rose petit prix,,0,,0.00,
petit arbre a chat rouge,,0,,0.00,
petit arbre a chat sans fourrure,,0,,0.00,
petit arbre a chat simple,,0,,0.00,
petit arbre a chat soldes,,0,,0.00,
petit arbre a chat solide,,0,,0.00,
petit arbre a chat à 15euros,,0,,0.00,
petit arbre a chats couleurs marron,,0,,0.00,
petit arbre a gratter pour chats,,0,,0.00,
petit arbre.a chat blanc avec hamac,,0,,0.00,
petit arbres a chat,,0,,0.00,
petit arbres a chat avec corde griffoir,,0,,0.00,
petit bazar arbre a chat,,0,,0.00,
petit griffoir arbre a chat,,0,,0.00,
petit verre sur arbre a chat,,0,,0.00,
petite hauteur arbre a chat,,0,,0.00,
petites annonces arbre a chat,,0,,0.00,
petites annonces arbre a chat vendee,,0,,0.00,
petits arbres a chats,,0,,0.00,
petits insectes arbre a chat,,0,,0.00,
petlicity arbre a chat,,0,,0.20,
petot arbre a chat avec balle,,0,,0.00,
petpals arbre a chat,,0,,0.00,
petrebels arbre a chat maine coon,,0,,0.00,
pets play arbre a chat,,0,,0.00,
petshop arbre a chat fnac,,0,,0.00,
petshop arbre a chat video,,0,,0.00,
peut on inverser les montants d'un arbre a chat,,0,,0.00,
peut on offrir des arbre a chat a la spa,,0,,0.00,
peut on recyclage un arbre a chat,,0,,0.00,
peut on reparer un arbre a chat evec corde lin,,0,,0.00,
pheromone pour chat pour arbre a chat,,0,,0.00,
phoenix arbre a chat grand,,0,,0.00,
photo arbre a chat cdiscount,,0,,0.00,
photo arbre a chat construire soi même,,0,,0.00,
photo arbre a chat contruire soi même,,0,,0.00,
photo arbre a chat designe,,0,,0.00,
photo arbre a chat disagne,,0,,0.00,
photo arbres a chat chez maxi zoo,,0,,0.00,
photo chat arbre a chat,,0,,0.00,
photo chat arbre a chat dans maison,,0,,0.00,
photo chat sur arbre a chat,,0,,0.00,
photo construction arbre a chat,,0,,0.00,
photo d arbre a chat chez maxi zoo,,0,,0.00,
photo d arbre a chat chez maxy zoo,,0,,0.00,
photo d arbre a chat imprimer,,0,,0.00,
photo d'arbre a chat avec un chat dedans,,0,,0.00,
photo d'arbre a chat maine coon,,0,,0.00,
photo dd'arbre a chat avec un chat dedand,,0,,0.00,
photo de arbre a chat,,0,,0.00,
photo de burmilla dans leurs arbre a chat,,0,,0.00,
photo de chat dans leur arbre a chat,,0,,0.00,
photo fabrication d'un arbre a chat,,0,,0.00,
photo fabrication d'un arbre a chat avec de la recup,,0,,0.00,
photo pour fabriquer arbre a chats,,0,,0.00,
photos arbre a chat,,0,,0.00,
photos arbres a chats,,0,,0.00,
photos chat montant a l'arbre,,0,,0.00,
piece arbre a chat ebi,,0,,0.00,
piece arbre a chat taniere de l'ours,,0,,0.00,
piece arbre a chat trixie,,0,,0.00,
piece arbre a chat villaverde,,0,,0.00,
piece de rechange arbre a chat ebi,,0,,0.00,
piece de rechange pour arbre a chat zoopluq,,0,,0.00,
piece detache arbre a chat,,0,,0.00,
piece detache pour arbre a chat,,0,,0.00,
piece detachee arbre a chat pas cher,,0,,0.00,
piece detachee arbre a chat zooplus,,0,,0.00,
piece detachee arbre a chats karie,,0,,0.00,
piece detachee arbre a chats karlie,,0,,0.00,
piece detachee d arbre a chat,,0,,0.00,
piece detachees arbre a chat,,0,,0.00,
piece detachees pour arbre a chat,,0,,0.00,
piece detachees pour arbre a chat 40 cm,,0,,0.00,
piece detaché arbre a chat,,0,,0.00,
piece detaché arbre a chat anione,,0,,0.00,
piece detaché pour arbre a chat,,0,,0.00,
piece modulable pour arbre a chat trixie,,0,,0.00,
piece pour arbre a chat europe bernina,,0,,0.00,
piece pour arbre a chat europe bernina hamac,,0,,0.00,
piece pour arbre a chats,,0,,0.00,
piece pour construire un arbre a chat,,0,,0.00,
piece remplacement arbre a chat atlas,,0,,0.00,
pieces arbre a chat juana trixie,,0,,0.00,
pieces arbre a chat juana trixie 11x60,,0,,0.00,
pieces arbres a chat,,0,,0.00,
pieces de rechange pour arbre a chat,,0,,0.00,
pieces de rechange pour arbre a chat poteau velours,,0,,0.00,
pieces detache pour arbres a chats,,0,,0.00,
pieces detache pour arbres a chats diamètre 7,,0,,0.00,
pieces detache pour arbres a chats tectake,,0,,0.00,
pieces detachees arbre a chat doggy & co,,0,,0.00,
pieces detachees arbre a chats,,0,,0.00,
pieces detachees arbres a chat,,0,,0.00,
pieces detachees pour arbre a chat,,0,,0.00,
pieces détachees arbre a chat,,0,,0.00,
pieces détachées d'arbre a chat,,0,,0.00,
pieces détachées d'arbre a chat zooplus,,0,,0.00,
pieces pour arbre a chat,,0,,0.00,
pieces rechange caverne de l'ours arbre a chat,,0,,0.00,
pieces supplementaire arbre a chat,,0,,0.00,
pied arbre a chat 60 cm,,0,,0.00,
pied arbre a chat arbre à chat fluffy i,,0,,0.00,
pied arbre a chat fin,,0,,0.00,
pied d'arbre a chat,,0,,0.00,
pied d'arbre a chat 55,,0,,0.00,
pied d'arbre a chat pepets,,0,,0.00,
pied de rechange arbre a chat,,0,,0.00,
pied de rechange arbre a chat 33 cm,,0,,0.00,
pied noir arbre a chat,,0,,0.00,
pied pour arbre a chat bois naturel,,0,,0.00,
pied remplacement arbre a chat,,0,,0.00,
piede de rechange pour arbre a chat cat's flower,,0,,0.00,
pieds arbre a chat 7 cm diametre,,0,,0.00,
pieds arbre a chat 7x45,,0,,0.00,
pieds arbre a chat griffoire,,0,,0.00,
pieds arbre a chat griffoire 7 x 46,,0,,0.00,
pieds arbre a chat griffoire 7 x 46 gifi,,0,,0.00,
pieds en sisal pour arbres a chats,,0,,0.00,
pieds pour arbre a chat,,0,,0.00,
pieds ronds pour arbres a chats,,0,,0.00,
pilier arbre a chat niche,,0,,0.00,
pilier arbre a chat trixie 40 9,,0,,0.00,
pilier pour arbre a chat,,0,,0.00,
pillier rechange arbre a chat,,0,,0.00,
pimeterest arbres a chats,,0,,0.00,
pinterest arbre a chat design,,0,,0.00,
pinterest arbre a chat dessin,,0,,0.00,
pinterest arbre a chat en palette,,0,,0.00,
pinterest fabriquer un arbre a chat,,0,,0.00,
pinterrest arbre a chat,,0,,0.00,
pipi de chat sur arbre a chat,,0,,0.00,
piquet pour arbre a chat,,0,,0.00,
pixels arbre a chat,,0,,0.00,
pizces detachees pour arbre a chat,,0,,0.00,
pièce détachées arbre a chat 15cmx35cm,,0,,0.00,
pièce supplémentaires pour arbre a chat,,0,,0.00,
pièces arbre a chat,,0,,0.00,
pièces de rechange arbre a chat,,0,,0.00,
pièces de rechange pour arbre a chat,,0,,0.00,
pièces détachées arbre a chat 15cmx35cm,,0,,0.00,
pièces détachées arbre a chat anione,,0,,0.00,
plan arbre a chat 1.80m,,0,,0.00,
plan arbre a chat c discount,,0,,0.00,
plan arbre a chat carton,,0,,0.00,
plan arbre a chat cdiscount,,0,,0.00,
plan arbre a chat d'angle,,0,,0.00,
plan arbre a chat design,,0,,0.00,
plan arbre a chat double,,0,,0.00,
plan arbre a chat en bois design,,0,,0.00,
plan arbre a chat expert,,0,,0.00,
plan arbre a chat fippi,,0,,0.00,
plan arbre a chat fippi mode emploi,,0,,0.00,
plan arbre a chat mural en bois,,0,,0.00,
plan arbre a chat mural en bois hexagonale,,0,,0.00,
plan arbre a chat palette,,0,,0.00,
plan arbre a chat palette facile,,0,,0.00,
plan arbre a chat palette petit,,0,,0.00,
plan arbre a chat pas cher,,0,,0.00,
plan arbre a chat simple,,0,,0.00,
plan arbre a chat tung,,0,,0.00,
plan arbre a chat xxl,,0,,0.00,
plan construction arbre a chat avec cagette pomme,,0,,0.00,
plan construction un arbre a chat,,0,,0.00,
plan construire arbre a chat,,0,,0.00,
plan corde arbre a chat,,0,,0.00,
plan de construction arbre a chat,,0,,0.00,
plan de fabrication d'un arbre a chat,,0,,0.00,
plan de montage arbre a chat maison en pain d'épice,,0,,0.00,
plan fabrication arbre a chat,,0,,0.00,
plan mega arbre a chat,,0,,0.00,
plan montage arbre a chat,,0,,0.00,
plan montage arbre a chat hamac,,0,,0.00,
plan montage arbre a chat marcel k1225,,0,,0.00,
plan montage arbre a chat mogli mano mano,,0,,0.00,
plan pour arbre a chat pdf,,0,,0.00,
plan pour arbre a chat plan,,0,,0.00,
plan pour arbre a chats,,0,,0.00,
plan pour fabriquer arbre a chat,,0,,0.00,
plan pour fabriquer arbre a chat mural,,0,,0.00,
plan pour faire un arbre a chat,,0,,0.00,
plan pour faire un arbre a chat sois meme facile,,0,,0.00,
plan pour realiser un arbre a chat,,0,,0.00,
plan technique arbre a chat,,0,,0.00,
planche a arbre a chat,,0,,0.00,
planche de rechange pour arbre a chat,,0,,0.00,
plans arbre a chat,,0,,0.00,
plans arbre a chats,,0,,0.00,
plans gratuits pour arbre a chats,,0,,0.00,
plant d arbre a chat,,0,,0.00,
plante l'arbre a chat,,0,,0.00,
plante verte arbre a chat,,0,,0.00,
plaque pour arbre a chat,,0,,0.00,
plate forme arbre a chat 46 cm,,0,,0.00,
plate forme chat arbre a chat diametre,,0,,0.00,
plate forme pour arbre a chat,,0,,0.00,
plate forme rechange arbre a chat,,0,,0.00,
plate forme rectangulaire pour arbre a chat,,0,,0.00,
plate forme relax pour arbre a chat,,0,,0.00,
plate forme ronde arbre a chat,,0,,0.00,
plateau arbre a chat 55 cm sur 59 cm,,0,,0.00,
plateau arbre a chat 55cm sur 59 cm,,0,,0.00,
plateau de rechange arbre a chat nanook,,0,,0.00,
plateau de rechange nanou pour arbre a chat,,0,,0.00,
plateau de rechange pour arbre a chat,,0,,0.00,
plateau du dessus pour arbre a chat,,0,,0.00,
plateau repos arbre a chat,,0,,0.00,
plateau repos arbre a chat nanook,,0,,0.00,
plateau seul pour arbre a chat,,0,,0.00,
plateforme arbre a chat vis 8mm,,0,,0.00,
plateforme de repos arbre a chat détaché,,0,,0.00,
plateforme de vue arbre a chat,,0,,0.00,
plateforme rectengulaire pour arbre a chat,,0,,0.00,
playmobil 4347 arbre a chats,,0,,0.00,
playmobil arbre a chat prix,,0,,0.00,
playmobil arbre a chat tarif,,0,,0.00,
playmobile arbre a chat,,0,,0.00,
playmobile l arbre a chat,,0,,0.00,
playmobils arbre a chats,,0,,0.00,
playmobils arbre a chats ebay,,0,,0.00,
plus beau arbre a chat,,0,,0.00,
plus grand arbre a chat au monde,,0,,0.00,
pocket camp arbre a chat,,0,,0.00,
podium d'un arbre a chat,,0,,0.00,
podium d'un arbre a chat sur palette,,0,,0.00,
poece modulable pour arbre a chat trixie,,0,,0.00,
poid colis arbre a chat,,0,,0.00,
poid de l'arbre a chat creativ anthracite animal and co,,0,,0.00,
poids arbre a chat,,0,,0.00,
poids arbre a chat 1m70,,0,,0.00,
poids arbre a chat fixation murale,,0,,0.00,
poids arbre a chat natural paradise xl,,0,,0.00,
poids et plume arbre a chat le magique,,0,,0.00,
poids pour maintenir arbre a chat,,0,,0.00,
poil et plume arbre a chat description,,0,,0.00,
poil et plume arbre a chat description des poteaux,,0,,0.00,
poils & plumes arbre a chat le magique,,0,,0.00,
poils & plumes arbre a chat le magique 50x35x138 cm,,0,,0.00,
poils et plumes arbre a chat le magique,,0,,0.00,
poils et plumes arbre a chat o malley,,0,,0.00,
poils et plumes figaro arbre a chat,,0,,0.00,
point dog arbre a chat,,0,,0.00,
point dog brest arbre a chat,,0,,0.00,
point vert arbre a chat,,0,,0.00,
pokemon arbre a chat,,0,,0.00,
pole vert arbre a chat,,0,,0.00,
pollen arbre a chat,,0,,0.00,
pollux veille son arbre a chat,,0,,0.00,
polux veille son arbre a chat,,0,,0.00,
polytrans arbre a chat,,0,,0.00,
polytrans arbre a chats,,0,,0.00,
polytrans arbres a chats,,0,,0.00,
polytrans code promo arbre a chat,,0,,0.00,
pompon arbre a chat,,0,,0.00,
pont arbre a chat diy,,0,,0.00,
pont suspendu a un arbre pour chat,,0,,0.00,
population usa 2018 arbre a chat,,0,,0.00,
portion d arbre a chat,,0,,0.00,
poser arbre a chat dans escalier,,0,,0.00,
poser un grillage a coté d'un arbre chat,,0,,0.00,
potaeu pour arbre a chat,,0,,0.00,
potau arbre a chat,,0,,0.00,
potaux de rechange arbre a chat 70 cm,,0,,0.00,
poteau 280cm arbre a chat,,0,,0.00,
poteau 58cm arbre a chat,,0,,0.00,
poteau 60cm arbre a chat,,0,,0.00,
poteau arbre a chat 1 m,,0,,0.00,
poteau arbre a chat 100 cm,,0,,0.00,
poteau arbre a chat 11 x 50,,0,,0.00,
poteau arbre a chat 11x60,,0,,0.00,
poteau arbre a chat 120 x 60,,0,,0.00,
poteau arbre a chat 12cmx35cm,,0,,0.00,
poteau arbre a chat 13cmx35cm,,0,,0.00,
poteau arbre a chat 15cm,,0,,0.00,
poteau arbre a chat 15cmx35cm,,0,,0.00,
poteau arbre a chat 1800,,0,,0.00,
poteau arbre a chat 22cm,,0,,0.00,
poteau arbre a chat 28x40,,0,,0.00,
poteau arbre a chat 2m,,0,,0.00,
poteau arbre a chat 30 cm,,0,,0.00,
poteau arbre a chat 37x9,,0,,0.00,
poteau arbre a chat 40 cl,,0,,0.00,
poteau arbre a chat 40cl,,0,,0.00,
poteau arbre a chat 4442531,,0,,0.00,
poteau arbre a chat 4442531 avec goujon,,0,,0.00,
poteau arbre a chat 4442531 avec gout,,0,,0.00,
poteau arbre a chat 5 cm,,0,,0.00,
poteau arbre a chat 50,,0,,0.00,
poteau arbre a chat 55 cm,,0,,0.00,
poteau arbre a chat 58 cm,,0,,0.00,
poteau arbre a chat 58cm,,0,,0.00,
poteau arbre a chat 60 cm,,0,,0.00,
poteau arbre a chat 6cmx50cm,,0,,0.00,
poteau arbre a chat 70,,0,,0.00,
poteau arbre a chat 7cmx50cm,,0,,0.00,
poteau arbre a chat 80 cm,,0,,0.00,
poteau arbre a chat 87 cm,,0,,0.00,
poteau arbre a chat 90 cm,,0,,0.00,
poteau arbre a chat 9cm,,0,,0.00,
poteau arbre a chat 9x50,,0,,0.00,
poteau arbre a chat a remplacer,,0,,0.00,
poteau arbre a chat adulte,,0,,0.00,
poteau arbre a chat aliexpress,,0,,0.00,
poteau arbre a chat animalerie,,0,,0.00,
poteau arbre a chat animalis,,0,,0.00,
poteau arbre a chat anione,,0,,0.00,
poteau arbre a chat avec grattoir 44 cm,,0,,0.00,
poteau arbre a chat botanic,,0,,0.00,
poteau arbre a chat cdiscount,,0,,0.00,
poteau arbre a chat desjardin,,0,,0.00,
poteau arbre a chat diametre 10 com,,0,,0.00,
poteau arbre a chat diametre 15,,0,,0.00,
poteau arbre a chat diametre 8,,0,,0.00,
poteau arbre a chat diametre 9,,0,,0.00,
poteau arbre a chat diamètre 20 cm,,0,,0.00,
poteau arbre a chat diamètre 70mm,,0,,0.00,
poteau arbre a chat doggy & co,,0,,0.00,
poteau arbre a chat e bay,,0,,0.00,
poteau arbre a chat ebi,,0,,0.00,
poteau arbre a chat ebi lifestyle for pets,,0,,0.00,
poteau arbre a chat en bois,,0,,0.00,
poteau arbre a chat filetage 10,,0,,0.00,
poteau arbre a chat filete,,0,,0.00,
poteau arbre a chat filete en bas,,0,,0.00,
poteau arbre a chat filteage 10,,0,,0.00,
poteau arbre a chat fluffy,,0,,0.00,
poteau arbre a chat goujon,,0,,0.00,
poteau arbre a chat grande taille,,0,,0.00,
poteau arbre a chat gris,,0,,0.00,
poteau arbre a chat gris 11x60,,0,,0.00,
poteau arbre a chat gros diametre,,0,,0.00,
poteau arbre a chat jardilan champniers,,0,,0.00,
poteau arbre a chat jardiland,,0,,0.00,
poteau arbre a chat juana,,0,,0.00,
poteau arbre a chat juana 11x60,,0,,0.00,
poteau arbre a chat krbl,,0,,0.00,
poteau arbre a chat maxi zoo,,0,,0.00,
poteau arbre a chat noir,,0,,0.00,
poteau arbre a chat palais zolux,,0,,0.00,
poteau arbre a chat pas cher,,0,,0.00,
poteau arbre a chat rechange wamiz,,0,,0.00,
poteau arbre a chat remplacement 21 cm,,0,,0.00,
poteau arbre a chat remplacement 21cm,,0,,0.00,
poteau arbre a chat remplacement 7x 21 cm,,0,,0.00,
poteau arbre a chat rhrquality,,0,,0.00,
poteau arbre a chat rue du commerce,,0,,0.00,
poteau arbre a chat sans vis,,0,,0.00,
poteau arbre a chat trixie 33 cm,,0,,0.00,
poteau arbre a chat wamiz,,0,,0.00,
poteau arbre a chat zolux,,0,,0.00,
poteau arbre a chat zoomalia,,0,,0.00,
poteau arbre a chats,,0,,0.00,
poteau arbres a chat,,0,,0.00,
poteau avec hamac arbre a chat,,0,,0.00,
poteau bois arbre a chat,,0,,0.00,
poteau d'arbre a chat,,0,,0.00,
poteau de rechange arbre a chat 11 cm de diametre,,0,,0.00,
poteau de rechange arbre a chat 13 cm diametre,,0,,0.00,
poteau de rechange arbre a chat 13cm,,0,,0.00,
poteau de rechange arbre a chat 13cm diametre,,0,,0.00,
poteau de rechange arbre a chat 22 cm amazon,,0,,0.00,
poteau de rechange arbre a chat 22cm,,0,,0.00,
poteau de rechange arbre a chat 22cm amazon,,0,,0.00,
poteau de rechange arbre a chat 60 cm,,0,,0.00,
poteau de rechange arbre a chat 70,,0,,0.00,
poteau de rechange arbre a chat 80 cm,,0,,0.00,
poteau de rechange arbre a chat 80cm,,0,,0.00,
poteau de rechange arbre a chat 9 35,,0,,0.00,
poteau de rechange arbre a chat 9 35mm,,0,,0.00,
poteau de rechange arbre a chat 9x30 cm,,0,,0.00,
poteau de rechange arbre a chat diametre 35cm,,0,,0.00,
poteau de rechange arbre a chat diametre 9 35,,0,,0.00,
poteau de rechange arbre a chat diametre 9 h 20,,0,,0.00,
poteau de rechange arbre a chat karlie,,0,,0.00,
poteau de rechange arbre a chat pas cher,,0,,0.00,
poteau de rechange arbre a chat vesper,,0,,0.00,
poteau de rechange arbre a chats diametre 12 cm,,0,,0.00,
poteau de rechange griffoir arbre a chat 40 cm,,0,,0.00,
poteau de rechange gris pour arbre a chat 9x30,,0,,0.00,
poteau de rechange marron pour arbre a chat,,0,,0.00,
poteau de rechange noir pour arbre a chat 9x30,,0,,0.00,
poteau de rechange pour arbre a chat 11x45,,0,,0.00,
poteau de rechange pour arbre a chat 8x25,,0,,0.00,
poteau de rechange pour arbre a chat 9x30,,0,,0.00,
poteau de rechange pour arbre a chat diamètre 15,,0,,0.00,
poteau de rechange pour arbre a chat o 12,,0,,0.00,
poteau de rechange pour arbre a chat o 7,,0,,0.00,
poteau de rechange pour arbre a chat o 9,,0,,0.00,
poteau de rechange pour arbre a chat zooplus,,0,,0.00,
poteau de rechanges pour arbre a chat 7 40,,0,,0.00,
poteau de remplacement arbre a chat,,0,,0.00,
poteau de remplacement arbre a chat aliexpress,,0,,0.00,
poteau de remplacement pour arbre a chat jardilan champniers,,0,,0.00,
poteau en sisal arbre a chat,,0,,0.00,
poteau en velours pour arbre a chat,,0,,0.00,
poteau griffoir sisal pour construire arbre a chat,,0,,0.00,
poteau mur arbre a chat,,0,,0.00,
poteau por arbre a chat 7 40,,0,,0.00,
poteau pour arbre a chat 7 40,,0,,0.00,
poteau pour arbre a chat pas cher,,0,,0.00,
poteau rechange 70 cmpour arbre a chat,,0,,0.00,
poteau rechange arbre a chat 17 7,,0,,0.00,
poteau rechange arbre a chat 170 70,,0,,0.00,
poteau rechange arbre a chat 50 cm,,0,,0.00,
poteau rechange arbre a chat 9,,0,,0.00,
poteau rechange arbre a chat 9 x 50,,0,,0.00,
poteau rechange arbre a chat 9cm,,0,,0.00,
poteau rechange arbre a chat 9x40,,0,,0.00,
poteau rechange arbre a chat amazon,,0,,0.00,
poteau rechange arbre a chat cdiscount,,0,,0.00,
poteau rechange arbre a chat kalie trackid sp-006,,0,,0.00,
poteau rechange arbre a chat kerbl planetx,,0,,0.00,
poteau rechange arbre a chat maxizoo,,0,,0.00,
poteau rechange arbre a chat vesper,,0,,0.00,
poteau rechange arbre a chat zolux,,0,,0.00,
poteau recharge arbre a chat,,0,,0.00,
poteau remplacement arbre a chat,,0,,0.00,
poteau remplacement arbre a chat zooplus,,0,,0.00,
poteau velour arbre a chat,,0,,0.00,
poteau.arbre.a.chat 11 cmx60,,0,,0.00,
poteau.arbre.a.chat gris11 cmx60,,0,,0.00,
poteau.arbre.a.chat.juana 11 cmx60,,0,,0.00,
poteaux 44 cm pour arbre a chat,,0,,0.00,
poteaux 44cm pour arbre a chat,,0,,0.00,
poteaux arbre a chat diametre 9,,0,,0.00,
poteaux arbre a chats,,0,,0.00,
poteaux arbres a chat,,0,,0.00,
poteaux de recange arbre a chat,,0,,0.00,
poteaux de rechange arbre a chat 70 cm,,0,,0.00,
poteaux de rechange arbre a chat banana leaf,,0,,0.00,
poteaux pour arbre a chat 15cm de longueur,,0,,0.00,
poteaux pour arbre a chat 2.83 cm x 22.83 cm,,0,,0.00,
poteaux pour arbre a chat 7 x 58,,0,,0.00,
poteaux pour arbre a chat 72mm x580mm,,0,,0.00,
poteaux pour arbre a chat feandrea,,0,,0.00,
poteaux pour arbre a chat h43 d6,,0,,0.00,
poteaux pour arbre a chats chez zooplus,,0,,0.00,
poteaux pour arbres a chats chez truff,,0,,0.00,
poteaux pour arbres a chats chez truffaut,,0,,0.00,
poteu arbre a chat male femelle,,0,,0.00,
poteu rechange arbre a chat trixie trackid sp-006,,0,,0.00,
potezi arbre a chat,,0,,0.00,
potiez arbre a chat,,0,,0.00,
poto arbre a chat,,0,,0.00,
pouf arbre a chat,,0,,0.00,
poullain arbre a chat,,0,,0.00,
pour qu'un chat aille sur l arbre a chat,,0,,0.00,
pour quun chat aille sur l arbre a chat,,0,,0.00,
pourcentage arbre a chat,,0,,0.00,
pourquoi acheter un arbre a chat,,0,,0.00,
pourquoi arbre a chat,,0,,0.00,
pourquoi doit on mettre un arbre a chat,,0,,0.00,
pourquoi herbe a chat dans arbre a cjat,,0,,0.00,
pourquoi mon chat griffe tout sauf l'arbre a chat,,0,,0.00,
pourquoi un arbre a chat,,0,,0.00,
pourquoi un arbre a chats,,0,,0.00,
pourquoi un chat urine sur son arbre a chat,,0,,0.00,
premium xl arbre a chat,,0,,0.00,
prendre arbre a chat vesper en noir ou noyer,,0,,0.00,
pretebels arbres a chat,,0,,0.00,
pretebels arbres a chat maine coon,,0,,0.00,
priceminister arbre a chat rouge,,0,,0.00,
priceminister rakuten arbre a chat,,0,,0.00,
prix a arbre a chat 1 6m,,0,,0.00,
prix arbre a chat 1 6 m,,0,,0.00,
prix arbre a chat auchan,,0,,0.00,
prix arbre a chat botanic,,0,,0.00,
prix arbre a chat cat work-western-ink,,0,,0.00,
prix arbre a chat chez coucou miaou,,0,,0.00,
prix arbre a chat gamm vert,,0,,0.00,
prix arbre a chat jardiland,,0,,0.00,
prix arbre a chat jmt,,0,,0.00,
prix arbre a chat la foir& 39,,0,,0.00,
prix arbre a chat le magique gpspe5000,,0,,0.00,
prix arbre a chat leclerc,,0,,0.00,
prix arbre a chat lidl,,0,,0.00,
prix arbre a chat maroc,,0,,0.00,
prix arbre a chat maxi zoo 2m50,,0,,0.00,
prix arbre a chat molosse et matou,,0,,0.00,
prix arbre a chat morella,,0,,0.00,
prix arbre a chat pas cher,,0,,0.00,
prix arbre a chat pas cher jardiland,,0,,0.00,
prix arbre a chat simple,,0,,0.00,
prix arbre a chat tectake,,0,,0.00,
prix arbre a chat zirkoon,,0,,0.00,
prix arbres a chat playmobil,,0,,0.00,
prix arbres a chat playmobil maxitoys,,0,,0.00,
prix arbres a chats,,0,,0.00,
prix cordre arbre a chat,,0,,0.00,
prix d un arbre a chat a botanic,,0,,0.00,
prix de arbre a chats,,0,,0.00,
prix de arbres a chats,,0,,0.00,
prix des arbres a chat,,0,,0.00,
prix des arbres a chat animalis 33,,0,,0.00,
prix des arbres a chat che animalis 33,,0,,0.00,
prix des arbres a chat jardiland 33140,,0,,0.00,
prix des arbres a chat lelann 33170,,0,,0.00,
prix des lps arbre a chat,,0,,0.00,
prix grand arbre a chat,,0,,0.00,
prix moyen d'un arbre a chat,,0,,0.00,
prix pas cher arbre a chat,,0,,0.00,
prix petit arbre a chat,,0,,0.00,
prix produit arbre a chat,,0,,0.00,
prix tronc arbre a chat,,0,,0.00,
procanis arbre a chat,,0,,0.00,
produit arbre a chat,,0,,0.00,
produit pour arbres a chat,,0,,0.00,
projet arbre a chat,,0,,0.00,
projet arbre a chat fait maison,,0,,0.00,
projet arbre a chat écologique,,0,,0.00,
projet rennes 2 arbre a chat,,0,,0.00,
prolongateur d'arbre a chat,,0,,0.00,
promo arbre a chat c discount,,0,,0.00,
promo arbre a chat gifi saintes,,0,,0.00,
promo arbre a chat gifi saintes 60cm,,0,,0.00,
promo arbre a chat le havre,,0,,0.00,
promo arbre a chat lidl,,0,,0.00,
promo arbre a chat trixie,,0,,0.00,
promo arbre a chat trixie lavinia,,0,,0.00,
promo arbre a chat villaverde,,0,,0.00,
promo arbre a chat zooplus,,0,,0.00,
promo gifi arbre a chat,,0,,0.00,
promo site arbre a chat,,0,,0.00,
promos sur arbres a chats,,0,,0.00,
promotion arbre a chat gifi,,0,,0.00,
promotion arbre a chat mecina arbres,,0,,0.00,
promotion arbres a chat,,0,,0.00,
promotion jardilad calais arbre a chat,,0,,0.00,
promotion magasin arbre a chat,,0,,0.00,
promotion pour animaux arbre a chat dans super marcher,,0,,0.00,
promotion pour animaux arbre a chat dans supermarché,,0,,0.00,
promotion sur arbre a chat,,0,,0.00,
protection arbre a chat,,0,,0.00,
proteger un vis qui depasse ds arbre a chat,,0,,0.00,
prox petit arbre a chat,,0,,0.00,
pub arbre a chat 2017,,0,,0.00,
pub arbre a chat france 2,,0,,0.00,
pub arbre a chat geant,,0,,0.00,
pub arbre a chat gifi,,0,,0.00,
pub arbre a chat jardiland,,0,,0.00,
pub arbre a chat leclerc,,0,,0.00,
pub arbre a chat sur facebook,,0,,0.00,
pub arbres a chat,,0,,0.00,
pub avec femme dans arbre a chat,,0,,0.00,
pub jardiland 2017 arbre a chat,,0,,0.00,
pub jardiland arbre a chat,,0,,0.00,
pub lidl 2017 arbre a chat,,0,,0.00,
pub lidl 2017 arbre a chat geant,,0,,0.00,
pub lidl arbre a chat,,0,,0.00,
pub lidl arbre a chat 2019,,0,,0.00,
pub maison arbre a chat,,0,,0.00,
pub on a vu grand avec l'arbre a chat,,0,,0.00,
pub tv arbre a chat geant,,0,,0.00,
pub tv arbre a chat gifi,,0,,0.00,
publicite auchan avec arbre a chat,,0,,0.00,
publicite lidl arbre a chat,,0,,0.00,
publicité arbre a chat france 2,,0,,0.00,
publicité jardiland arbre a chat,,0,,0.00,
putain de chat 4 arbre a chat,,0,,0.00,
putain de chat arbre a chat,,0,,0.00,
pztit arbre a chat cabane,,0,,0.00,
pépinière de bavent arbre a chat,,0,,0.00,
qualite corde arbre a chat,,0,,0.00,
qualité arbre a chat zolia,,0,,0.00,
qualité finition sisal arbre a chat,,0,,0.00,
quand changer arbre a chat,,0,,0.00,
quand ton chat caca sur son arbre a chat,,0,,0.00,
que choisir comme arbre a chat,,0,,0.00,
que faire avec arbre a chats,,0,,0.00,
que faire des arbres a chat calicivirus,,0,,0.00,
que faut il comme arbre a chat,,0,,0.00,
que faut til comme arbre a chat costo,,0,,0.00,
que mettre sur arbre a chat,,0,,0.00,
que mettre sur un arbre a chat,,0,,0.00,
quel arbre a chat,,0,,0.00,
quel arbre a chat choisir pour chat adulte,,0,,0.00,
quel arbre a chat chousir poue deux chats,,0,,0.00,
quel arbre a chat ideal,,0,,0.00,
quel arbre a chat pour bengal,,0,,0.00,
quel arbre a chat pour un british shorthair,,0,,0.00,
quel arbre a chat pour un gros chat,,0,,0.00,
quel arbre a chat pour un maine coon,,0,,0.00,
quel arbre a chat pour un ragdoll,,0,,0.00,
quel arbre a chat pour un siberien,,0,,0.00,
quel arbre a chats choisir pour chat adulte,,0,,0.00,
quel arbre pour arbre a chat,,0,,0.00,
quel arbre prendre pour faire un arbre a chat,,0,,0.00,
quel bois pour arbre a chat diy,,0,,0.00,
quel corde pour arbre a chat,,0,,0.00,
quel diametre d un poteaux d un arbre a chat,,0,,0.00,
quel essence d'arbre pour arbre a chat,,0,,0.00,
quel est le meilleur arbre a chat,,0,,0.00,
quel est le meilleur corde pour arbre a chat,,0,,0.00,
quel est le meilleur corde pour arbre a chat forum,,0,,0.00,
quel fourrure pour arbre a chat,,0,,0.00,
quel hauteur pour un arbre a chat,,0,,0.00,
quel materiaux pour arbre a chat,,0,,0.00,
quel moquette pour arbre a chat,,0,,0.00,
quel plaide pour arbre a chat,,0,,0.00,
quel prix arbre a chat vesper haut,,0,,0.00,
quel taille de tube sur un arbre a chat,,0,,0.00,
quel tissu mettre sur un arbre a chat,,0,,0.00,
quel tissu pour faire un arbre a chat,,0,,0.00,
quel tissus pour arbre a chat,,0,,0.00,
quel tissus sur arbre a chat,,0,,0.00,
quel type d'arbre pour arbre a chats,,0,,0.00,
quel type d'arbre pour fabriquer arbre a chats,,0,,0.00,
quele bois pour un arbre a chats naturel,,0,,0.00,
quelle colle pour arbre a chat,,0,,0.00,
quelle colle utiliser pour coller corde sur arbre a chat,,0,,0.00,
quelle corde sisal arbre a chat,,0,,0.00,
quelle diametre corde arbre a chat,,0,,0.00,
quelle diametre de corde sisal pour arbre a chat,,0,,0.00,
quelle plante mettre avec arbre a chat en ligne,,0,,0.00,
quelle plante montante mettre avec arbre a chat en ligne,,0,,0.00,
quelle taille arbre a chat,,0,,0.00,
quelle épaisseur corde sisal pour arbre a chats,,0,,0.00,
quelles sont les vis pour un arbre a chat,,0,,0.00,
quels sont les arbres a chat pour chat norvegien,,0,,0.00,
qui a inventer l'arbre a chat,,0,,0.00,
qui a inventé l'arbre a chat,,0,,0.00,
quoi faire si chat a manger arbre jade,,0,,0.00,
racheter des cordes arbres a chat,,0,,0.00,
ragt arbre a chat,,0,,0.00,
rajouter tige filetage arbre a chat,,0,,0.00,
rajouter un jouet suspndu a un arbre a chat,,0,,0.00,
rakuden vesper arbre a chat,,0,,0.00,
rakuten arbre a chat,,0,,0.00,
rallonge arbre a chat,,0,,0.00,
rallonge poteau sisal arbre a chat,,0,,0.00,
rangement arbre a chat,,0,,0.00,
raphia pour arbre a chat,,0,,0.00,
ratuken arbre a chat,,0,,0.00,
realisation arbre a chat,,0,,0.00,
realisation arbre a chat naturel,,0,,0.00,
realisation d'un arbre a chat,,0,,0.00,
realisation d'un arbre a chat en palettes,,0,,0.00,
realiser arbre a chat,,0,,0.00,
realiser un arbre a chat avec un arbre,,0,,0.00,
realiser un vrai arbre a chat,,0,,0.00,
recange rondin arbre a chat jardiland,,0,,0.00,
recette clou de girofle aloe vera arbre a the chat,,0,,0.00,
rechange arbre a chat poteau 15 cm,,0,,0.00,
rechange socle arbre a chat trixie,,0,,0.00,
recharge arbre a chat 25cm,,0,,0.00,
recharge arbre a chat differente taille,,0,,0.00,
recharge arbre a chat la foir'fouille 170 60,,0,,0.00,
recharge arbre a chat la foire fouille,,0,,0.00,
recharge arbre a chat la foire fouille 17 6,,0,,0.00,
recharge arbre a chat la foire fouille 170 60,,0,,0.00,
recharge arbre a chat la foire fouille 17cm,,0,,0.00,
recharge arbre a chat soldes,,0,,0.00,
recharge griffoir arbre a chat et plateforme,,0,,0.00,
recharge poteau pour arbre a chat,,0,,0.00,
recharge pour arbre a chat,,0,,0.00,
recharge socle arbre a chat,,0,,0.00,
recharge à visser pour arbre a chat,,0,,0.00,
recharges cordes arbre a chats,,0,,0.00,
rechece sur le bon coin un arbre a chat,,0,,0.00,
recheche grand arbre a chat chez amazon,,0,,0.00,
recher à acheter un arbre a chat,,0,,0.00,
recherche arbre a chat 114cm de hauteur,,0,,0.00,
recherche arbre a chat a donner,,0,,0.00,
recherche arbre a chat gratuit,,0,,0.00,
recherche arbre a chat jennifer,,0,,0.00,
recherche arbre a chat le bon coin 72440 annonces,,0,,0.00,
recherche arbre a chat le bon coin st,,0,,0.00,
recherche arbre a chat occasion,,0,,0.00,
recherche arbre a chat pas cher,,0,,0.00,
recherche arbre a chat pas chere,,0,,0.00,
recherche arbre a chat plus d'un 1m pas chere,,0,,0.00,
recherche frabrication d'un arbre a chat en bois,,0,,0.00,
recherche frabricationd'un arbre a chat avec des branche arbre,,0,,0.00,
recherche grand arbre a chat chez amazon,,0,,0.00,
recherche magasin qui vend des arbres a chat,,0,,0.00,
recoller une corde d arbre a chat,,0,,0.00,
reconditionne un arbre a chat,,0,,0.00,
recouvrir un arbre a chat,,0,,0.00,
recycler arbre a chat,,0,,0.00,
recycler arbre a chats,,0,,0.00,
recycler pour creer soi meme son arbre a chat,,0,,0.00,
redoute arbre a chat,,0,,0.00,
refaire cordage arbre a chat,,0,,0.00,
refaire fourrure arbre a chat,,0,,0.00,
refaire l'arbre a chat,,0,,0.00,
refaire l'arbre a chat sois meme,,0,,0.00,
refaire le tissu arbre a chat,,0,,0.00,
refaire poteau arbre a chat,,0,,0.00,
refaire sisal arbre a chat,,0,,0.00,
refaire sisal arbre a chat sans colle,,0,,0.00,
relax house arbre a chat,,0,,0.00,
relouker l'arbre a chat,,0,,0.00,
rembourer arbre a chat,,0,,0.00,
remette sisal sur arbre a chat,,0,,0.00,
remettre corde arbre a chat,,0,,0.00,
remettre de la corde sur un arbre a chat,,0,,0.00,
remettre sisal sur arbre a chat,,0,,0.00,
remplace tapis arbre a chat,,0,,0.00,
remplacement griffoire arbre a chat,,0,,0.00,
remplacement griffoire arbre a chat d 9,,0,,0.00,
remplacement sisal arbre a chat quelle colle,,0,,0.00,
remplacer cordage arbre a chat,,0,,0.00,
remplacer tapis arbre a chat,,0,,0.00,
remplacer une partie arbre a chat,,0,,0.00,
reneover arbre a chat,,0,,0.00,
renforcer arbre a chat,,0,,0.00,
renforcer arbre a chat instable,,0,,0.00,
renover arbre a chat,,0,,0.00,
reparation arbre a chat,,0,,0.00,
reparation socle arbre a chat,,0,,0.00,
reparer arbre a chat mastic,,0,,0.00,
reparer arbre a griffe pour chat,,0,,0.00,
reparer le hamac de l'arbre a chat,,0,,0.00,
reparer le hammac de l'arbre a chat,,0,,0.00,
reparer mon arbre a chat,,0,,0.00,
reparer poteau arbre a chat casse,,0,,0.00,
reparer sisal arbre a chat,,0,,0.00,
reparer son arbre a chat,,0,,0.00,
reparer tronc arbre a chat,,0,,0.00,
reparer tube arbre a chat,,0,,0.00,
reparer un arbre a chat,,0,,0.00,
reseau distribution arbre a chat vesper,,0,,0.00,
reservation l arbre a chat entraigues,,0,,0.00,
retaper arbre a chat,,0,,0.00,
retirer odeur d'un chat sur arbre a chat,,0,,0.00,
rhr quality arbre a chat soldes,,0,,0.00,
rhr quality arbre a chat xxl,,0,,0.00,
rhrquality arbre a chat paradise xxl,,0,,0.00,
rhrquality arbre a chat xxl geant royalty blackline gris foncé,,0,,0.00,
ricardo ch arbre a chat,,0,,0.00,
ricardo.ch arbre a chat,,0,,0.00,
rob rogalski arbre a chat,,0,,0.00,
romarin sur arbre a chat,,0,,0.00,
romotion arbre a chat,,0,,0.00,
rond arbre a chat,,0,,0.00,
rond bois arbre a chat,,0,,0.00,
rondin arbre a chat 15cmx35cm,,0,,0.00,
rondin arbre a chat 15cmx35cù,,0,,0.00,
rondin arbre a chat jardiland,,0,,0.00,
rondin arbre a chat medor et compagnie,,0,,0.00,
rondin arbre a chat zooplus,,0,,0.00,
rondin bois pour arbre a chat,,0,,0.00,
rondin de bois pour arbre a chat,,0,,0.00,
rondin pour arbre a chat,,0,,0.00,
rondin pour arbre a chat sur tours,,0,,0.00,
rondin sisal arbre a chat,,0,,0.00,
rondin sisal arbre a chat 11 45,,0,,0.00,
rondins de bois pour arbre a chat,,0,,0.00,
rouen arbre a chat occasion,,0,,0.00,
rouleau de sisal naturel pour arbre a chat,,0,,0.00,
rouleau en corde por arbre a chat,,0,,0.00,
rouleau griffoir arbre a chat,,0,,0.00,
rouleau grosse ficelle arbre a chat,,0,,0.00,
rouleau moquette doux pour arbre a chat,,0,,0.00,
rouleau pour arbre a chat,,0,,0.00,
rouleau pour arbre a chat hauteur 20cm,,0,,0.00,
rouleau rechange arbre a chat,,0,,0.00,
rouleau tissue doux pour arbre a chat,,0,,0.00,
rouleaux arbre a chat,,0,,0.00,
rouleaux pour griffoir arbre a chat,,0,,0.00,
rouleua arbre a chat,,0,,0.00,
royal canin arbre a chat,,0,,0.00,
royal canin arbre a chat revue,,0,,0.00,
royal-woods-arbre-a-chat-desig,,0,,0.00,
royal-woods-arbre-a-chat-design-en-bois,,0,,0.00,
royal-woods-arbre-a-chat-design-en-bois-deluxe,,0,,0.00,
rr infinity arbre a chat,,0,,0.00,
ruban arbre a chat,,0,,0.00,
rue du commerce arbre a chat,,0,,0.00,
rue du commerce arbre a chats,,0,,0.00,
rueducommerce arbre a chat,,0,,0.00,
rufi arbre a chat,,0,,0.00,
réparer arbre a chat,,0,,0.00,
réparer le carton de l arbre a chat,,0,,0.00,
s conception arbre a chat,,0,,0.00,
sac confort arbre a chat,,0,,0.00,
sac confort xl pour arbre a chat,,0,,0.00,
sac confort xl pour arbre a chat trixie,,0,,0.00,
sac confort xxl pour arbre a chat,,0,,0.00,
sailun arbre a chat,,0,,0.00,
salle de jeux avec arbre a chats geant,,0,,0.00,
salon avec arbre a chat,,0,,0.00,
sapin en arbre a chat,,0,,0.00,
sapin en arbre a chat modoficatyion,,0,,0.00,
savoir se qui a dans un arbre a chat,,0,,0.00,
scandy gris arbre a chat,,0,,0.00,
schema arbre a chat en bois,,0,,0.00,
schema montage arbre a chat silvia,,0,,0.00,
schleich arbre a chat,,0,,0.00,
schéma pour construire arbre a chat mural,,0,,0.00,
schéma pour construire un arbre a chat mural,,0,,0.00,
scratcher's dream arbre a chat,,0,,0.00,
scratcher's dream jaguar arbre a chat,,0,,0.00,
scratchers dream arbre a chat,,0,,0.00,
scupteur arbre a chat robert,,0,,0.00,
se faire fabriquer son arbre a chat,,0,,0.00,
se feire les griffes dans un arbre a chat,,0,,0.00,
semis arbre a chat,,0,,0.00,
set arbre a chat mural,,0,,0.00,
shema arbre a chat,,0,,0.00,
shema arbre a chat en bois,,0,,0.00,
shop arbre a chat creapills,,0,,0.00,
shopalike arbre a chat,,0,,0.00,
siege arbre a chat,,0,,0.00,
siege pour arbre a chat,,0,,0.00,
silhouette chat et arbre a chat vectoriel gratuit,,0,,0.00,
silvio arbre a chat mural,,0,,0.00,
simple arbre a chat,,0,,0.00,
sims 3 animaux et cie arbre a chat,,0,,0.00,
sims 4 mods animaux objets panier arbre a chat,,0,,0.00,
sisal pour arbre a chats,,0,,0.00,
site allemand arbre a chat,,0,,0.00,
site allemand pour arbre a chat,,0,,0.00,
site arbre a chat francais,,0,,0.00,
site arbre a chat francais thecat,,0,,0.00,
site arbres a chats sur mesure,,0,,0.00,
site aupess arbre a chat,,0,,0.00,
site d arbre a chat,,0,,0.00,
site d'arbre a chat,,0,,0.00,
site de vente arbre a chat,,0,,0.00,
site gifi.fr arbre a chat gifi,,0,,0.00,
site internet vesper arbre a chat,,0,,0.00,
site mon-arbre-a-chat.ovh,,0,,0.00,
site officiel arbre a chat,,0,,0.00,
site officiel trixie arbre a chat,,0,,0.00,
site pour arbre a chat,,0,,0.00,
site spécialisé arbre a chat,,0,,0.00,
site vente arbres a chat,,0,,0.00,
smooz arbre a chat,,0,,0.00,
smooz arbre a chat fiji,,0,,0.00,
smooz arbre a chat fuji,,0,,0.00,
smooz arbre a chat olympe,,0,,0.00,
societe alemande d arbre a chat,,0,,0.00,
societe privé a lyon qui descend les chats des arbres,,0,,0.00,
societes vendant arbres a chat,,0,,0.00,
socle sol arbre a chat,,0,,0.00,
solde arbre a chat flower,,0,,0.00,
solde arbre a chat geant,,0,,0.00,
solde arbre a chat hamac,,0,,0.00,
solde arbre a chat vesper,,0,,0.00,
solde poteau arbre a chat,,0,,0.00,
solde promo arbre a chat,,0,,0.00,
soldes arbre a chat naturel,,0,,0.00,
soldes arbre a chat xxl,,0,,0.00,
soldes arbre a chats,,0,,0.00,
soldes arbres a chat adultes,,0,,0.00,
soldes arbres a chat livraison gratuite point relais,,0,,0.00,
soldes arbres a chats,,0,,0.00,
soldes grand arbre a chat,,0,,0.00,
solide arbre a chat,,0,,0.00,
solution pour maintenir arbre a chat,,0,,0.00,
song mix arbre a chat,,0,,0.00,
songmics arbre a chat avis,,0,,0.00,
songmics arbre a chats,,0,,0.00,
sopapets arbre a chat,,0,,0.00,
souris arbre a chat,,0,,0.00,
spatule pour arbre a chat,,0,,0.00,
specialiste arbre a chat boutique,,0,,0.00,
spot & flash arbre a chat,,0,,0.00,
spécialiste arbre a chat,,0,,0.00,
stabiliser arbre a chat,,0,,0.00,
stabiliser un arbre a chat,,0,,0.00,
stickers arbre a chat,,0,,0.00,
stolmen arbre a chat,,0,,0.00,
streaming malcolm arbre a chat,,0,,0.00,
structure hamac arbre a chat,,0,,0.00,
style animaux arbre a chat,,0,,0.00,
style scandinave arbre a chat,,0,,0.00,
style-animaux arbre a chat,,0,,0.00,
sunny arbre a chat montage,,0,,0.00,
sunny arbre a chat montage notice,,0,,0.00,
sunny arbre a chat montage notisse,,0,,0.00,
superbe arbre a chat,,0,,0.00,
support arbre a chat bois flotté,,0,,0.00,
support arbre a chat pas cher,,0,,0.00,
support de fixation arbre a chat,,0,,0.00,
support fixation universel arbre a chat,,0,,0.00,
support mural pour arbre a chat,,0,,0.00,
support mural pour poteau arbre a chat,,0,,0.00,
support pour arbre a chat,,0,,0.00,
support rond metal arbre a chat,,0,,0.00,
support socle pour poteau arbre a chat,,0,,0.00,
support sol arbre a chat,,0,,0.00,
suppory de fixation unuversel arbre a chat,,0,,0.00,
sur le bon coin arbres a chat,,0,,0.00,
sylvia arbre a chat,,0,,0.00,
synonime d un arbre a chat,,0,,0.00,
synonime un arbre a chat,,0,,0.00,
systeme de fixation plafond arbre a chat,,0,,0.00,
systeme pour empechet un chat de monter a un arbre,,0,,0.00,
systeme pour empêcher un chat de monter a un arbre,,0,,0.00,
t arbre a chat,,0,,0.00,
table basse arbre a chat,,0,,0.00,
table de chevet en arbre a chat,,0,,0.00,
table ikea en arbre a chat,,0,,0.00,
table lack arbre a chat,,0,,0.00,
tablette arbre a chat suspendu,,0,,0.00,
tabouret coussin arbre a chat,,0,,0.00,
taccessoires arbres a chats,,0,,0.00,
tactake arbre a chat,,0,,0.00,
taille arbre a chat,,0,,0.00,
taille corde arbre a chat,,0,,0.00,
taille des arbres a patte de chat,,0,,0.00,
taille en chaton arbre a chat,,0,,0.00,
tailler arbre a chat,,0,,0.00,
take tac arbre a chat,,0,,0.00,
take take arbre a chat,,0,,0.00,
taketale arbre a chat,,0,,0.00,
tapisser un arbre a chat,,0,,0.00,
tardis arbre a chat,,0,,0.00,
tarif arbre a chat,,0,,0.00,
tarif arbre a chat maine coon,,0,,0.00,
tarif arbre a chat maxi zoo saint herblain,,0,,0.00,
tarif très grand arbre a chat,,0,,0.00,
tarif très grand arbre a chat maine coon,,0,,0.00,
tarof arbre a chat olivier,,0,,0.00,
tasseaux construire un arbre a chat,,0,,0.00,
tati arbre a chat,,0,,0.00,
tattacher corde arbre a chat poutre,,0,,0.00,
taty arbre a chat,,0,,0.00,
tec take arbre a chat,,0,,0.00,
tec take arbre a chat mode d'emploi,,0,,0.00,
tec take arbres a chat,,0,,0.00,
tec tec arbres a chat,,0,,0.00,
tech tack arbre a chat,,0,,0.00,
teck arbre a chat,,0,,0.00,
teck teck arbre a chat,,0,,0.00,
teckare don arbre a chat,,0,,0.00,
tecktac arbre a chat,,0,,0.00,
tectac arbre a chat,,0,,0.00,
tectake arbre a chat 141,,0,,0.00,
tectake arbre a chat 141 noir,,0,,0.00,
tectake arbre a chat 153 noir,,0,,0.00,
tectake arbre a chat 201 cm,,0,,0.00,
tectake arbre a chat 261 cm silvi,,0,,0.00,
tectake arbre a chat abby,,0,,0.00,
tectake arbre a chat stockeley,,0,,0.00,
tectake xxl arbre a chat,,0,,0.00,
tectake.fr arbre-a-chat-132-cm-amy-griffoir-grattoir-tronc-800220,,0,,0.00,
tectrade arbre a chat,,0,,0.00,
teigne arbre a chat,,0,,0.00,
teinte arbre a chat,,0,,0.00,
tekcate arbre a chat,,0,,0.00,
terranimo arbre a chat pour gros chats menkui,,0,,0.00,
terranimo arbre a chats,,0,,0.00,
terranimo arbre a chatspour gros chats menkuik,,0,,0.00,
terre animaux arbre a chat,,0,,0.00,
terre animaux sarreguemines arbre a chat,,0,,0.00,
test arbre a chat,,0,,0.00,
test arbre a chat leopet,,0,,0.00,
test arbre a chat pct 86,,0,,0.00,
test arbre a chat pct86,,0,,0.00,
test arbre a chat songmics,,0,,0.00,
test arbres a chat pour main coon,,0,,0.00,
test leopet arbre a chat 171,,0,,0.00,
textile pour arbre a chat,,0,,0.00,
the one arbre a chat,,0,,0.00,
the q arbre a chat,,0,,0.00,
thermomètre a bulle ambiance liquide chien arbre chat tournesol,,0,,0.00,
tige arbre a chat,,0,,0.00,
tige arbre a chat adulte,,0,,0.00,
tiger arbre a chat,,0,,0.00,
tigre geant arbre a chat,,0,,0.00,
tisser un arbre a chat,,0,,0.00,
tissu fourrure pour arbre a chat,,0,,0.00,
tissu moquette arbre a chat,,0,,0.00,
tissu pour faire des arbres a chat,,0,,0.00,
tissu pour recouvrir arbre a chat,,0,,0.00,
tissu pour recouvrir arbre a chats,,0,,0.00,
tissu pour un arbre a chat,,0,,0.00,
tissu protege arbre a chat,,0,,0.00,
tissu recommande pour fabriquer arbre a chat,,0,,0.00,
tissu solide pour arbre a chat,,0,,0.00,
tissus arbre a chat,,0,,0.11,
tissus arbre a chat pattes,,0,,0.00,
tissus fausse fourrure au metre pour arbre a chat,,0,,0.00,
tissus fausse fourrure pour arbre a chat,,0,,0.00,
tissus fausse fourrure pour arbre a chat beige,,0,,0.00,
tissus peluche pour arbre a chat,,0,,0.00,
tissus pour recouvrir les arbres a chats,,0,,0.00,
tissus résistant pour arbre a chat,,0,,0.00,
titicatz arbre a chat,,0,,0.00,
titrix arbre a chat,,0,,0.00,
todeco arbre a chat,,0,,0.00,
toile pour arbre a chat,,0,,0.00,
tom & co arbre a chat,,0,,0.00,
tom and co bourges arbre a chat,,0,,0.00,
tom&co hazebrouck arbre a chat,,0,,0.00,
tonneaux arbre a chat,,0,,0.00,
top 10 des arbres a chat,,0,,0.00,
top animal arbre a chat,,0,,0.00,
top arbre a chat appart,,0,,0.00,
top des meilleurs arbres a chat,,0,,0.00,
top marques arbre a chat,,0,,0.00,
totem orbec la vespière arbre a chat,,0,,0.00,
totem original arbre a chat,,0,,0.00,
tour 53 cm arbre a chat,,0,,0.00,
tour a griffer et arbre a chat,,0,,0.00,
tour arbre a chat 120,,0,,0.00,
tour griffoir arbre a chat,,0,,0.00,
tour sisal de rechange por arbre a chat,,0,,0.00,
touret construire un arbre a chat,,0,,0.00,
touret de cable pour faire un arbre a chat,,0,,0.00,
touret pour socle arbre a chat,,0,,0.00,
tous pour decaration arbre a chat,,0,,0.00,
tous pour decoration arbre a chat,,0,,0.00,
tower arbre a chat,,0,,0.00,
toxicité arbre a chat,,0,,0.00,
traduction allemand arbre a chat,,0,,0.00,
traduction arbre a chat,,0,,0.00,
traduction arbre a chat allemand,,0,,0.00,
traiter arbre.a.chat,,0,,0.00,
transforme arbre a chat a murzl,,0,,0.00,
transformer son escalier en arbre a chat,,0,,0.00,
transformer son excalier en arbre a chat,,0,,0.00,
transformer un arbre a chat,,0,,0.00,
transformer un arbre a chat du commerce,,0,,0.00,
transformer un meuble en arbre a chat,,0,,0.00,
transformer un tronc d arbre en arbre a chat,,0,,0.00,
transformer une grosse bobine de cable en arbre a chat,,0,,0.00,
transformer vieux buffet en.arbre a chat,,0,,0.00,
trauffaut arbre a chat,,0,,0.00,
traxi arbre a chats,,0,,0.00,
tres grand arbre a chat pour chat lourd,,0,,0.00,
tres grand arbre a chat pour gros chat,,0,,0.00,
tres grand arbre a chats joom,,0,,0.00,
tres gros arbre a chat au plafond maine coon,,0,,0.00,
trexi arbre a chats,,0,,0.00,
tridome arbre a chat,,0,,0.00,
tripodi l'arbre a chat,,0,,0.00,
trixi arbre a chat,,0,,0.00,
trixie alesio arbre a chat,,0,,0.00,
trixie alessio arbre a chat,,0,,0.00,
trixie arbre a chat abele,,0,,0.00,
trixie arbre a chat allora,,0,,0.00,
trixie arbre a chat amado,,0,,0.00,
trixie arbre a chat arieta,,0,,0.00,
trixie arbre a chat baza,,0,,0.00,
trixie arbre a chat baza 50cm,,0,,0.00,
trixie arbre a chat bionda h66 cm beige,,0,,0.00,
trixie arbre a chat esma,,0,,0.00,
trixie arbre a chat esma reference,,0,,0.00,
trixie arbre a chat espejo,,0,,0.00,
trixie arbre a chat eugen,,0,,0.00,
trixie arbre a chat lelia,,0,,0.00,
trixie arbre a chat lucano,,0,,0.00,
trixie arbre a chat maine coon,,0,,0.00,
trixie arbre a chat naturel,,0,,0.00,
trixie arbre a chat nita,,0,,0.00,
trixie arbre a chat romy h72 cm gris clair,,0,,0.00,
trixie arbre a chat soldes,,0,,0.00,
trixie arbre a chat table,,0,,0.00,
trixie arbre a chat tour 100cm,,0,,0.00,
trixie arbre a chat xxl,,0,,0.20,
trixie arbre a gros chat,,0,,0.00,
trixie ava arbre a chat,,0,,0.00,
trixie falcon arbre a chat,,0,,0.00,
trixie sac de transport pour arbre a chat 38cm,,0,,0.00,
trixie tronc de rechange arbre a chat gaya,,0,,0.00,
troc d'arbre a chat,,0,,0.00,
trofast arbre a chat,,0,,0.00,
tron arbre a chat,,0,,0.00,
tron arbre arbre a chat,,0,,0.00,
tron en plastique pour arbre a chat,,0,,0.00,
tron entouree de corde pour changer l arbre a chat,,0,,0.00,
tronc arbre a chat 34 cm,,0,,0.00,
tronc arbre a chat 53 cm,,0,,0.00,
tronc arbre a chat erable,,0,,0.00,
tronc arbre a chat et recharges,,0,,0.00,
tronc arbre a chat fixxi,,0,,0.00,
tronc arbre a chat karlie,,0,,0.00,
tronc arbre a chat karlie trackid sp-006,,0,,0.00,
tronc arbre a chat sur mesure,,0,,0.00,
tronc arbre a chats,,0,,0.00,
tronc arbre arbre a chat,,0,,0.00,
tronc d arbre comme griffoir a chat,,0,,0.00,
tronc en sillas pour arbre a chat de rechange,,0,,0.00,
tronc pour arbre a chat ebi,,0,,0.00,
tronc pour arbre a chats,,0,,0.00,
tronc rechange arbre a chat,,0,,0.00,
tronc recharge arbre a chat 53 cm,,0,,0.00,
tropiflora arbre a chat,,0,,0.00,
trouver arbre a chat,,0,,0.00,
trouver arbre a chat sale,,0,,0.00,
trouver un arbre a chat,,0,,0.00,
truc et astuce arbre a chat,,0,,0.00,
truc et astuce pour faire un arbre a chat,,0,,0.00,
truffaud arbres a chat,,0,,0.00,
truffault arbre a chat,,0,,0.00,
truffaut arbre a chat acajou,,0,,0.00,
truffaut arbre a chat beton acajou,,0,,0.00,
truffaut arbre a chat promotion,,0,,0.00,
truffaut arbres a chat,,0,,0.00,
truffaut geant arbre a chat,,0,,0.00,
truffaut plaisir arbre a chat,,0,,0.00,
truffaut plaisir arbre a chats,,0,,0.00,
ttp www.zoomalia.com animalerie arbre-a-chat-maine-coon-yeti-master-p-21463.html,,0,,0.00,
tube arbre a chat 35 cm,,0,,0.00,
tube arbre a chat 8 30,,0,,0.00,
tube arbre a chat 9 50,,0,,0.00,
tube arbre a chat adulte design,,0,,0.00,
tube arbre a chat animalis,,0,,0.00,
tube bois arbre a chat,,0,,0.00,
tube carton arbre a chat,,0,,0.00,
tube carton pour arbre a chat,,0,,0.00,
tube de rechange 50 cm arbre a chat,,0,,0.00,
tube de rechange arbre a chat,,0,,0.00,
tube en pvc pour arbre a chat,,0,,0.00,
tube grattoir arbre a chat,,0,,0.00,
tube griffoir arbre a chat,,0,,0.00,
tube pour fabriquer tour arbre a chat,,0,,0.00,
tube pvc arbre a chat,,0,,0.00,
tube remplacement arbre a chat,,0,,0.00,
tube sisal pour arbre a chat,,0,,0.00,
tubes arbre a chat,,0,,0.00,
tubes arbre a chat 54cm,,0,,0.00,
tubes arbre a chat ebi lifestyle for pets,,0,,0.00,
tuktok arbre a chat,,0,,0.00,
tunnel arbre a chat,,0,,0.00,
tunnel et arbre a chat,,0,,0.00,
tuto arbre a chat a faire soi meme,,0,,0.00,
tuto arbre a chat avec roue,,0,,0.00,
tuto arbre a chat bobine,,0,,0.00,
tuto arbre a chat cactus,,0,,0.00,
tuto arbre a chat en bois flotte,,0,,0.00,
tuto arbre a chat en carton,,0,,0.00,
tuto arbre a chat en palette,,0,,0.00,
tuto arbre a chat facile,,0,,0.00,
tuto arbre a chat modern,,0,,0.00,
tuto arbre a chat naturel,,0,,0.00,
tuto arbre a chat palette,,0,,0.00,
tuto arbre a chat tonneau,,0,,0.00,
tuto arbre a chats solide,,0,,0.00,
tuto coller corde sur arbre a chat,,0,,0.00,
tuto comment fabriquer arbre a chat,,0,,0.00,
tuto comment fabriquer un arbre a chat facile,,0,,0.00,
tuto comment faire un arbre a chat,,0,,0.00,
tuto comment faire un arbre a chat facile grande taille,,0,,0.00,
tuto construire arbre a chat,,0,,0.00,
tuto construire arbre a chat en bois,,0,,0.00,
tuto construire son arbre a chat,,0,,0.00,
tuto construire un arbre a chat,,0,,0.00,
tuto creer un arbre a chat en carton,,0,,0.00,
tuto créer un arbre a chat solide,,0,,0.00,
tuto fabriquer arbre a chat,,0,,0.00,
tuto fabriquer arbre a chat branche,,0,,0.00,
tuto faire un arbre a chat,,0,,0.00,
tuto montage arbre a chat doggy and co 138cm,,0,,0.00,
tuto poteau arbre a chat,,0,,0.00,
tuto pour arbre a chat,,0,,0.00,
tuto pour fabriquer un arbre a chat,,0,,0.00,
tuto pour faire son arbre a chat sois meme,,0,,0.00,
tuto pour faire un arbre a chat,,0,,0.00,
tuto realiser arbre a chat cactus,,0,,0.00,
tuto reparer arbre a chat,,0,,0.00,
tuto youtube minecraft arbre a chat moderne,,0,,0.00,
tuto youtube minecraft arbre a chat moderne c,,0,,0.00,
tutoconstruire arbre a chat en bois,,0,,0.00,
tutoriel arbre a chat,,0,,0.00,
tutoriel arbre a chat a fabriquer soi meme,,0,,0.00,
tutoriel pour fabriquer un arbre a chat tuyau,,0,,0.00,
tuyau en bois pour arbre a chat,,0,,0.00,
tuyau pvc arbre a chat,,0,,0.00,
tuyau pvc arbre a chat plante,,0,,0.00,
tuyau pvc pour faire un arbre a chat,,0,,0.00,
tva arbre a chat,,0,,0.00,
type de tissu pour arbre a chat,,0,,0.00,
un arbre a chat a dessiner,,0,,0.00,
un arbre a chat est il,,0,,0.00,
un arbre a chat exterieur vitré,,0,,0.00,
un arbre a chat moins cher,,0,,0.00,
un arbre a chat pour chat lourd,,0,,0.00,
un arbre a chat pour grand chat,,0,,0.00,
un arbre a chat pour senior,,0,,0.00,
un arbre a chat évite t'il les betises pour chaton,,0,,0.00,
un arbre de chat a auchan,,0,,0.00,
un arbre de chat a intermarché,,0,,0.00,
un bon arbre a chat,,0,,0.00,
un chat peut il dormir dans un arbre a chat,,0,,0.00,
un chat qui grimpe a l'arbre,,0,,0.00,
unique arbre a chat,,0,,0.00,
unique arbre a chat 2m,,0,,0.00,
unique arbre a chat design,,0,,0.00,
urine arbre a a chat,,0,,0.00,
usage arbre a chat,,0,,0.00,
utiliser de vieux panier pour arbre a chat,,0,,0.00,
utilité arbre a chat,,0,,0.00,
vadigran arbre a chat,,0,,0.00,
valeriane arbre a chat,,0,,0.00,
veber arbre a chat,,0,,0.00,
vend arbre a chat,,0,,0.00,
vendre arbre a chat pour dropshipping,,0,,0.00,
vends un arbre a chat quasi neuf,,0,,0.00,
vente 40 arbre a chat,,0,,0.00,
vente arbre a chat a feuillage,,0,,0.00,
vente arbre a chat cc discount,,0,,0.00,
vente arbre a chat en belgique,,0,,0.00,
vente arbre a chat en bois et exotique,,0,,0.00,
vente arbre a chat exotique,,0,,0.00,
vente arbre a chat fait main,,0,,0.00,
vente arbre a chat katt3,,0,,0.00,
vente arbre a chat naturel,,0,,0.00,
vente arbre a chat occasion,,0,,0.00,
vente arbre a chat pas cher,,0,,0.00,
vente arbre a chats de qualite,,0,,0.00,
vente aux encheres france 2 arbre a chat fauteuil,,0,,0.00,
vente d'arbres a chat soldes,,0,,0.00,
vente en gros arbre a chat,,0,,0.00,
vente en ligne arbre a chat,,0,,0.00,
vente en ligne arbre a chat rose fuschia,,0,,0.00,
vente en ligne petit arbre a chat rose fuschia,,0,,0.00,
vente en ligne petit arbre a chat rose fushia,,0,,0.00,
vente flash arbre a chat,,0,,0.00,
vente piece arbre a chat allemagne,,0,,0.00,
vente prive arbre a chat,,0,,0.00,
vente privée arbre a chat,,0,,0.00,
ventes arbres a chat prix discount,,0,,0.00,
ventes arbres a chats cc discount,,0,,0.00,
ventes arbres a chats promos,,0,,0.00,
ver blanc arbre a chat,,0,,0.00,
veritable arbre a chat avec feuillage,,0,,0.00,
vers sur les arbres a chat,,0,,0.00,
versper arbre a chat,,0,,0.00,
vesle arbre a chat,,0,,0.00,
vesper arbre a chat box l,,0,,0.00,
vesper arbre a chat box s naturel,,0,,0.00,
vesper arbre a chat haut,,0,,0.00,
vesper arbre a chat moins cher,,0,,0.00,
vesper arbre a chat noir,,0,,0.00,
vesper arbre a chat noyer,,0,,0.00,
vesper arbre a chat pas chat,,0,,0.00,
vesper arbre a chat pas cher,,0,,0.00,
vesper arbre a chat promotion,,0,,0.00,
vesper arbre a chat v-high base black,,0,,0.00,
vesper cubo arbre a chat,,0,,0.00,
vesper design arbre a chat,,0,,0.00,
vesper fabriquant arbres a chat,,0,,0.00,
vetostore arbre a chat,,0,,0.00,
vgifi arbre a chat,,0,,0.00,
vidaxl arbre a chat 150,,0,,0.00,
vidaxl arbre a chat 150cm,,0,,0.00,
vidaxl arbre a chat dehoussable lavable,,0,,0.00,
video arbre a chat,,0,,0.00,
video arbre a chat c'est comme ça qu'on les cueille,,0,,0.00,
video chien sur arbre a chat,,0,,0.00,
video construction arbre a chat,,0,,0.00,
video fabriquer un arbre a chat efficace,,0,,0.00,
video fabriquer un arbre a chat facile,,0,,0.00,
video faire un arbre a chats en bois,,0,,0.00,
video maine coon joue arbre a chats,,0,,0.00,
video montage arbre a chat,,0,,0.00,
video montage arbre a chat gris,,0,,0.00,
video montage arbre a chat le magique,,0,,0.00,
video montage arbre a chat plumes et poils,,0,,0.00,
video montage arbre a chat vesper,,0,,0.00,
video montage arbre a chat vesper high base,,0,,0.00,
video poils et plumes arbre a chat,,0,,0.00,
video vent chat accroche a un arbre,,0,,0.00,
vidéo arbre a chat tank,,0,,0.00,
vieux chat arbre a chat,,0,,0.00,
vieux chats et arbre a chat,,0,,0.00,
vilaverde arbre a chat,,0,,0.00,
villa verde arbre a chat,,0,,0.00,
villa verde poteau arbre a chat 28x40,,0,,0.00,
village de noel original arbre a chat,,0,,0.00,
village rh arbre a chat,,0,,0.00,
villaverde brignais arbre a chat,,0,,0.00,
villaverde deols arbre a chat,,0,,0.00,
villaverde déols arbre a chat,,0,,0.00,
villaverde déols arbre a chat tarifs,,0,,0.00,
villaverde poteau sisal arbre a chat,,0,,0.00,
villeverde arbre a chat,,0,,0.00,
vilmorin luneville animaleries arbre a chat,,0,,0.00,
vinaigre cidre arbre a chat,,0,,0.00,
vinted et arbre a chats playmobil,,0,,0.00,
vis a bois pour arbre a chat,,0,,0.00,
vis double arbre a chat,,0,,0.00,
vis filetée arbre a chat,,0,,0.00,
vis pour arbre a chat double filetage,,0,,0.00,
vis pour arbre a chat double filetage 08x65mm,,0,,0.00,
vis pour poteau arbre a chat,,0,,0.00,
visserie arbre a chat,,0,,0.00,
vivastreet arbre a chat 22,,0,,0.00,
voir arbre a chats a carrefour,,0,,0.00,
voir chez botanic les arbres a chats,,0,,0.00,
voir fabrication arbre a chat en bois,,0,,0.00,
voir fravication arbre a chat en bois,,0,,0.00,
voir magazin pour arbre a chat,,0,,0.00,
voir modéles d'arbre a chat,,0,,0.00,
voir prix arbre a chats,,0,,0.00,
voss.minipet arbre a chat,,0,,0.00,
vrai arbre a chat design,,0,,0.00,
vrai arbre a chat exterieur,,0,,0.00,
vrai arbre pour arbre a chat,,0,,0.00,
vue eclatee arbre a chat avec legende,,0,,0.00,
véritable arbre a chat,,0,,0.00,
walk discount arbre a chat,,0,,0.00,
walk discount arbre a chat avis,,0,,0.00,
walk discount avis arbre a chat,,0,,0.00,
walkdiscount arbre a chat,,0,,0.00,
walkdiscount arbre a chat avis,,0,,0.00,
walkdiscount.com arbre a chat,,0,,0.00,
wamiz arbre a chat,,0,,0.00,
wanimo arbre a chat vesper,,0,,0.00,
wanimo arbres a chat,,0,,0.00,
wanimo.arbre a chat outdoor,,0,,0.00,
wanimoo arbre a chat,,0,,0.00,
wanthos arbre a chat,,0,,0.00,
wapa arbre a chat,,0,,0.00,
wellhome arbre a chat,,0,,0.00,
wellhome arbre a chat griffoir,,0,,0.00,
white tiger arbre a chat,,0,,0.00,
whois mon-arbre-a-chat.fr,,0,,0.00,
wikihow arbre a chat,,0,,0.00,
wish arbre a chat avec plateau large,,0,,0.00,
wish arbre a chat gros chat,,0,,0.00,
wish arbre a chats,,0,,0.00,
wish boutique arbre a chat,,0,,0.00,
www arbre a chat fr,,0,,0.00,
www.arbre-a-chat.fr,,0,,0.00,
www.habitat presto com arbre a chat,,0,,0.00,
xanthos arbre a chat,,0,,0.00,
yaheetech arbre a chat,,0,,0.21,
ying yang martin arbre a chat,,0,,0.00,
you tube arbre a chat,,0,,0.00,
you tube faire sois meme des arbres a chats,,0,,0.00,
youtube arbre a chat,,0,,0.00,
youtube arbre a chat exterieur,,0,,0.00,
youtube arbre a chat le magique,,0,,0.00,
youtube arbre a chat poils et plume,,0,,0.00,
youtube fabriquer un arbre a chat,,0,,0.00,
zanimo arbre a chat,,0,,0.00,
zanimo shop st andre les vergersvoir les arbre a chat,,0,,0.00,
zodio arbre a chat,,0,,0.00,
zolia arbre a chat fleurs,,0,,0.00,
zolux arbre a chat rose,,0,,0.00,
zolux scandy arbre a chat xl,,0,,0.00,
zoo plus arbre a chat bois,,0,,0.00,
zoo plus arbre a chat mural,,0,,0.00,
zoo plus arbre a chat xxl,,0,,0.00,
zoo plus arbres a chats,,0,,0.00,
zoo plus grand arbre a chat,,0,,0.00,
zoo plus pour arbre a chat,,0,,0.00,
zoolia arbre a chat,,0,,0.00,
zoolia arbre a chat kaipo,,0,,0.00,
zoolia arbre a chat kaipo ref 79843,,0,,0.00,
zoomalia arbre a chat kaipo ref 79843,,0,,0.00,
zoomalia arbre a chat taiga,,0,,0.00,
zooplus arbre a chat alicante,,0,,0.00,
zooplus arbre a chat banana,,0,,0.00,
zooplus arbre a chat banana leaf,,0,,0.00,
zooplus arbre a chat catherine,,0,,0.00,
zooplus arbre a chat dumbo,,0,,0.00,
zooplus arbre a chat elana,,0,,0.00,
zooplus arbre a chat exterieur,,0,,0.00,
zooplus arbre a chat fleur,,0,,0.00,
zooplus arbre a chat la digue,,0,,0.00,
zooplus arbre a chat la digue ii,,0,,0.00,
zooplus arbre a chat main coon,,0,,0.00,
zooplus arbre a chat mural,,0,,0.00,
zooplus arbre a chat naturel,,0,,0.00,
zooplus arbre a chat noir,,0,,0.00,
zooplus arbre a chat osier,,0,,0.00,
zooplus arbre a chat pain d'epice,,0,,0.00,
zooplus arbre a chat paradise,,0,,0.00,
zooplus arbre a chat paradise xl,,0,,0.00,
zooplus arbre a chat penelope,,0,,0.00,
zooplus arbre a chat raiponce,,0,,0.00,
zooplus arbre a chat tabouret,,0,,0.00,
zooplus arbre a chat vesper,,0,,0.00,
zooplus arbre a chats,,0,,0.00,
zooplus arbres a chat bois,,0,,0.00,
zooplus arbres a chats,,0,,0.00,
zooplus cuvette ronde qui s'adapte sur un arbre a chat,,0,,0.00,
zooplus cuvette ronde qui se fixe sur arbre a chat,,0,,0.00,
zooplus hamac pour arbre a chat,,0,,0.00,
zooplus pieces detachees arbre a chat,,0,,0.00,
zooplus pochette ronde pour arbre a chat,,0,,0.00,
zzofast arbre a chat xxl,,0,,0.00,
à chat qu un son arbre a chat,,0,,0.00,
échelle arbre a chat trixie,,0,,0.00,
élément pour arbre a chat,,0,,0.00,
élément réglable arbre a chat,,0,,0.00,
étagère transformée en arbre a chat,,0,,0.00,
étagères murales arbre a chat,,0,,0.00,
